-------------------------------------------------------------------------------
      name:  master3
       log:  /Users/santiago/Documents/GitHub/Observatorio-Desigualdad-Pobreza/
> Boletín 3/logs/master_boletin3_15Sep2026_1506.log
  log type:  text
 opened on:  15 Sep 2026, 15:06:50

. 
. display as text _n(2) "{hline 78}"


------------------------------------------------------------------------------

. display as text "BOLETIN 3 — corrida completa"
BOLETIN 3 — corrida completa

. display as text "Inicio: `c(current_date)' `c(current_time)'"
Inicio: 15 Sep 2026 15:06:50

. display as text "{hline 78}"
------------------------------------------------------------------------------

. 
. *----------------------------------------------------------------------------
> --*
. * Etapas de Stata
. *----------------------------------------------------------------------------
> --*
. local fallidas ""

. local ok_lista ""

. local etapa_rota ""

. 
. * Cada elemento es "etapa|ruta del do-file".
. * Las comillas van literales en el foreach: si la lista se guardara antes en 
> un
. * local, Stata las descartaria y partiria las rutas que tienen espacios.
. foreach tarea in ///
>     "armonizacion|`armoniz'/componentes/diseno_muestral.do" ///
>     "armonizacion|`analisis'/merge_informal.do" ///
>     "informalidad|`analisis'/analisis_descriptivo.do" ///
>     "ic|`analisis'/analisis_descriptivo_ic.do" ///
>     "pobreza|`pobreza'/run_all.do" ///
>     "homicidios|`homicidios'/graficos_homicidios_nna.do" {
  2. 
.     gettoken etapa resto : tarea, parse("|")
  3.     local archivo = substr("`resto'", 2, .)
  4.     local nombre = substr("`archivo'", strrpos("`archivo'", "/") + 1, .)
  5. 
.     if !`hacer_`etapa'' continue
  6. 
.     * Si un do-file anterior de la MISMA etapa fallo, no tiene sentido seguir
> :
.     * los que vienen despues dependen de el.
.     if "`etapa'" == "`etapa_rota'" {
  7.         display as text _n "--- `nombre': se omite (`etapa' ya fallo) ---"
  8.         continue
  9.     }
 10. 
.     display as text _n(2) "{hline 78}"
 11.     display as text ">>> [`etapa'] `nombre'   (`c(current_time)')"
 12.     display as text "{hline 78}"
 13. 
.     * Reloj de pared: "clear all" dentro de cada do-file borra los timers.
.     local t0 = clock("`c(current_date)' `c(current_time)'", "DMY hms")
 14.     capture noisily do "`archivo'"
 15.     local rc = _rc
 16.     local t1 = clock("`c(current_date)' `c(current_time)'", "DMY hms")
 17.     local seg = (`t1' - `t0') / 1000
 18. 
.     * Los do-files pueden dejar el directorio de trabajo en otro lado.
.     quietly cd "`dir_inicial'"
 19. 
.     if `rc' {
 20.         local es_opcional : list posof "`etapa'" in opcionales
 21.         if `es_opcional' {
 22.             display as error _n "[opcional] `nombre' fallo con r(`rc'). Se
>  continua."
 23.             local fallidas "`fallidas' `nombre'(opcional)"
 24.         }
 25.         else {
 26.             display as error _n "!!! `nombre' fallo con r(`rc')."
 27.             local fallidas "`fallidas' `nombre'"
 28.             local etapa_rota "`etapa'"
 29.         }
 30.     }
 31.     else {
 32.         display as result _n "OK  `nombre'  (" %6.1f `seg' " segundos)"
 33.         local ok_lista "`ok_lista' `nombre'"
 34.     }
 35. }


------------------------------------------------------------------------------
>>> [informalidad] analisis_descriptivo.do   (15:06:50)
------------------------------------------------------------------------------

. *------------------------------------------------------------------*
. * Merge ENEMDU informality datasets by id_persona and anio
. *------------------------------------------------------------------*
. * MODIFICADO: Se agregan etiquetas de valor (value labels) en los
. *             años 2001, 2006, 2014, 2020 y 2025 en todos los
. *             gráficos de serie de tiempo.
. *------------------------------------------------------------------*
. 
. clear all

. set more off

. 
. * Definición de rutas globales para acceder a las bases de datos
. global user_root "/Users/santiago/Library/CloudStorage/GoogleDrive-observator
> io.pobreza@flacso.edu.ec/Mi unidad"

. global bases "$user_root/Bases"

. global raw "$bases/ENEMDU/Procesadas/Armonizacion/Variables base/Mensuales"

. global salarios "$bases/Salarios"

. global variables_base "$user_root/Bases/ENEMDU/Procesadas/Armonizacion/Variab
> les base/Mensuales"

. global bases_armonizadas "$user_root/Bases/ENEMDU/Procesadas/analisis informa
> lidad/Santiago"

. global out_control "$user_root/Boletín 3/2. Armonización de variables/Gráfico
> s de control"

. global out_results "$user_root/Boletín 3/4. Resultados/informalidad"

. 
. cap mkdir "$out_results"

. cap mkdir "$out_results/Graficos"

. cap mkdir "$out_results/Tablas"

. 
. * Definición de variables importantes para análisis
. global important_variable informal1

. global important_variable2 informal2

. global important_variable3 informal2_sim

. global important_variable4 informal1_sim

. 
. * Años en los que se mostrarán etiquetas de valor en los gráficos
. global label_years 2001 2006 2014 2020 2025

. 
. * Cargar base de datos de trabajo
. use "$bases/ENEMDU/Procesadas/analisis informalidad/Santiago/base_trabajo.dta
> ", clear

. 
. * Generar obs de area antes del 2000
. replace area = 1 if area == .
(0 real changes made)

. 
. 
. * Definir lista de variables relevantes para análisis de informalidad
. local vars affiliated adec institucion_formal no_remunerado

. 
. * Generar tabulaciones de cada variable por año para control
. foreach var of local vars {
  2.     di "`var'"  
  3.     tab anio `var'
  4. }
affiliated

           |  Tenencia de seguro
           |     (armonizado)
      anio | No tiene   Tiene seg |     Total
-----------+----------------------+----------
      1990 |     9,184      4,895 |    14,079 
      1991 |    10,441      5,251 |    15,692 
      1992 |    10,360      5,542 |    15,902 
      1993 |    10,174      5,287 |    15,461 
      1994 |     9,917      5,192 |    15,109 
      1995 |     9,884      4,984 |    14,868 
      1996 |     9,483      5,310 |    14,793 
      1997 |     9,557      5,357 |    14,914 
      1998 |    11,330      5,162 |    16,492 
      1999 |    10,985      5,263 |    16,248 
      2000 |    19,943      6,092 |    26,035 
      2001 |    22,899      6,810 |    29,709 
      2002 |     7,474      2,831 |    10,305 
      2003 |    27,832      8,009 |    35,841 
      2004 |    30,825      8,761 |    39,586 
      2005 |    27,481      7,933 |    35,414 
      2006 |    30,196      7,973 |    38,169 
      2007 |    25,310      8,669 |    33,979 
      2008 |    24,532      9,194 |    33,726 
      2009 |    24,192      9,806 |    33,998 
      2010 |    24,044     11,188 |    35,232 
      2011 |    18,575     11,314 |    29,889 
      2012 |    19,013     12,780 |    31,793 
      2013 |    20,030     13,956 |    33,986 
      2014 |    29,015     22,241 |    51,256 
      2015 |    28,383     21,435 |    49,818 
      2016 |    30,638     21,821 |    52,459 
      2017 |    30,379     21,400 |    51,779 
      2018 |    15,935     12,262 |    28,197 
      2019 |    16,362     12,051 |    28,413 
      2020 |     8,715      5,693 |    14,408 
      2021 |     9,002      5,822 |    14,824 
      2022 |     8,250      5,767 |    14,017 
      2023 |     8,171      5,502 |    13,673 
      2024 |     8,009      5,418 |    13,427 
      2025 |     8,089      5,385 |    13,474 
-----------+----------------------+----------
     Total |   624,609    322,356 |   946,965 
adec

           |    Empleo adecuado
           | (umbral SBU vigente)
      anio |         0          1 |     Total
-----------+----------------------+----------
      1991 |     8,997      6,826 |    15,823 
      1992 |    11,042      4,944 |    15,986 
      1993 |    10,351      5,050 |    15,401 
      1994 |    11,090      4,052 |    15,142 
      1995 |     8,351      6,559 |    14,910 
      1996 |     7,701      7,320 |    15,021 
      1997 |     6,755      8,381 |    15,136 
      1998 |     8,548      8,313 |    16,861 
      1999 |     7,886      9,070 |    16,956 
      2000 |    14,615     11,327 |    25,942 
      2001 |    16,903     10,786 |    27,689 
      2002 |     4,474      5,955 |    10,429 
      2003 |    22,059     12,714 |    34,773 
      2004 |    24,309     13,484 |    37,793 
      2005 |    21,521     13,223 |    34,744 
      2006 |    22,345     13,924 |    36,269 
      2007 |    21,864     13,650 |    35,514 
      2008 |    21,138     14,314 |    35,452 
      2009 |    23,307     12,664 |    35,971 
      2010 |    22,203     14,701 |    36,904 
      2011 |    18,055     13,031 |    31,086 
      2012 |    19,203     13,831 |    33,034 
      2013 |    20,573     14,766 |    35,339 
      2014 |    30,042     23,098 |    53,140 
      2015 |    30,518     21,690 |    52,208 
      2016 |    34,597     20,306 |    54,903 
      2017 |    33,052     20,959 |    54,011 
      2018 |    17,509     11,748 |    29,257 
      2019 |    17,881     11,523 |    29,404 
      2020 |    10,283      4,984 |    15,267 
      2021 |     9,604      6,015 |    15,619 
      2022 |     8,458      6,175 |    14,633 
      2023 |     8,271      5,997 |    14,268 
      2024 |     8,304      5,695 |    13,999 
      2025 |     7,915      6,092 |    14,007 
-----------+----------------------+----------
     Total |   569,724    383,167 |   952,891 
institucion_formal

           |      Trabaja en
           |  institucion formal
      anio | No Instit  Instituci |     Total
-----------+----------------------+----------
      2001 |     7,677     22,136 |    29,813 
      2002 |     4,679      5,676 |    10,355 
      2003 |    18,787     12,601 |    31,388 
      2004 |    22,702     13,332 |    36,034 
      2005 |    19,079     12,845 |    31,924 
      2006 |    21,768     13,757 |    35,525 
      2007 |    16,745     12,289 |    29,034 
      2008 |    15,889     13,308 |    29,197 
      2009 |    16,164     12,974 |    29,138 
      2010 |    16,781     14,585 |    31,366 
      2011 |    13,609     12,651 |    26,260 
      2012 |    14,060     13,876 |    27,936 
      2013 |    15,359     14,447 |    29,806 
      2014 |    22,673     23,910 |    46,583 
      2015 |    21,912     23,569 |    45,481 
      2016 |    24,731     23,619 |    48,350 
      2017 |    23,911     24,399 |    48,310 
      2018 |    12,968     13,171 |    26,139 
      2019 |    13,039     13,170 |    26,209 
      2020 |     6,735      6,587 |    13,322 
      2021 |     6,412      7,593 |    14,005 
      2022 |     6,017      7,395 |    13,412 
      2023 |     6,251      6,947 |    13,198 
      2024 |     6,158      6,737 |    12,895 
      2025 |     5,911      6,869 |    12,780 
-----------+----------------------+----------
     Total |   360,017    338,443 |   698,460 
no_remunerado

           |     Trabajador no
           |      remunerado
           |     (armonizado)
      anio | Remunerad  Trabajado |     Total
-----------+----------------------+----------
      1990 |    13,366      1,039 |    14,405 
      1991 |    15,015      1,102 |    16,117 
      1992 |    15,503      1,189 |    16,692 
      1993 |    15,187      1,034 |    16,221 
      1994 |    14,789      1,000 |    15,789 
      1995 |    14,396      1,092 |    15,488 
      1996 |    14,693      1,083 |    15,776 
      1997 |    14,886        847 |    15,733 
      1998 |    16,567      1,243 |    17,810 
      1999 |    16,805      1,095 |    17,900 
      2000 |    21,543      5,745 |    27,288 
      2001 |    24,842      5,906 |    30,748 
      2002 |    24,797          2 |    24,799 
      2003 |    31,942      5,443 |    37,385 
      2004 |    33,804      7,328 |    41,132 
      2005 |    31,353      5,274 |    36,627 
      2006 |    31,826      7,578 |    39,404 
      2007 |    30,890      5,705 |    36,595 
      2008 |    31,038      4,744 |    35,782 
      2009 |    31,308      4,795 |    36,103 
      2010 |    32,486      4,530 |    37,016 
      2011 |    27,948      3,102 |    31,050 
      2012 |    29,360      3,612 |    32,972 
      2013 |    31,294      4,029 |    35,323 
      2014 |    46,223      7,521 |    53,744 
      2015 |    45,001      7,762 |    52,763 
      2016 |    46,307      9,844 |    56,151 
      2017 |    45,880      9,107 |    54,987 
      2018 |    25,387      4,051 |    29,438 
      2019 |    25,163      4,713 |    29,876 
      2020 |    12,787      2,554 |    15,341 
      2021 |    13,498      2,271 |    15,769 
      2022 |    12,962      1,692 |    14,654 
      2023 |    12,665      1,640 |    14,305 
      2024 |    12,443      1,534 |    13,977 
      2025 |    12,605      1,332 |    13,937 
-----------+----------------------+----------
     Total |   876,559    132,538 | 1,009,097 

. 
. 
. * Poner a todas las variables sobre el mismo denominador (ocupados en edad de
>  trabajar)
. 
. keep if edad >= 15
(634,233 observations deleted)

. 
. foreach var of varlist affiliated adec* no_remunerado institucion_formal {
  2. *       cap gen `var'_a = `var'
. *       replace `var'_a = . if inrange(condact, 5, 8) & anio <= 2006
. *       replace `var'_a = . if inlist(condactn, 0, 7, 8, 9) & anio >= 2007
.         
.         replace `var' = . if inrange(condact, 5, 8) & anio <= 2006
  3.         replace `var' = . if inlist(condactn, 0, 7, 8, 9) & anio >= 2007
  4.         
. }
(0 real changes made)
(0 real changes made)
(11,266 real changes made, 11,266 to missing)
(25,668 real changes made, 25,668 to missing)
(11,266 real changes made, 11,266 to missing)
(25,668 real changes made, 25,668 to missing)
(22,185 real changes made, 22,185 to missing)
(16,210 real changes made, 16,210 to missing)
(475 real changes made, 475 to missing)
(0 real changes made)

. 
. 
. * ============================================================
. **# INFORMALIDAD 1
. * ============================================================
. gen informal1 =  affiliated    == 0 | ///
>                                  adec               == 0 | ///
>                                  no_remunerado      == 1 

. replace informal1 = . if inlist(., affiliated, adec, no_remunerado)          
>                     
(586,555 real changes made, 586,555 to missing)

. 
. * ============================================================
. **# INFORMALIDAD 1 SIM
. * ============================================================
. gen informal1_sim = ///
>                                   affiliated    == 0 | ///
>                                   adec_sim           == 0 | ///
>                                   no_remunerado      == 1 

. replace informal1_sim = . if inlist(., affiliated, adec_sim, no_remunerado)  
>                             
(586,555 real changes made, 586,555 to missing)

. 
. * ============================================================
. **#  INFORMALIDAD 2
. * ============================================================
. gen informal2 =  affiliated    == 0 | ///
>                                  adec               == 0 | ///
>                                  no_remunerado      == 1 | ///
>                                  (institucion_formal == 0) 

. replace informal2 = . if inlist(., affiliated, adec,  institucion_formal, no_
> remunerado)
(816,048 real changes made, 816,048 to missing)

. 
. 
. 
. * ============================================================
. **#  INFORMALIDAD 2 SIM
. * ============================================================
. gen informal2_sim =  ///
>                                  affiliated        == 0 | ///
>                                  adec_sim               == 0 | ///
>                                  no_remunerado          == 1 | ///
>                                  (institucion_formal == 0) 

. replace informal2_sim = . if inlist(., affiliated, adec_sim,  institucion_for
> mal, no_remunerado)
(816,048 real changes made, 816,048 to missing)

. 
. * ===============================================================
. **# INFORMALIDAD CON Y SIN RUC 
. * ===============================================================
. 
. preserve

.     collapse (mean) informal1 informal2 if anio != 2002 [iw = fexp], by(anio)

.         export excel using "$out_results/Tablas/informal_con_y_sin_ruc.xlsx",
>  replace firstrow(var)
file /Users/santiago/Library/CloudStorage/GoogleDrive-observatorio.pobreza@flac
> so.edu.ec/Mi unidad/Boletín 3/4. Resultados/informalidad/Tablas/informal_con_
> y_sin_ruc.xlsx saved

.     replace informal1 = informal1 * 100
(34 real changes made)

.     replace informal2 = informal2 * 100
(24 real changes made)

.     format informal1 %9.2f

.     format informal2 %9.2f

. 
.     * --- Etiquetas de valor solo en años seleccionados ---
.     gen lbl_informal1 = informal1 if inlist(anio, 2001, 2006, 2014, 2020, 202
> 5)
(30 missing values generated)

.     gen lbl_informal2 = informal2 if inlist(anio, 2001, 2006, 2014, 2020, 202
> 5)
(30 missing values generated)

.     format lbl_informal1 %9.1f

.     format lbl_informal2 %9.1f

. 
.     twoway (connected informal1 anio, lcolor(navy) mcolor(navy)) /// 
>                (connected informal2 anio if anio >= 2001, lcolor(maroon) mcol
> or(maroon)) ///
>                (scatter lbl_informal1 anio, msymbol(none) ///
>                     mlabel(lbl_informal1) mlabposition(12) mlabcolor(navy) ml
> absize(small)) ///
>                (scatter lbl_informal2 anio if anio >= 2001, msymbol(none) ///
>                     mlabel(lbl_informal2) mlabposition(6) mlabcolor(maroon) m
> labsize(small)), ///
>                    legend(order(1 "Informalidad sin criterio RUC" 2 "Informal
> idad con criterio RUC") position(6) ring(1)) ///
>            yscale(range(50 100)) ylabel(50(10)100, format(%9.0f)) ///
>            xscale(range(1990 2025)) xlabel(1990(2)2025, angle(90)) ///
>            ytitle("Informalidad (%)") ///
>            xtitle("") ///
>            xline(2000, lpattern(dash) lcolor(gray)) ///
>            name(informal_con_y_sin_ruc, replace)

.     graph export "$out_results/Graficos/informal_con_y_sin_ruc.png", replace 
> width(3000)
file /Users/santiago/Library/CloudStorage/GoogleDrive-observatorio.pobreza@flac
> so.edu.ec/Mi unidad/Boletín 3/4. Resultados/informalidad/Graficos/informal_co
> n_y_sin_ruc.png written in PNG format

. restore

. 
. 
. 
. *------------------------------------------------------------------*
. * Gráfico de serie de tiempo: Componentes de informal2
. *------------------------------------------------------------------*
. * Componentes de informal2:
. *   - affiliated == 0  (no afiliado al IESS)
. *   - adec == 0             (sin condiciones adecuadas)
. *   - no_remunerado == 1    (trabajador no remunerado)
. *   - tiene_ruc == 0        (no tiene RUC)
. *------------------------------------------------------------------*
. 
. * Generar variables dummy de cada componente (en %), respetando los missing
. gen     comp_no_iess     = (affiliated == 0) * 100 if !missing(affiliated)
(572,178 missing values generated)

. gen     comp_no_adec     = (adec == 0)             * 100 if !missing(adec)
(586,494 missing values generated)

. gen     comp_no_remun    = (no_remunerado == 1)    * 100 if !missing(no_remun
> erado)
(572,120 missing values generated)

. gen     comp_no_ruc      = (institucion_formal == 0)        * 100 if !missing
> (institucion_formal)
(815,817 missing values generated)

. 
. label var comp_no_iess  "No afiliado al IESS"

. label var comp_no_adec  "No tiene condiciones adecuadas (adec=0)"

. label var comp_no_remun "Trabajador no remunerado"

. label var comp_no_ruc   "No tiene RUC"

. 
. *------------------------------------------------------------------*
. * Colapsar por año usando el factor de expansión (fexp)
. * Si tu factor de expansión tiene otro nombre, reemplaza fexp por el
. * correspondiente (p. ej. fexp_pob, fac_expan, etc.)
. 
. * ===============================================================
. **# INFORMALIDAD  Y SUS COMPONENTES
. * ===============================================================
. 
. preserve

.     collapse (mean) comp_no_adec comp_no_remun comp_no_iess comp_no_ruc ///
>              informal1 informal2 [iw=fexp] if anio != 2002, by(anio)

.     replace informal1 = informal1 * 100
(34 real changes made)

.     replace informal2 = informal2 * 100
(24 real changes made)

.     export excel using "$out_results/Tablas/Informalidad_y_componentes.xlsx",
>  firstrow(var) replace
file /Users/santiago/Library/CloudStorage/GoogleDrive-observatorio.pobreza@flac
> so.edu.ec/Mi unidad/Boletín 3/4. Resultados/informalidad/Tablas/Informalidad_
> y_componentes.xlsx saved

. 
.     * Create a single combined series
.     gen informal_combined = informal1 if anio <= 1999
(26 missing values generated)

.     replace informal_combined = informal2 if anio >= 2000
(24 real changes made)

. 
.     * --- Etiquetas de valor solo en años seleccionados ---
.     gen lbl_inf_comb = informal_combined if inlist(anio, 1991, 1995, 1999, 20
> 01, 2006, 2014, 2020, 2025)
(27 missing values generated)

.     gen lbl_no_iess  = comp_no_iess      if inlist(anio, 1991, 1995, 1999, 20
> 01, 2006, 2014, 2020, 2025)
(27 missing values generated)

.     gen lbl_no_remun = comp_no_remun     if inlist(anio, 1991, 1995, 1999, 20
> 01, 2006, 2014, 2020, 2025)
(27 missing values generated)

.     gen lbl_no_ruc   = comp_no_ruc       if inlist(anio, 1991, 1995, 1999, 20
> 01, 2006, 2014, 2020, 2025)
(30 missing values generated)

.     format lbl_inf_comb lbl_no_iess lbl_no_remun lbl_no_ruc %9.1f

. 
.     twoway ///
>         (connected informal_combined anio, msymbol(O) lwidth(medium) lcolor(n
> avy) mcolor(navy) msize(small)) ///
>         (scatteri 0 1999 100 1999, recast(line) lpattern(dash) lcolor(gs8) lw
> idth(thin)) ///
>         (scatter lbl_inf_comb anio, msymbol(none) mlabel(lbl_inf_comb) ///
>              mlabposition(12) mlabcolor(navy) mlabsize(small)), ///
>         ytitle("") xtitle("") ///
>         title("Panel A. Informalidad", size(medium)) ///
>         ylabel(0(20)100, angle(0) grid labsize(small)) ///
>         xlabel(1991(2)2025, angle(90) labsize(small)) ///
>         xscale(range(1990 2025)) ///
>         legend(off) graphregion(color(white)) plotregion(color(white)) scheme
> (s2color)

.     graph save "$out_results/Graficos/panel_informal.gph", replace
file /Users/santiago/Library/CloudStorage/GoogleDrive-observatorio.pobreza@flac
> so.edu.ec/Mi unidad/Boletín 3/4. Resultados/informalidad/Graficos/panel_infor
> mal.gph saved

. 
.     twoway ///
>         (connected comp_no_adec  anio, msymbol(O) lwidth(medium) lcolor(cranb
> erry)  mcolor(cranberry)  msize(small)) ///
>         (connected comp_no_remun anio, msymbol(O) lwidth(medium) lcolor(teal)
>        mcolor(teal)       msize(small)) ///
>         (connected comp_no_iess  anio, msymbol(O) lwidth(medium) lcolor(navy)
>       mcolor(navy)      msize(small)) ///
>         (connected comp_no_ruc   anio, msymbol(O) lwidth(medium) lcolor(orang
> e)     mcolor(orange)     msize(small)) ///
>         (scatteri 0 1999 100 1999, recast(line) lpattern(dash) lcolor(gs8) lw
> idth(thin)) ///
>         (scatter lbl_no_iess  anio, msymbol(none) mlabel(lbl_no_iess)  mlabpo
> sition(12) mlabcolor(navy)      mlabsize(vsmall)) ///
>         (scatter lbl_no_remun anio, msymbol(none) mlabel(lbl_no_remun) mlabpo
> sition(6)  mlabcolor(teal)      mlabsize(vsmall)) ///
>         (scatter lbl_no_ruc   anio, msymbol(none) mlabel(lbl_no_ruc)   mlabpo
> sition(6)  mlabcolor(orange)    mlabsize(vsmall)), ///
>         ytitle("") xtitle("") ///
>         title("Panel B. Componentes", size(medium)) ///
>         ylabel(0(20)100, angle(0) grid labsize(small)) ///
>         xlabel(1991(2)2025, angle(90) labsize(small)) ///
>         xscale(range(1990 2025)) ///
>                 legend(order(1 "No adecuado" 2 "No remunerado" 3 "No IESS" 4 
> "No RUC") ///
>                rows(1) size(small) position(6)) ///
>         graphregion(color(white)) plotregion(color(white)) scheme(s2color)

.     graph save "$out_results/Graficos/panel_componentes.gph", replace
file /Users/santiago/Library/CloudStorage/GoogleDrive-observatorio.pobreza@flac
> so.edu.ec/Mi unidad/Boletín 3/4. Resultados/informalidad/Graficos/panel_compo
> nentes.gph saved

. 
.     graph combine ///
>         "$out_results/Graficos/panel_informal.gph"     ///
>         "$out_results/Graficos/panel_componentes.gph", ///
>         cols(1) ycommon ///
>         note("Fuente: ENEMDU. Elaboración propia.") ///
>         graphregion(color(white)) ///
>                 name(inf_y_comps, replace)

.                 
.                 
.     graph export "$out_results/Graficos/Informalidad_y_componentes.png", repl
> ace height(1900)
file /Users/santiago/Library/CloudStorage/GoogleDrive-observatorio.pobreza@flac
> so.edu.ec/Mi unidad/Boletín 3/4. Resultados/informalidad/Graficos/Informalida
> d_y_componentes.png written in PNG format

.     graph export "$out_results/Graficos/Informalidad_y_componentes.pdf", repl
> ace
file
    /Users/santiago/Library/CloudStorage/GoogleDrive-observatorio.pobreza@fla
    > cso.edu.ec/Mi unidad/Boletín 3/4.
    Resultados/informalidad/Graficos/Informalidad_y_componentes.pdf saved as
    PDF format

. restore

. 
. 
. * ===============================================================
. **# INFORMALIDAD  Y SUS COMPONENTES POR SEXO
. * ===============================================================
. 
. 
. preserve

.     collapse (mean) comp_no_iess comp_no_adec comp_no_remun comp_no_ruc ///
>              informal1 informal2 [iw=fexp] if anio != 2002, by(anio sexo) 

.                          
.     replace informal1 = informal1 * 100
(68 real changes made)

.     replace informal2 = informal2 * 100
(48 real changes made)

.     export excel using "$out_results/Tablas/Informalidad_y_componentes_sexo.x
> lsx", firstrow(var) replace
file /Users/santiago/Library/CloudStorage/GoogleDrive-observatorio.pobreza@flac
> so.edu.ec/Mi unidad/Boletín 3/4. Resultados/informalidad/Tablas/Informalidad_
> y_componentes_sexo.xlsx saved

. 
.     gen informal_combined = informal1 if anio <= 1999
(51 missing values generated)

.     replace informal_combined = informal2 if anio >= 2000
(48 real changes made)

. 
.     * --- Etiquetas de valor solo en años seleccionados ---
.     gen lbl_inf_comb = informal_combined if inlist(anio, 2001, 2006, 2014, 20
> 20, 2025)
(59 missing values generated)

.     gen lbl_no_iess  = comp_no_iess      if inlist(anio, 2001, 2006, 2014, 20
> 20, 2025)
(59 missing values generated)

.     gen lbl_no_adec  = comp_no_adec      if inlist(anio, 2001, 2006, 2014, 20
> 20, 2025)
(59 missing values generated)

.     gen lbl_no_remun = comp_no_remun     if inlist(anio, 2001, 2006, 2014, 20
> 20, 2025)
(59 missing values generated)

.     gen lbl_no_ruc   = comp_no_ruc       if inlist(anio, 2001, 2006, 2014, 20
> 20, 2025)
(59 missing values generated)

.     format lbl_inf_comb lbl_no_iess lbl_no_adec lbl_no_remun lbl_no_ruc %9.1f

. 
.     * --- Panel A: Informalidad – Hombres ---
.     twoway ///
>         (connected informal_combined anio if sexo == 1, msymbol(O) lwidth(med
> ium) lcolor(navy) mcolor(navy) msize(small)) ///
>         (scatteri 0 1999 100 1999, recast(line) lpattern(dash) lcolor(gs8) lw
> idth(thin)) ///
>         (scatter lbl_inf_comb anio if sexo == 1, msymbol(none) mlabel(lbl_inf
> _comb) ///
>              mlabposition(12) mlabcolor(navy) mlabsize(small)), ///
>         ytitle("") xtitle("") ///
>         title("Panel A. Informalidad – Hombres", size(medium)) ///
>         ylabel(0(20)100, angle(0) grid labsize(small)) ///
>         xlabel(1991(2)2025, angle(90) labsize(small)) ///
>         xscale(range(1990 2025)) ///
>         legend(off) graphregion(color(white)) plotregion(color(white)) scheme
> (s2color)

.     graph save "$out_results/Graficos/panel_informal_hombres.gph", replace
file /Users/santiago/Library/CloudStorage/GoogleDrive-observatorio.pobreza@flac
> so.edu.ec/Mi unidad/Boletín 3/4. Resultados/informalidad/Graficos/panel_infor
> mal_hombres.gph saved

. 
.     * --- Panel B: Informalidad – Mujeres ---
.     twoway ///
>         (connected informal_combined anio if sexo == 2, msymbol(O) lwidth(med
> ium) lcolor(cranberry) mcolor(cranberry) msize(small)) ///
>         (scatteri 0 1999 100 1999, recast(line) lpattern(dash) lcolor(gs8) lw
> idth(thin)) ///
>         (scatter lbl_inf_comb anio if sexo == 2, msymbol(none) mlabel(lbl_inf
> _comb) ///
>              mlabposition(12) mlabcolor(cranberry) mlabsize(small)), ///
>         ytitle("") xtitle("") ///
>         title("Panel B. Informalidad – Mujeres", size(medium)) ///
>         ylabel(0(20)100, angle(0) grid labsize(small)) ///
>         xlabel(1991(2)2025, angle(90) labsize(small)) ///
>         xscale(range(1990 2025)) ///
>         legend(off) graphregion(color(white)) plotregion(color(white)) scheme
> (s2color)

.     graph save "$out_results/Graficos/panel_informal_mujeres.gph", replace
file /Users/santiago/Library/CloudStorage/GoogleDrive-observatorio.pobreza@flac
> so.edu.ec/Mi unidad/Boletín 3/4. Resultados/informalidad/Graficos/panel_infor
> mal_mujeres.gph saved

. 
.     * --- Panel C: Componentes – Hombres ---
.     twoway ///
>         (connected comp_no_adec  anio if sexo == 1, msymbol(O) lwidth(medium)
>  lcolor(cranberry)  mcolor(cranberry)  msize(small)) ///
>         (connected comp_no_remun anio if sexo == 1, msymbol(O) lwidth(medium)
>  lcolor(teal)       mcolor(teal)       msize(small)) ///
>         (connected comp_no_iess  anio if sexo == 1, msymbol(O) lwidth(medium)
>  lcolor(navy)      mcolor(navy)      msize(small)) ///
>         (connected comp_no_ruc   anio if sexo == 1, msymbol(O) lwidth(medium)
>  lcolor(orange)     mcolor(orange)     msize(small)) ///
>         (scatteri 0 1999 100 1999, recast(line) lpattern(dash) lcolor(gs8) lw
> idth(thin)) ///
>         (scatter lbl_no_iess  anio if sexo == 1, msymbol(none) mlabel(lbl_no_
> iess)  mlabposition(12) mlabcolor(navy)      mlabsize(vsmall)) ///
>         (scatter lbl_no_adec  anio if sexo == 1, msymbol(none) mlabel(lbl_no_
> adec)  mlabposition(12) mlabcolor(cranberry) mlabsize(vsmall)) ///
>         (scatter lbl_no_remun anio if sexo == 1, msymbol(none) mlabel(lbl_no_
> remun) mlabposition(6)  mlabcolor(teal)      mlabsize(vsmall)) ///
>         (scatter lbl_no_ruc   anio if sexo == 1, msymbol(none) mlabel(lbl_no_
> ruc)   mlabposition(6)  mlabcolor(orange)    mlabsize(vsmall)), ///
>         ytitle("") xtitle("") ///
>         title("Panel C. Componentes – Hombres", size(medium)) ///
>         ylabel(0(20)100, angle(0) grid labsize(small)) ///
>         xlabel(1991(2)2025, angle(90) labsize(small)) ///
>         xscale(range(1990 2025)) ///
>         legend(order(1 "No IESS" 2 "No adecuado" 3 "No remunerado" 4 "No RUC"
> ) ///
>                rows(1) size(small) position(6)) ///
>         graphregion(color(white)) plotregion(color(white)) scheme(s2color)

.     graph save "$out_results/Graficos/panel_componentes_hombres.gph", replace
file /Users/santiago/Library/CloudStorage/GoogleDrive-observatorio.pobreza@flac
> so.edu.ec/Mi unidad/Boletín 3/4. Resultados/informalidad/Graficos/panel_compo
> nentes_hombres.gph saved

. 
.     * --- Panel D: Componentes – Mujeres ---
.     twoway ///
>         (connected comp_no_iess  anio if sexo == 2, msymbol(O) lwidth(medium)
>  lcolor(navy)      mcolor(navy)      msize(small)) ///
>         (connected comp_no_adec  anio if sexo == 2, msymbol(O) lwidth(medium)
>  lcolor(cranberry)  mcolor(cranberry)  msize(small)) ///
>         (connected comp_no_remun anio if sexo == 2, msymbol(O) lwidth(medium)
>  lcolor(teal)       mcolor(teal)       msize(small)) ///
>         (connected comp_no_ruc   anio if sexo == 2, msymbol(O) lwidth(medium)
>  lcolor(orange)     mcolor(orange)     msize(small)) ///
>         (scatteri 0 1999 100 1999, recast(line) lpattern(dash) lcolor(gs8) lw
> idth(thin)) ///
>         (scatter lbl_no_iess  anio if sexo == 2, msymbol(none) mlabel(lbl_no_
> iess)  mlabposition(12) mlabcolor(navy)      mlabsize(vsmall)) ///
>         (scatter lbl_no_adec  anio if sexo == 2, msymbol(none) mlabel(lbl_no_
> adec)  mlabposition(12) mlabcolor(cranberry) mlabsize(vsmall)) ///
>         (scatter lbl_no_remun anio if sexo == 2, msymbol(none) mlabel(lbl_no_
> remun) mlabposition(6)  mlabcolor(teal)      mlabsize(vsmall)) ///
>         (scatter lbl_no_ruc   anio if sexo == 2, msymbol(none) mlabel(lbl_no_
> ruc)   mlabposition(6)  mlabcolor(orange)    mlabsize(vsmall)), ///
>         ytitle("") xtitle("") ///
>         title("Panel D. Componentes – Mujeres", size(medium)) ///
>         ylabel(0(20)100, angle(0) grid labsize(small)) ///
>         xlabel(1991(2)2025, angle(90) labsize(small)) ///
>         xscale(range(1990 2025)) ///
>         legend(order(1 "No IESS" 2 "No adecuado" 3 "No remunerado" 4 "No RUC"
> ) ///
>                rows(1) size(small) position(6)) ///
>         graphregion(color(white)) plotregion(color(white)) scheme(s2color) //
> /
>                 name(inf_y_comps_sexo, replace)

.                 
.                 
.     graph save "$out_results/Graficos/panel_componentes_mujeres.gph", replace
file /Users/santiago/Library/CloudStorage/GoogleDrive-observatorio.pobreza@flac
> so.edu.ec/Mi unidad/Boletín 3/4. Resultados/informalidad/Graficos/panel_compo
> nentes_mujeres.gph saved

. 
.     * --- Combine: 2x2 grid (men left, women right) ---
.     graph combine ///
>         "$out_results/Graficos/panel_informal_hombres.gph"     ///
>         "$out_results/Graficos/panel_informal_mujeres.gph"     ///
>         "$out_results/Graficos/panel_componentes_hombres.gph"  ///
>         "$out_results/Graficos/panel_componentes_mujeres.gph", ///
>         cols(2) ycommon ///
>         note("Fuente: ENEMDU. Elaboración propia.") ///
>         graphregion(color(white))

.     graph export "$out_results/Graficos/Informalidad_y_componentes_sexo.png",
>  replace height(1900)
file /Users/santiago/Library/CloudStorage/GoogleDrive-observatorio.pobreza@flac
> so.edu.ec/Mi unidad/Boletín 3/4. Resultados/informalidad/Graficos/Informalida
> d_y_componentes_sexo.png written in PNG format

.     graph export "$out_results/Graficos/Informalidad_y_componentes_sexo.pdf",
>  replace
file
    /Users/santiago/Library/CloudStorage/GoogleDrive-observatorio.pobreza@fla
    > cso.edu.ec/Mi unidad/Boletín 3/4.
    Resultados/informalidad/Graficos/Informalidad_y_componentes_sexo.pdf
    saved as PDF format

. restore

. 
. 
. * ===============================================================
. **# INFORMALIDAD  Y SUS COMPONENTES POR AREA
. * ===============================================================
. * Nota: antes de 2000 la ENEMDU es solo urbana (area == 1), por lo que
. *       las series rurales inician en 2000.
. 
. preserve

.     collapse (mean) comp_no_iess comp_no_adec comp_no_remun comp_no_ruc ///
>              informal1 informal2 [iw=fexp] if anio != 2002, by(anio area)

. 
.     replace informal1 = informal1 * 100
(59 real changes made)

.     replace informal2 = informal2 * 100
(48 real changes made)

.     export excel using "$out_results/Tablas/Informalidad_y_componentes_area.x
> lsx", firstrow(var) replace
file /Users/santiago/Library/CloudStorage/GoogleDrive-observatorio.pobreza@flac
> so.edu.ec/Mi unidad/Boletín 3/4. Resultados/informalidad/Tablas/Informalidad_
> y_componentes_area.xlsx saved

. 
.     gen informal_combined = informal1 if anio <= 1999
(51 missing values generated)

.     replace informal_combined = informal2 if anio >= 2000
(48 real changes made)

. 
.     * --- Etiquetas de valor solo en años seleccionados ---
.     gen lbl_inf_comb = informal_combined if inlist(anio, 2001, 2006, 2014, 20
> 20, 2025)
(50 missing values generated)

.     gen lbl_no_iess  = comp_no_iess      if inlist(anio, 2001, 2006, 2014, 20
> 20, 2025)
(50 missing values generated)

.     gen lbl_no_adec  = comp_no_adec      if inlist(anio, 2001, 2006, 2014, 20
> 20, 2025)
(50 missing values generated)

.     gen lbl_no_remun = comp_no_remun     if inlist(anio, 2001, 2006, 2014, 20
> 20, 2025)
(50 missing values generated)

.     gen lbl_no_ruc   = comp_no_ruc       if inlist(anio, 2001, 2006, 2014, 20
> 20, 2025)
(50 missing values generated)

.     format lbl_inf_comb lbl_no_iess lbl_no_adec lbl_no_remun lbl_no_ruc %9.1f

. 
.     * --- Panel A: Informalidad – Urbano ---
.     twoway ///
>         (connected informal_combined anio if area == 1, msymbol(O) lwidth(med
> ium) lcolor(navy) mcolor(navy) msize(small)) ///
>         (scatteri 0 1999 100 1999, recast(line) lpattern(dash) lcolor(gs8) lw
> idth(thin)) ///
>         (scatter lbl_inf_comb anio if area == 1, msymbol(none) mlabel(lbl_inf
> _comb) ///
>              mlabposition(12) mlabcolor(navy) mlabsize(small)), ///
>         ytitle("") xtitle("") ///
>         title("Panel A. Informalidad – Urbano", size(medium)) ///
>         ylabel(0(20)100, angle(0) grid labsize(small)) ///
>         xlabel(1991(2)2025, angle(90) labsize(small)) ///
>         xscale(range(1990 2025)) ///
>         legend(off) graphregion(color(white)) plotregion(color(white)) scheme
> (s2color)

.     graph save "$out_results/Graficos/panel_informal_urbano.gph", replace
file /Users/santiago/Library/CloudStorage/GoogleDrive-observatorio.pobreza@flac
> so.edu.ec/Mi unidad/Boletín 3/4. Resultados/informalidad/Graficos/panel_infor
> mal_urbano.gph saved

. 
.     * --- Panel B: Informalidad – Rural ---
.     twoway ///
>         (connected informal_combined anio if area == 2, msymbol(O) lwidth(med
> ium) lcolor(forest_green) mcolor(forest_green) msize(small)) ///
>         (scatteri 0 1999 100 1999, recast(line) lpattern(dash) lcolor(gs8) lw
> idth(thin)) ///
>         (scatter lbl_inf_comb anio if area == 2, msymbol(none) mlabel(lbl_inf
> _comb) ///
>              mlabposition(12) mlabcolor(forest_green) mlabsize(small)), ///
>         ytitle("") xtitle("") ///
>         title("Panel B. Informalidad – Rural", size(medium)) ///
>         ylabel(0(20)100, angle(0) grid labsize(small)) ///
>         xlabel(1991(2)2025, angle(90) labsize(small)) ///
>         xscale(range(1990 2025)) ///
>         legend(off) graphregion(color(white)) plotregion(color(white)) scheme
> (s2color)

.     graph save "$out_results/Graficos/panel_informal_rural.gph", replace
file /Users/santiago/Library/CloudStorage/GoogleDrive-observatorio.pobreza@flac
> so.edu.ec/Mi unidad/Boletín 3/4. Resultados/informalidad/Graficos/panel_infor
> mal_rural.gph saved

. 
.     * --- Panel C: Componentes – Urbano ---
.     twoway ///
>         (connected comp_no_iess  anio if area == 1, msymbol(O) lwidth(medium)
>  lcolor(navy)      mcolor(navy)      msize(small)) ///
>         (connected comp_no_adec  anio if area == 1, msymbol(O) lwidth(medium)
>  lcolor(cranberry) mcolor(cranberry) msize(small)) ///
>         (connected comp_no_remun anio if area == 1, msymbol(O) lwidth(medium)
>  lcolor(teal)      mcolor(teal)      msize(small)) ///
>         (connected comp_no_ruc   anio if area == 1, msymbol(O) lwidth(medium)
>  lcolor(orange)    mcolor(orange)    msize(small)) ///
>         (scatteri 0 1999 100 1999, recast(line) lpattern(dash) lcolor(gs8) lw
> idth(thin)) ///
>         (scatter lbl_no_iess  anio if area == 1, msymbol(none) mlabel(lbl_no_
> iess)  mlabposition(12) mlabcolor(navy)      mlabsize(vsmall)) ///
>         (scatter lbl_no_adec  anio if area == 1, msymbol(none) mlabel(lbl_no_
> adec)  mlabposition(12) mlabcolor(cranberry) mlabsize(vsmall)) ///
>         (scatter lbl_no_remun anio if area == 1, msymbol(none) mlabel(lbl_no_
> remun) mlabposition(6)  mlabcolor(teal)      mlabsize(vsmall)) ///
>         (scatter lbl_no_ruc   anio if area == 1, msymbol(none) mlabel(lbl_no_
> ruc)   mlabposition(6)  mlabcolor(orange)    mlabsize(vsmall)), ///
>         ytitle("") xtitle("") ///
>         title("Panel C. Componentes – Urbano", size(medium)) ///
>         ylabel(0(20)100, angle(0) grid labsize(small)) ///
>         xlabel(1991(2)2025, angle(90) labsize(small)) ///
>         xscale(range(1990 2025)) ///
>         legend(order(1 "No IESS" 2 "No adecuado" 3 "No remunerado" 4 "No RUC"
> ) ///
>                rows(1) size(small) position(6)) ///
>         graphregion(color(white)) plotregion(color(white)) scheme(s2color)

.     graph save "$out_results/Graficos/panel_componentes_urbano.gph", replace
file /Users/santiago/Library/CloudStorage/GoogleDrive-observatorio.pobreza@flac
> so.edu.ec/Mi unidad/Boletín 3/4. Resultados/informalidad/Graficos/panel_compo
> nentes_urbano.gph saved

. 
.     * --- Panel D: Componentes – Rural ---
.     twoway ///
>         (connected comp_no_iess  anio if area == 2, msymbol(O) lwidth(medium)
>  lcolor(navy)      mcolor(navy)      msize(small)) ///
>         (connected comp_no_adec  anio if area == 2, msymbol(O) lwidth(medium)
>  lcolor(cranberry) mcolor(cranberry) msize(small)) ///
>         (connected comp_no_remun anio if area == 2, msymbol(O) lwidth(medium)
>  lcolor(teal)      mcolor(teal)      msize(small)) ///
>         (connected comp_no_ruc   anio if area == 2, msymbol(O) lwidth(medium)
>  lcolor(orange)    mcolor(orange)    msize(small)) ///
>         (scatteri 0 1999 100 1999, recast(line) lpattern(dash) lcolor(gs8) lw
> idth(thin)) ///
>         (scatter lbl_no_iess  anio if area == 2, msymbol(none) mlabel(lbl_no_
> iess)  mlabposition(12) mlabcolor(navy)      mlabsize(vsmall)) ///
>         (scatter lbl_no_adec  anio if area == 2, msymbol(none) mlabel(lbl_no_
> adec)  mlabposition(12) mlabcolor(cranberry) mlabsize(vsmall)) ///
>         (scatter lbl_no_remun anio if area == 2, msymbol(none) mlabel(lbl_no_
> remun) mlabposition(6)  mlabcolor(teal)      mlabsize(vsmall)) ///
>         (scatter lbl_no_ruc   anio if area == 2, msymbol(none) mlabel(lbl_no_
> ruc)   mlabposition(6)  mlabcolor(orange)    mlabsize(vsmall)), ///
>         ytitle("") xtitle("") ///
>         title("Panel D. Componentes – Rural", size(medium)) ///
>         ylabel(0(20)100, angle(0) grid labsize(small)) ///
>         xlabel(1991(2)2025, angle(90) labsize(small)) ///
>         xscale(range(1990 2025)) ///
>         legend(order(1 "No IESS" 2 "No adecuado" 3 "No remunerado" 4 "No RUC"
> ) ///
>                rows(1) size(small) position(6)) ///
>         graphregion(color(white)) plotregion(color(white)) scheme(s2color) //
> /
>         name(inf_y_comps_area, replace)

. 
.     graph save "$out_results/Graficos/panel_componentes_rural.gph", replace
file /Users/santiago/Library/CloudStorage/GoogleDrive-observatorio.pobreza@flac
> so.edu.ec/Mi unidad/Boletín 3/4. Resultados/informalidad/Graficos/panel_compo
> nentes_rural.gph saved

. 
.     * --- Combine: 2x2 grid (urbano izquierda, rural derecha) ---
.     graph combine ///
>         "$out_results/Graficos/panel_informal_urbano.gph"     ///
>         "$out_results/Graficos/panel_informal_rural.gph"      ///
>         "$out_results/Graficos/panel_componentes_urbano.gph"  ///
>         "$out_results/Graficos/panel_componentes_rural.gph",  ///
>         cols(2) ycommon ///
>         note("Fuente: ENEMDU. Elaboración propia. Nota: la cobertura rural in
> icia en 2000.") ///
>         graphregion(color(white))

.     graph export "$out_results/Graficos/Informalidad_y_componentes_area.png",
>  replace height(1900)
file /Users/santiago/Library/CloudStorage/GoogleDrive-observatorio.pobreza@flac
> so.edu.ec/Mi unidad/Boletín 3/4. Resultados/informalidad/Graficos/Informalida
> d_y_componentes_area.png written in PNG format

.     graph export "$out_results/Graficos/Informalidad_y_componentes_area.pdf",
>  replace
file
    /Users/santiago/Library/CloudStorage/GoogleDrive-observatorio.pobreza@fla
    > cso.edu.ec/Mi unidad/Boletín 3/4.
    Resultados/informalidad/Graficos/Informalidad_y_componentes_area.pdf
    saved as PDF format

. restore

. 
. 
. 
. 
. *------------------------------------------------------------------*
. * Gráfico: Número de condiciones de informalidad cumplidas over time
. *------------------------------------------------------------------*
. * Contar cuántas condiciones de informalidad cumple cada persona
. * Condiciones: (1) no afiliado IESS, (2) no adec, (3) no remunerado, (4) no t
> iene RUC
. gen n_cond = (affiliated == 0) + (adec == 0) + (no_remunerado == 1) + (instit
> ucion_formal == 0) ///
>              if !missing(affiliated) & !missing(adec) & !missing(no_remunerad
> o) & !missing(institucion_formal)
(816,048 missing values generated)

. * Generar dummies para cada número de condiciones (1, 2, 3, 4)
. forvalues i = 1/4 {
  2.     gen cond_`i' = (n_cond == `i') * 100 if !missing(n_cond)
  3. }
(816,048 missing values generated)
(816,048 missing values generated)
(816,048 missing values generated)
(816,048 missing values generated)

. label var cond_1 "1 condición"

. label var cond_2 "2 condiciones"

. label var cond_3 "3 condiciones"

. label var cond_4 "4 condiciones"

. 
. 
. * Colapsar por año
. preserve

. keep if inrange(anio, 2001, 2025)
(307,246 observations deleted)

.     collapse (mean) cond_1 cond_2 cond_3 cond_4 [iw=fexp] if anio != 2002, by
> (anio)

.     export excel using "$out_results/Tablas/n_condiciones_informalidad.xlsx",
>  firstrow(var) replace
file /Users/santiago/Library/CloudStorage/GoogleDrive-observatorio.pobreza@flac
> so.edu.ec/Mi unidad/Boletín 3/4. Resultados/informalidad/Tablas/n_condiciones
> _informalidad.xlsx saved

.     * --- Etiquetas de valor solo en años seleccionados ---
.     gen lbl_cond_1 = cond_1 if inlist(anio, 2003, 2006, 2014, 2020, 2025)
(19 missing values generated)

.     gen lbl_cond_2 = cond_2 if inlist(anio, 2003, 2006, 2014, 2020, 2025)
(19 missing values generated)

.     gen lbl_cond_3 = cond_3 if inlist(anio, 2003, 2006, 2014, 2020, 2025)
(19 missing values generated)

.     gen lbl_cond_4 = cond_4 if inlist(anio, 2003, 2006, 2014, 2020, 2025)
(19 missing values generated)

.     format lbl_cond_1 lbl_cond_2 lbl_cond_3 lbl_cond_4 %9.1f

.     twoway ///
>         (connected cond_1 anio, msymbol(O) lwidth(medium) lcolor(navy)      m
> color(navy)      msize(small)) ///
>         (connected cond_2 anio, msymbol(O) lwidth(medium) lcolor(cranberry)  
> mcolor(cranberry)  msize(small)) ///
>         (connected cond_3 anio, msymbol(O) lwidth(medium) lcolor(teal)       
> mcolor(teal)       msize(small)) ///
>         (connected cond_4 anio, msymbol(O) lwidth(medium) lcolor(orange)     
> mcolor(orange)     msize(small)) ///
>         (scatter lbl_cond_1 anio, msymbol(none) mlabel(lbl_cond_1) mlabpositi
> on(12) mlabcolor(navy)      mlabsize(vsmall)) ///
>         (scatter lbl_cond_2 anio, msymbol(none) mlabel(lbl_cond_2) mlabpositi
> on(6)  mlabcolor(cranberry) mlabsize(vsmall)) ///
>         (scatter lbl_cond_3 anio, msymbol(none) mlabel(lbl_cond_3) mlabpositi
> on(12) mlabcolor(teal)      mlabsize(vsmall)) ///
>         (scatter lbl_cond_4 anio, msymbol(none) mlabel(lbl_cond_4) mlabpositi
> on(6)  mlabcolor(orange)    mlabsize(vsmall)), ///
>         ytitle("Porcentaje de ocupados (%)") xtitle("") ///
>         title("Número de condiciones de informalidad cumplidas", size(medium)
> ) ///
>         ylabel(0(10)50, angle(0) grid labsize(small) format(%9.0f)) ///
>         yscale(range(0 50)) ///
>         xscale(range(2001 2025)) ///
>         xlabel(2001(2)2025, angle(90) labsize(small)) ///
>         legend(order(1 "1" 2 "2" 3 "3" 4 "4") ///
>                rows(1) size(small) position(6)) ///
>         graphregion(color(white)) plotregion(color(white)) scheme(s2color) //
> /
>         note("Fuente: ENEMDU. Elaboración propia.") ///
>         name(n_conds, replace)

.                 
.     graph export "$out_results/Graficos/n_condiciones_informalidad.png", repl
> ace width(3000)
file /Users/santiago/Library/CloudStorage/GoogleDrive-observatorio.pobreza@flac
> so.edu.ec/Mi unidad/Boletín 3/4. Resultados/informalidad/Graficos/n_condicion
> es_informalidad.png written in PNG format

. restore

.  
. 
. * ============================================================
. **# INFORMALIDAD POR AREA
. * ============================================================
. 
. *::::::::::::::::::::: SIN CRITERIO RUC :::::::::::::::::::::
. 
. /*
> preserve
>     collapse (mean) informal1 if anio != 2002, by(anio area)
>     replace informal1 = informal1 * 100
>     list
>     format informal1 %9.2f
>     keep if area == 1
>     rename informal1 ${important_variable}_urb
>     tempfile urb
>     save `urb'
> restore
> 
> preserve
>     keep if anio >= 2001
>     collapse (mean) informal1  if anio != 2002 [iw = fexp], by(anio area)
>     replace informal1 = informal1 * 100
>     list
>     format informal1 %9.2f
>     keep if area == 2
>     rename informal1 ${important_variable}_rural
>     tempfile rural
>     save `rural', replace
> restore
> 
> preserve
>     collapse (mean) informal1 if anio != 2002, by(anio)
>     replace informal1 = informal1 * 100
>     format informal1 %9.2f
>     rename informal1 ${important_variable}_nac
>     merge 1:1 anio using `urb',   nogen
>     merge 1:1 anio using `rural', nogen
>     list
>     twoway (connected ${important_variable}_nac   anio, lcolor(navy)        m
> color(navy)) ///
>            (connected ${important_variable}_urb   anio if anio >= 2000, lcolo
> r(maroon)      mcolor(maroon)) ///
>            (connected ${important_variable}_rural anio if anio >= 2000, lcolo
> r(forest_green) mcolor(forest_green)), ///
>            legend(order(1 "Nacional" 2 "Urbano" 3 "Rural")) ///
>            yscale(range(50 100)) ylabel(50(10)100, format(%9.0f)) ///
>            ytitle("Informalidad (%)") ///
>            xscale(range(2001 2024)) xlabel(2001(3)2024) ///
>            name(informal1_nac_urb, replace)
>     graph export "$out_results/informal1_nac_urb.png", replace width(3000)
> restore
> 
> */
. 
. *::::::::::::::::::::: CON CRITERIO RUC :::::::::::::::::::::
. 
. preserve

.     keep if anio >= 2001
(307,246 observations deleted)

.     gen uno = 1

.     collapse (mean) informal2 (rawsum) N=uno [iw = fexp] if anio != 2002, by(
> anio area)

.     export excel using "$out_results/Graficos/Informalidad_area.xlsx", firstr
> ow(var) replace
file /Users/santiago/Library/CloudStorage/GoogleDrive-observatorio.pobreza@flac
> so.edu.ec/Mi unidad/Boletín 3/4. Resultados/informalidad/Graficos/Informalida
> d_area.xlsx saved

. 
.     * Compute standard errors and CI bounds
.     gen se      = sqrt((informal2 * (1 - informal2)) / N)

.     gen ub      = informal2 + 1.96 * se

.     gen lb      = informal2 - 1.96 * se

.     replace ub  = min(ub, 1)
(0 real changes made)

.     replace lb  = max(lb, 0)
(0 real changes made)

. 
.     * Scale to percentages
.     replace informal2 = informal2 * 100
(48 real changes made)

.     replace ub        = ub        * 100
(48 real changes made)

.     replace lb        = lb        * 100
(48 real changes made)

. 
.     * Reshape wide by area
.     reshape wide informal2 N se ub lb, i(anio) j(area)
(j = 1 2)

Data                               Long   ->   Wide
-----------------------------------------------------------------------------
Number of observations               48   ->   24          
Number of variables                   7   ->   11          
j variable (2 values)              area   ->   (dropped)
xij variables:
                              informal2   ->   informal21 informal22
                                      N   ->   N1 N2
                                     se   ->   se1 se2
                                     ub   ->   ub1 ub2
                                     lb   ->   lb1 lb2
-----------------------------------------------------------------------------

. 
.     * informal21 / ub1 / lb1 = Urban (area==1)
.     * informal22 / ub2 / lb2 = Rural (area==2)
. 
.     * Compute national series (population-weighted mean)
.     gen informal2_nac = (informal21 * N1 + informal22 * N2) / (N1 + N2)

.     gen N_nac         = N1 + N2

.     gen se_nac        = sqrt((informal2_nac/100 * (1 - informal2_nac/100)) / 
> N_nac) * 100

.     gen ub_nac        = min(informal2_nac + 1.96 * se_nac, 100)

.     gen lb_nac        = max(informal2_nac - 1.96 * se_nac,   0)

. 
.     list anio informal2_nac informal21 informal22, sepby(anio)

     +---------------------------------------+
     | anio   inform~c   infor~21   infor~22 |
     |---------------------------------------|
  1. | 2001   85.11767   79.90107    93.7198 |
     |---------------------------------------|
  2. | 2003   84.59322    76.0605   95.12508 |
     |---------------------------------------|
  3. | 2004   85.25878   76.98689   95.28291 |
     |---------------------------------------|
  4. | 2005   83.94095   75.31094   94.88446 |
     |---------------------------------------|
  5. | 2006   85.76049   78.35736   94.89275 |
     |---------------------------------------|
  6. | 2007   81.82237   72.88108   93.35348 |
     |---------------------------------------|
  7. | 2008   80.04184   70.97182   91.94756 |
     |---------------------------------------|
  8. | 2009   79.85706   70.02033   92.44901 |
     |---------------------------------------|
  9. | 2010    76.3574   64.66801   90.87826 |
     |---------------------------------------|
 10. | 2011   72.68803   61.55801   88.19081 |
     |---------------------------------------|
 11. | 2012   71.70063   60.06092   87.22611 |
     |---------------------------------------|
 12. | 2013   69.58887   57.58961   84.61345 |
     |---------------------------------------|
 13. | 2014   66.22318   57.95424   79.01457 |
     |---------------------------------------|
 14. | 2015    67.0092   57.64611    81.6861 |
     |---------------------------------------|
 15. | 2016   69.58875   61.86189   81.86721 |
     |---------------------------------------|
 16. | 2017   70.74112    61.7291    85.1427 |
     |---------------------------------------|
 17. | 2018    72.0335   63.22689   87.15641 |
     |---------------------------------------|
 18. | 2019   73.50929   64.27172   88.90198 |
     |---------------------------------------|
 19. | 2020   77.97694   71.51882   89.58736 |
     |---------------------------------------|
 20. | 2021   75.25887   70.62231   87.97741 |
     |---------------------------------------|
 21. | 2022    73.7254   68.62545   88.38374 |
     |---------------------------------------|
 22. | 2023   74.51929   68.95621   90.24098 |
     |---------------------------------------|
 23. | 2024   75.76479   70.48486   90.36715 |
     |---------------------------------------|
 24. | 2025   75.03671   69.40274   91.02408 |
     +---------------------------------------+

. 
.     * --- Etiquetas de valor solo en años seleccionados ---
.     gen lbl_nac = informal2_nac if inlist(anio, 2001, 2006, 2014, 2020, 2025)
(19 missing values generated)

.     gen lbl_urb = informal21    if inlist(anio, 2001, 2006, 2014, 2020, 2025)
(19 missing values generated)

.     gen lbl_rur = informal22    if inlist(anio, 2001, 2006, 2014, 2020, 2025)
(19 missing values generated)

.     format lbl_nac lbl_urb lbl_rur %9.1f

. 
.     twoway ///
>         (connected informal2_nac anio,   sort lcolor(navy)         mcolor(nav
> y)         lwidth(medium)) ///
>         (connected informal21 anio,  sort lcolor(maroon)       mcolor(maroon)
>        lwidth(medium)) ///
>         (connected informal22 anio,  sort lcolor(forest_green) mcolor(forest_
> green) lwidth(medium)) ///
>         (scatter lbl_nac anio, msymbol(none) mlabel(lbl_nac) mlabposition(6) 
>  mlabcolor(navy)         mlabsize(vsmall)) ///
>         (scatter lbl_urb anio, msymbol(none) mlabel(lbl_urb) mlabposition(12)
>  mlabcolor(maroon)       mlabsize(vsmall)) ///
>         (scatter lbl_rur anio, msymbol(none) mlabel(lbl_rur) mlabposition(6) 
>  mlabcolor(forest_green) mlabsize(vsmall)), ///
>         legend(order(1 "Nacional" 2 "Urbano" 3 "Rural") position(6) rows(1) s
> ize(small)) ///
>         yscale(range(50 100)) ylabel(50(10)100, format(%9.0f)) ///
>         ytitle("Informalidad (%)") ///
>         xtitle("") ///
>         xscale(range(2001 2024)) xlabel(2001(3)2024, angle(90)) ///
>         graphregion(color(white)) ///
>         name(informal2_area, replace)

.                 
.     graph export "$out_results/informal2_area.png", replace width(3000)
file /Users/santiago/Library/CloudStorage/GoogleDrive-observatorio.pobreza@flac
> so.edu.ec/Mi unidad/Boletín 3/4. Resultados/informalidad/informal2_area.png w
> ritten in PNG format

. restore

. 
. * ============================================================
. **# GRÁFICOS DESAGREGADOS POR GÉNERO
. * ============================================================
. 
. preserve

.     keep if anio >= 2001
(307,246 observations deleted)

.     gen uno = 1

.     collapse (mean) informal2 (rawsum) N=uno [iw = fexp] if anio != 2002, by(
> anio sexo)

.     export excel using "$out_results/Tablas/Informalidad_genero.xlsx", firstr
> ow(var) replace
file /Users/santiago/Library/CloudStorage/GoogleDrive-observatorio.pobreza@flac
> so.edu.ec/Mi unidad/Boletín 3/4. Resultados/informalidad/Tablas/Informalidad_
> genero.xlsx saved

. 
.     reshape wide informal2 N, i(anio) j(sexo)
(j = 1 2)

Data                               Long   ->   Wide
-----------------------------------------------------------------------------
Number of observations               48   ->   24          
Number of variables                   4   ->   5           
j variable (2 values)              sexo   ->   (dropped)
xij variables:
                              informal2   ->   informal21 informal22
                                      N   ->   N1 N2
-----------------------------------------------------------------------------

.     gen se_h = sqrt((informal21*(1-informal21))/N1)

.     gen se_m = sqrt((informal22*(1-informal22))/N2)

.     gen ub_h = informal21 + 1.96*se_h

.     gen lb_h = informal21 - 1.96*se_h

.     gen ub_m = informal22 + 1.96*se_m

.     gen lb_m = informal22 - 1.96*se_m

.     replace ub_h = min(ub_h,1)
(0 real changes made)

.     replace lb_h = max(lb_h,0)
(0 real changes made)

.     replace ub_m = min(ub_m,1)
(0 real changes made)

.     replace lb_m = max(lb_m,0)
(0 real changes made)

.     list anio informal21 se_h ub_h lb_h informal22 se_m ub_m lb_m, sepby(anio
> )

     +------------------------------------------------------------------------+
  1. | anio | infor~21 |     se_h |     ub_h |     lb_h | infor~22 |     se_m |
     | 2001 |  .839763 | .0026169 | .8448922 | .8346339 | .8658576 | .0023967 |
     |------------------------------------------------------------------------|
     |                 ub_m              |                  lb_m              |
     |              .870555              |              .8611602              |
     +------------------------------------------------------------------------+

     +------------------------------------------------------------------------+
  2. | anio | infor~21 |     se_h |     ub_h |     lb_h | infor~22 |     se_m |
     | 2003 | .8126953 | .0024039 |  .817407 | .8079836 | .8406187 | .0022207 |
     |------------------------------------------------------------------------|
     |                 ub_m              |                  lb_m              |
     |             .8449713              |              .8362662              |
     +------------------------------------------------------------------------+

     +------------------------------------------------------------------------+
  3. | anio | infor~21 |     se_h |     ub_h |     lb_h | infor~22 |     se_m |
     | 2004 | .8219033 |  .002335 | .8264799 | .8173268 | .8477146 | .0021456 |
     |------------------------------------------------------------------------|
     |                 ub_m              |                  lb_m              |
     |             .8519199              |              .8435093              |
     +------------------------------------------------------------------------+

     +------------------------------------------------------------------------+
  4. | anio | infor~21 |     se_h |     ub_h |     lb_h | infor~22 |     se_m |
     | 2005 | .8134931 | .0024298 | .8182555 | .8087308 | .8246225 | .0023431 |
     |------------------------------------------------------------------------|
     |                 ub_m              |                  lb_m              |
     |             .8292149              |                .82003              |
     +------------------------------------------------------------------------+

     +------------------------------------------------------------------------+
  5. | anio | infor~21 |     se_h |     ub_h |     lb_h | infor~22 |     se_m |
     | 2006 | .8356892 | .0023068 | .8402106 | .8311678 | .8453631 | .0022085 |
     |------------------------------------------------------------------------|
     |                 ub_m              |                  lb_m              |
     |             .8496919              |              .8410344              |
     +------------------------------------------------------------------------+

     +------------------------------------------------------------------------+
  6. | anio | infor~21 |     se_h |     ub_h |     lb_h | infor~22 |     se_m |
     | 2007 | .7885675 | .0025648 | .7935945 | .7835405 | .8057334 |  .002431 |
     |------------------------------------------------------------------------|
     |                 ub_m              |                  lb_m              |
     |             .8104981              |              .8009688              |
     +------------------------------------------------------------------------+

     +------------------------------------------------------------------------+
  7. | anio | infor~21 |     se_h |     ub_h |     lb_h | infor~22 |     se_m |
     | 2008 | .7699959 | .0026023 | .7750964 | .7648953 | .7854859 |  .002455 |
     |------------------------------------------------------------------------|
     |                 ub_m              |                  lb_m              |
     |             .7902977              |               .780674              |
     +------------------------------------------------------------------------+

     +------------------------------------------------------------------------+
  8. | anio | infor~21 |     se_h |     ub_h |     lb_h | infor~22 |     se_m |
     | 2009 | .7681115 | .0025605 | .7731301 | .7630928 | .7783165 | .0024589 |
     |------------------------------------------------------------------------|
     |                 ub_m              |                  lb_m              |
     |             .7831358              |              .7734972              |
     +------------------------------------------------------------------------+

     +------------------------------------------------------------------------+
  9. | anio | infor~21 |     se_h |     ub_h |     lb_h | infor~22 |     se_m |
     | 2010 |  .734874 | .0025936 | .7399575 | .7297904 | .7253799 |   .00257 |
     |------------------------------------------------------------------------|
     |                 ub_m              |                  lb_m              |
     |             .7304171              |              .7203428              |
     +------------------------------------------------------------------------+

     +------------------------------------------------------------------------+
 10. | anio | infor~21 |     se_h |     ub_h |     lb_h | infor~22 |     se_m |
     | 2011 | .6874374 |  .002962 |  .693243 | .6816317 | .7134317 | .0028081 |
     |------------------------------------------------------------------------|
     |                 ub_m              |                  lb_m              |
     |             .7189355              |              .7079279              |
     +------------------------------------------------------------------------+

     +------------------------------------------------------------------------+
 11. | anio | infor~21 |     se_h |     ub_h |     lb_h | infor~22 |     se_m |
     | 2012 | .6824152 | .0028734 |  .688047 | .6767834 | .6909208 | .0027693 |
     |------------------------------------------------------------------------|
     |                 ub_m              |                  lb_m              |
     |             .6963485              |               .685493              |
     +------------------------------------------------------------------------+

     +------------------------------------------------------------------------+
 12. | anio | infor~21 |     se_h |     ub_h |     lb_h | infor~22 |     se_m |
     | 2013 | .6553273 | .0028503 | .6609139 | .6497406 | .6669013 | .0027728 |
     |------------------------------------------------------------------------|
     |                 ub_m              |                  lb_m              |
     |              .672336              |              .6614666              |
     +------------------------------------------------------------------------+

     +------------------------------------------------------------------------+
 13. | anio | infor~21 |     se_h |     ub_h |     lb_h | infor~22 |     se_m |
     | 2014 | .6261196 | .0024407 | .6309034 | .6213357 | .6800905 | .0022881 |
     |------------------------------------------------------------------------|
     |                 ub_m              |                  lb_m              |
     |             .6845753              |              .6756058              |
     +------------------------------------------------------------------------+

     +------------------------------------------------------------------------+
 14. | anio | infor~21 |     se_h |     ub_h |     lb_h | infor~22 |     se_m |
     | 2015 | .6336008 | .0024736 |  .638449 | .6287526 | .6788211 | .0023296 |
     |------------------------------------------------------------------------|
     |                 ub_m              |                  lb_m              |
     |             .6833871              |              .6742552              |
     +------------------------------------------------------------------------+

     +------------------------------------------------------------------------+
 15. | anio | infor~21 |     se_h |     ub_h |     lb_h | infor~22 |     se_m |
     | 2016 | .6581806 | .0024012 |  .662887 | .6534742 | .7228069 | .0021998 |
     |------------------------------------------------------------------------|
     |                 ub_m              |                  lb_m              |
     |             .7271184              |              .7184953              |
     +------------------------------------------------------------------------+

     +------------------------------------------------------------------------+
 16. | anio | infor~21 |     se_h |     ub_h |     lb_h | infor~22 |     se_m |
     | 2017 | .6668253 | .0024095 |  .671548 | .6621026 | .7324799 | .0021927 |
     |------------------------------------------------------------------------|
     |                 ub_m              |                  lb_m              |
     |             .7367776              |              .7281823              |
     +------------------------------------------------------------------------+

     +------------------------------------------------------------------------+
 17. | anio | infor~21 |     se_h |     ub_h |     lb_h | infor~22 |     se_m |
     | 2018 | .6963944 | .0031166 |  .702503 | .6902859 | .7380009 |  .002906 |
     |------------------------------------------------------------------------|
     |                 ub_m              |                  lb_m              |
     |             .7436967              |               .732305              |
     +------------------------------------------------------------------------+

     +------------------------------------------------------------------------+
 18. | anio | infor~21 |     se_h |     ub_h |     lb_h | infor~22 |     se_m |
     | 2019 | .7088389 | .0030729 | .7148618 | .7028161 | .7545084 | .0028241 |
     |------------------------------------------------------------------------|
     |                 ub_m              |                  lb_m              |
     |             .7600435              |              .7489733              |
     +------------------------------------------------------------------------+

     +------------------------------------------------------------------------+
 19. | anio | infor~21 |     se_h |     ub_h |     lb_h | infor~22 |     se_m |
     | 2020 | .7618769 | .0039901 | .7696975 | .7540562 |  .799697 | .0036467 |
     |------------------------------------------------------------------------|
     |                 ub_m              |                  lb_m              |
     |             .8068446              |              .7925494              |
     +------------------------------------------------------------------------+

     +------------------------------------------------------------------------+
 20. | anio | infor~21 |     se_h |     ub_h |     lb_h | infor~22 |     se_m |
     | 2021 | .7453399 | .0041485 | .7534709 | .7372088 | .7966626 | .0036488 |
     |------------------------------------------------------------------------|
     |                 ub_m              |                  lb_m              |
     |             .8038144              |              .7895109              |
     +------------------------------------------------------------------------+

     +------------------------------------------------------------------------+
 21. | anio | infor~21 |     se_h |     ub_h |     lb_h | infor~22 |     se_m |
     | 2022 | .7436269 | .0042073 | .7518733 | .7353805 | .7755716 | .0038298 |
     |------------------------------------------------------------------------|
     |                 ub_m              |                  lb_m              |
     |             .7830781              |              .7680652              |
     +------------------------------------------------------------------------+

     +------------------------------------------------------------------------+
 22. | anio | infor~21 |     se_h |     ub_h |     lb_h | infor~22 |     se_m |
     | 2023 | .7517111 | .0042363 | .7600142 | .7434079 | .7844415 |  .003793 |
     |------------------------------------------------------------------------|
     |                 ub_m              |                  lb_m              |
     |             .7918759              |              .7770072              |
     +------------------------------------------------------------------------+

     +------------------------------------------------------------------------+
 23. | anio | infor~21 |     se_h |     ub_h |     lb_h | infor~22 |     se_m |
     | 2024 | .7667105 | .0041798 | .7749029 |  .758518 | .7930149 | .0037389 |
     |------------------------------------------------------------------------|
     |                 ub_m              |                  lb_m              |
     |              .800343              |              .7856867              |
     +------------------------------------------------------------------------+

     +------------------------------------------------------------------------+
 24. | anio | infor~21 |     se_h |     ub_h |     lb_h | infor~22 |     se_m |
     | 2025 | .7690927 | .0041096 | .7771476 | .7610378 | .7716556 | .0038792 |
     |------------------------------------------------------------------------|
     |                 ub_m              |                  lb_m              |
     |             .7792589              |              .7640523              |
     +------------------------------------------------------------------------+

.     gen diff    = informal21 - informal22

.     gen se_diff = sqrt(se_h^2 + se_m^2)

.     gen z       = diff / se_diff

.     gen p_value = 2 * normal(-abs(z))

.     gen diff_sig = p_value < 0.05

.     list anio diff p_value if diff_sig, noobs

  +-----------------------------+
  | anio        diff    p_value |
  |-----------------------------|
  | 2001   -.0260946   1.93e-13 |
  | 2003   -.0279235   1.43e-17 |
  | 2004   -.0258113   3.96e-16 |
  | 2005   -.0111293   .0009769 |
  | 2006    -.009674   .0024521 |
  |-----------------------------|
  | 2007    -.017166   1.19e-06 |
  | 2008     -.01549   .0000149 |
  | 2009    -.010205   .0040444 |
  | 2010     .009494   .0093175 |
  | 2011   -.0259944   1.91e-10 |
  |-----------------------------|
  | 2012   -.0085056   .0330571 |
  | 2013    -.011574   .0036076 |
  | 2014    -.053971          0 |
  | 2015   -.0452204          0 |
  | 2016   -.0646263          0 |
  |-----------------------------|
  | 2017   -.0656546          0 |
  | 2018   -.0416064   1.61e-22 |
  | 2019   -.0456694   7.19e-28 |
  | 2020   -.0378201   2.62e-12 |
  | 2021   -.0513228   1.55e-20 |
  |-----------------------------|
  | 2022   -.0319448   1.97e-08 |
  | 2023   -.0327305   8.61e-09 |
  | 2024   -.0263044   2.73e-06 |
  +-----------------------------+

.     replace informal21 = informal21 * 100
(24 real changes made)

.     replace informal22 = informal22 * 100
(24 real changes made)

.     replace ub_h = ub_h * 100
(24 real changes made)

.     replace lb_h = lb_h * 100
(24 real changes made)

.     replace ub_m = ub_m * 100
(24 real changes made)

.     replace lb_m = lb_m * 100
(24 real changes made)

. 
.     * --- Etiquetas de valor solo en años seleccionados ---
.     gen lbl_h = informal21 if inlist(anio, 2001, 2006, 2014, 2020, 2025)
(19 missing values generated)

.     gen lbl_m = informal22 if inlist(anio, 2001, 2006, 2014, 2020, 2025)
(19 missing values generated)

.     format lbl_h lbl_m %9.1f

. 
.     twoway ///
>         (connected informal21 anio, sort lcolor(navy) mcolor(navy) lwidth(med
> ium)) ///
>         (connected informal22 anio, sort lcolor(maroon) mcolor(maroon) lwidth
> (medium)) ///
>         (scatter lbl_h anio, msymbol(none) mlabel(lbl_h) mlabposition(6)  mla
> bcolor(navy)   mlabsize(vsmall)) ///
>         (scatter lbl_m anio, msymbol(none) mlabel(lbl_m) mlabposition(12) mla
> bcolor(maroon) mlabsize(vsmall)), ///
>         legend(order(1 "Hombre" 2 "Mujer") position(6) rows(1) size(small)) /
> //
>         xlabel(2001(2)2025, angle(90)) ///
>         ylabel(50(10)100, format(%9.0f)) ///
>         ytitle("Informalidad (%)") ///
>         yscale(range(50 100)) ///
>                 xtitle("") ///
>         graphregion(color(white)) ///
>         name(informal2_sexo, replace)

.     graph export "$out_results/Graficos/informal2_sexo.png", replace width(30
> 00)
file /Users/santiago/Library/CloudStorage/GoogleDrive-observatorio.pobreza@flac
> so.edu.ec/Mi unidad/Boletín 3/4. Resultados/informalidad/Graficos/informal2_s
> exo.png written in PNG format

. restore

. 
.          
. * ============================================================
. **# GRÁFICO DE BARRAS: INFORMALIDAD POR PROVINCIA EN 2024
. * ============================================================
. 
.         encode provincia, gen(provincia_enc)

.         drop provincia

.         rename provincia_enc provincia

. 
.         capture label define provincia_lbl ///
>                 01 "Azuay" ///
>                 02 "Bolívar" ///
>                 03 "Cañar" ///
>                 04 "Carchi" ///
>                 05 "Cotopaxi" ///
>                 06 "Chimborazo" ///
>                 07 "El Oro" ///
>                 08 "Esmeraldas" ///
>                 09 "Guayas" ///
>                 10 "Imbabura" ///
>                 11 "Loja" ///
>                 12 "Los Ríos" ///
>                 13 "Manabí" ///
>                 14 "Morona Santiago" ///
>                 15 "Napo" ///
>                 16 "Pastaza" ///
>                 17 "Pichincha" ///
>                 18 "Tungurahua" ///
>                 19 "Zamora Chinchipe" ///
>                 20 "Galápagos" ///
>                 21 "Sucumbíos" ///
>                 22 "Orellana" ///
>                 23 "Santo Domingo de los Tsáchilas" ///
>                 24 "Santa Elena" ///
>                 90 "Zonas no delimitadas"

.         label values provincia provincia_lbl

. 
.         preserve

.     keep if anio == 2025
(1,480,227 observations deleted)

.     gen uno = 1

.     collapse (mean) informal2 (sum) N=uno [iw = fexp] if anio != 2002, by(pro
> vincia)

.     gen se = sqrt((informal2*(1-informal2))/N)

.     gen ub = informal2 + 1.96*se

.     gen lb = informal2 - 1.96*se

.     replace ub = min(ub,1)
(0 real changes made)

.     replace lb = max(lb,0)
(0 real changes made)

.     gsort -informal2

.         list provincia informal2 se ub lb, sepby(provincia)

     +-----------------------------------------------------------------+
  1. |                      provincia | inform~2 |       se |       ub |
     |                           Napo | .9505767 | .0004983 | .9515533 |
     |-----------------------------------------------------------------|
     |                                  lb                             |
     |                            .9496001                             |
     +-----------------------------------------------------------------+

     +-----------------------------------------------------------------+
  2. |                      provincia | inform~2 |       se |       ub |
     |                       Orellana | .9483044 | .0003418 | .9489743 |
     |-----------------------------------------------------------------|
     |                                  lb                             |
     |                            .9476344                             |
     +-----------------------------------------------------------------+

     +-----------------------------------------------------------------+
  3. |                      provincia | inform~2 |       se |       ub |
     |                Morona Santiago | .9394141 | .0002992 | .9400005 |
     |-----------------------------------------------------------------|
     |                                  lb                             |
     |                            .9388277                             |
     +-----------------------------------------------------------------+

     +-----------------------------------------------------------------+
  4. |                      provincia | inform~2 |       se |       ub |
     |               Zamora Chinchipe | .9268789 | .0005609 | .9279782 |
     |-----------------------------------------------------------------|
     |                                  lb                             |
     |                            .9257796                             |
     +-----------------------------------------------------------------+

     +-----------------------------------------------------------------+
  5. |                      provincia | inform~2 |       se |       ub |
     |                       Cotopaxi |  .839653 | .0007342 |  .841092 |
     |-----------------------------------------------------------------|
     |                                  lb                             |
     |                             .838214                             |
     +-----------------------------------------------------------------+

     +-----------------------------------------------------------------+
  6. |                      provincia | inform~2 |       se |       ub |
     |                          Cañar |  .831155 | .0008053 | .8327333 |
     |-----------------------------------------------------------------|
     |                                  lb                             |
     |                            .8295767                             |
     +-----------------------------------------------------------------+

     +-----------------------------------------------------------------+
  7. |                      provincia | inform~2 |       se |       ub |
     |                         Manabí | .8295272 | .0003471 | .8302075 |
     |-----------------------------------------------------------------|
     |                                  lb                             |
     |                            .8288469                             |
     +-----------------------------------------------------------------+

     +-----------------------------------------------------------------+
  8. |                      provincia | inform~2 |       se |       ub |
     |                    Santa Elena | .8253587 | .0006159 |  .826566 |
     |-----------------------------------------------------------------|
     |                                  lb                             |
     |                            .8241515                             |
     +-----------------------------------------------------------------+

     +-----------------------------------------------------------------+
  9. |                      provincia | inform~2 |       se |       ub |
     |                        Bolívar | .8196947 | .0011913 | .8220296 |
     |-----------------------------------------------------------------|
     |                                  lb                             |
     |                            .8173598                             |
     +-----------------------------------------------------------------+

     +-----------------------------------------------------------------+
 10. |                      provincia | inform~2 |       se |       ub |
     |                     Tungurahua | .8125045 | .0006639 | .8138058 |
     |-----------------------------------------------------------------|
     |                                  lb                             |
     |                            .8112033                             |
     +-----------------------------------------------------------------+

     +-----------------------------------------------------------------+
 11. |                      provincia | inform~2 |       se |       ub |
     |                      Sucumbíos | .7898175 | .0010167 | .7918103 |
     |-----------------------------------------------------------------|
     |                                  lb                             |
     |                            .7878247                             |
     +-----------------------------------------------------------------+

     +-----------------------------------------------------------------+
 12. |                      provincia | inform~2 |       se |       ub |
     |                        Pastaza | .7874321 | .0014087 | .7901932 |
     |-----------------------------------------------------------------|
     |                                  lb                             |
     |                            .7846709                             |
     +-----------------------------------------------------------------+

     +-----------------------------------------------------------------+
 13. |                      provincia | inform~2 |       se |       ub |
     |                     Esmeraldas | .7830107 | .0005204 | .7840307 |
     |-----------------------------------------------------------------|
     |                                  lb                             |
     |                            .7819906                             |
     +-----------------------------------------------------------------+

     +-----------------------------------------------------------------+
 14. |                      provincia | inform~2 |       se |       ub |
     |                       Los Ríos | .7762811 | .0005094 | .7772796 |
     |-----------------------------------------------------------------|
     |                                  lb                             |
     |                            .7752826                             |
     +-----------------------------------------------------------------+

     +-----------------------------------------------------------------+
 15. |                      provincia | inform~2 |       se |       ub |
     |                           Loja | .7752485 | .0007728 | .7767631 |
     |-----------------------------------------------------------------|
     |                                  lb                             |
     |                            .7737339                             |
     +-----------------------------------------------------------------+

     +-----------------------------------------------------------------+
 16. |                      provincia | inform~2 |       se |       ub |
     |                         Carchi |  .770373 | .0012368 | .7727972 |
     |-----------------------------------------------------------------|
     |                                  lb                             |
     |                            .7679489                             |
     +-----------------------------------------------------------------+

     +-----------------------------------------------------------------+
 17. |                      provincia | inform~2 |       se |       ub |
     |                       Imbabura | .7580413 | .0007977 | .7596048 |
     |-----------------------------------------------------------------|
     |                                  lb                             |
     |                            .7564778                             |
     +-----------------------------------------------------------------+

     +-----------------------------------------------------------------+
 18. |                      provincia | inform~2 |       se |       ub |
     |                     Chimborazo | .7511426 | .0009018 | .7529101 |
     |-----------------------------------------------------------------|
     |                                  lb                             |
     |                             .749375                             |
     +-----------------------------------------------------------------+

     +-----------------------------------------------------------------+
 19. |                      provincia | inform~2 |       se |       ub |
     | Santo Domingo de los Tsáchilas |  .747507 |  .000744 | .7489651 |
     |-----------------------------------------------------------------|
     |                                  lb                             |
     |                            .7460488                             |
     +-----------------------------------------------------------------+

     +-----------------------------------------------------------------+
 20. |                      provincia | inform~2 |       se |       ub |
     |                         Guayas | .7266162 | .0002285 |  .727064 |
     |-----------------------------------------------------------------|
     |                                  lb                             |
     |                            .7261684                             |
     +-----------------------------------------------------------------+

     +-----------------------------------------------------------------+
 21. |                      provincia | inform~2 |       se |       ub |
     |                         El Oro | .7194832 | .0006478 |  .720753 |
     |-----------------------------------------------------------------|
     |                                  lb                             |
     |                            .7182134                             |
     +-----------------------------------------------------------------+

     +-----------------------------------------------------------------+
 22. |                      provincia | inform~2 |       se |       ub |
     |                          Azuay | .7092322 | .0006981 | .7106004 |
     |-----------------------------------------------------------------|
     |                                  lb                             |
     |                             .707864                             |
     +-----------------------------------------------------------------+

     +-----------------------------------------------------------------+
 23. |                      provincia | inform~2 |       se |       ub |
     |                      Pichincha | .6197021 | .0003407 | .6203698 |
     |-----------------------------------------------------------------|
     |                                  lb                             |
     |                            .6190344                             |
     +-----------------------------------------------------------------+

     +-----------------------------------------------------------------+
 24. |                      provincia | inform~2 |       se |       ub |
     |                      Galápagos | .4712217 | .0043328 |  .479714 |
     |-----------------------------------------------------------------|
     |                                  lb                             |
     |                            .4627295                             |
     +-----------------------------------------------------------------+

.     sum se

    Variable |        Obs        Mean    Std. dev.       Min        Max
-------------+---------------------------------------------------------
          se |         24    .0008422    .0008027   .0002285   .0043328

. 
.         local ref_cod = 17

.         sum informal2 if provincia == `ref_cod', meanonly

.         local ref_mean = r(mean)

.         sum se if provincia == `ref_cod', meanonly

.         local ref_se = r(mean)

.         di "Comparando con provincia código `ref_cod' (tasa = `ref_mean')"
Comparando con provincia código 17 (tasa = .6197021007537842)

.         gen diff_vs_ref    = .
(24 missing values generated)

.         gen se_diff_vs_ref = .
(24 missing values generated)

.         gen p_vs_ref       = .
(24 missing values generated)

.         gen sig_vs_ref     = .
(24 missing values generated)

.         foreach prov in 1 2 3 4 5 6 7 8 9 10 11 12 13 14 15 16 17 18 19 20 21
>  22 23 24 90 {
  2.                 if `prov' != `ref_cod' {
  3.                         sum informal2 if provincia == `prov', meanonly
  4.                         local prov_mean = r(mean)
  5.                         sum se if provincia == `prov', meanonly
  6.                         local prov_se = r(mean)
  7.                         local diff    = `prov_mean' - `ref_mean'
  8.                         local se_diff = sqrt(`prov_se'^2 + `ref_se'^2)
  9.                         local z       = `diff' / `se_diff'
 10.                         local p       = 2 * normal(-abs(`z'))
 11.                         replace diff_vs_ref    = `diff'       if provincia
>  == `prov'
 12.                         replace se_diff_vs_ref = `se_diff'    if provincia
>  == `prov'
 13.                         replace p_vs_ref       = `p'          if provincia
>  == `prov'
 14.                         replace sig_vs_ref     = (`p' < 0.05) if provincia
>  == `prov'
 15.                 }
 16.         }
(1 real change made)
(1 real change made)
(1 real change made)
(1 real change made)
(1 real change made)
(1 real change made)
(1 real change made)
(1 real change made)
(1 real change made)
(1 real change made)
(1 real change made)
(1 real change made)
(1 real change made)
(1 real change made)
(1 real change made)
(1 real change made)
(1 real change made)
(1 real change made)
(1 real change made)
(1 real change made)
(1 real change made)
(1 real change made)
(1 real change made)
(1 real change made)
(1 real change made)
(1 real change made)
(1 real change made)
(1 real change made)
(1 real change made)
(1 real change made)
(1 real change made)
(1 real change made)
(1 real change made)
(1 real change made)
(1 real change made)
(1 real change made)
(1 real change made)
(1 real change made)
(1 real change made)
(1 real change made)
(1 real change made)
(1 real change made)
(1 real change made)
(1 real change made)
(1 real change made)
(1 real change made)
(1 real change made)
(1 real change made)
(1 real change made)
(1 real change made)
(1 real change made)
(1 real change made)
(1 real change made)
(1 real change made)
(1 real change made)
(1 real change made)
(1 real change made)
(1 real change made)
(1 real change made)
(1 real change made)
(1 real change made)
(1 real change made)
(1 real change made)
(1 real change made)
(1 real change made)
(1 real change made)
(1 real change made)
(1 real change made)
(1 real change made)
(1 real change made)
(1 real change made)
(1 real change made)
(1 real change made)
(1 real change made)
(1 real change made)
(1 real change made)
(1 real change made)
(1 real change made)
(1 real change made)
(1 real change made)
(1 real change made)
(1 real change made)
(1 real change made)
(1 real change made)
(1 real change made)
(1 real change made)
(1 real change made)
(1 real change made)
(1 real change made)
(1 real change made)
(1 real change made)
(1 real change made)
(0 real changes made)
(0 real changes made)
(0 real changes made)
(0 real changes made)

.         list provincia informal2 diff_vs_ref p_vs_ref sig_vs_ref if provincia
>  != `ref_cod', sep(0)

     +------------------------------------------------------------------+
  1. |                      provincia | inform~2 | diff_vs~f | p_vs_ref |
     |                           Napo | .9505767 |  .3308746 |        0 |
     |------------------------------------------------------------------|
     |                             sig_vs~f                             |
     |                                    1                             |
     +------------------------------------------------------------------+

     +------------------------------------------------------------------+
  2. |                      provincia | inform~2 | diff_vs~f | p_vs_ref |
     |                       Orellana | .9483044 |  .3286023 |        0 |
     |------------------------------------------------------------------|
     |                             sig_vs~f                             |
     |                                    1                             |
     +------------------------------------------------------------------+

     +------------------------------------------------------------------+
  3. |                      provincia | inform~2 | diff_vs~f | p_vs_ref |
     |                Morona Santiago | .9394141 |   .319712 |        0 |
     |------------------------------------------------------------------|
     |                             sig_vs~f                             |
     |                                    1                             |
     +------------------------------------------------------------------+

     +------------------------------------------------------------------+
  4. |                      provincia | inform~2 | diff_vs~f | p_vs_ref |
     |               Zamora Chinchipe | .9268789 |  .3071768 |        0 |
     |------------------------------------------------------------------|
     |                             sig_vs~f                             |
     |                                    1                             |
     +------------------------------------------------------------------+

     +------------------------------------------------------------------+
  5. |                      provincia | inform~2 | diff_vs~f | p_vs_ref |
     |                       Cotopaxi |  .839653 |  .2199509 |        0 |
     |------------------------------------------------------------------|
     |                             sig_vs~f                             |
     |                                    1                             |
     +------------------------------------------------------------------+

     +------------------------------------------------------------------+
  6. |                      provincia | inform~2 | diff_vs~f | p_vs_ref |
     |                          Cañar |  .831155 |  .2114529 |        0 |
     |------------------------------------------------------------------|
     |                             sig_vs~f                             |
     |                                    1                             |
     +------------------------------------------------------------------+

     +------------------------------------------------------------------+
  7. |                      provincia | inform~2 | diff_vs~f | p_vs_ref |
     |                         Manabí | .8295272 |  .2098251 |        0 |
     |------------------------------------------------------------------|
     |                             sig_vs~f                             |
     |                                    1                             |
     +------------------------------------------------------------------+

     +------------------------------------------------------------------+
  8. |                      provincia | inform~2 | diff_vs~f | p_vs_ref |
     |                    Santa Elena | .8253587 |  .2056566 |        0 |
     |------------------------------------------------------------------|
     |                             sig_vs~f                             |
     |                                    1                             |
     +------------------------------------------------------------------+

     +------------------------------------------------------------------+
  9. |                      provincia | inform~2 | diff_vs~f | p_vs_ref |
     |                        Bolívar | .8196947 |  .1999926 |        0 |
     |------------------------------------------------------------------|
     |                             sig_vs~f                             |
     |                                    1                             |
     +------------------------------------------------------------------+

     +------------------------------------------------------------------+
 10. |                      provincia | inform~2 | diff_vs~f | p_vs_ref |
     |                     Tungurahua | .8125045 |  .1928024 |        0 |
     |------------------------------------------------------------------|
     |                             sig_vs~f                             |
     |                                    1                             |
     +------------------------------------------------------------------+

     +------------------------------------------------------------------+
 11. |                      provincia | inform~2 | diff_vs~f | p_vs_ref |
     |                      Sucumbíos | .7898175 |  .1701154 |        0 |
     |------------------------------------------------------------------|
     |                             sig_vs~f                             |
     |                                    1                             |
     +------------------------------------------------------------------+

     +------------------------------------------------------------------+
 12. |                      provincia | inform~2 | diff_vs~f | p_vs_ref |
     |                        Pastaza | .7874321 |    .16773 |        0 |
     |------------------------------------------------------------------|
     |                             sig_vs~f                             |
     |                                    1                             |
     +------------------------------------------------------------------+

     +------------------------------------------------------------------+
 13. |                      provincia | inform~2 | diff_vs~f | p_vs_ref |
     |                     Esmeraldas | .7830107 |  .1633086 |        0 |
     |------------------------------------------------------------------|
     |                             sig_vs~f                             |
     |                                    1                             |
     +------------------------------------------------------------------+

     +------------------------------------------------------------------+
 14. |                      provincia | inform~2 | diff_vs~f | p_vs_ref |
     |                       Los Ríos | .7762811 |   .156579 |        0 |
     |------------------------------------------------------------------|
     |                             sig_vs~f                             |
     |                                    1                             |
     +------------------------------------------------------------------+

     +------------------------------------------------------------------+
 15. |                      provincia | inform~2 | diff_vs~f | p_vs_ref |
     |                           Loja | .7752485 |  .1555464 |        0 |
     |------------------------------------------------------------------|
     |                             sig_vs~f                             |
     |                                    1                             |
     +------------------------------------------------------------------+

     +------------------------------------------------------------------+
 16. |                      provincia | inform~2 | diff_vs~f | p_vs_ref |
     |                         Carchi |  .770373 |  .1506709 |        0 |
     |------------------------------------------------------------------|
     |                             sig_vs~f                             |
     |                                    1                             |
     +------------------------------------------------------------------+

     +------------------------------------------------------------------+
 17. |                      provincia | inform~2 | diff_vs~f | p_vs_ref |
     |                       Imbabura | .7580413 |  .1383392 |        0 |
     |------------------------------------------------------------------|
     |                             sig_vs~f                             |
     |                                    1                             |
     +------------------------------------------------------------------+

     +------------------------------------------------------------------+
 18. |                      provincia | inform~2 | diff_vs~f | p_vs_ref |
     |                     Chimborazo | .7511426 |  .1314405 |        0 |
     |------------------------------------------------------------------|
     |                             sig_vs~f                             |
     |                                    1                             |
     +------------------------------------------------------------------+

     +------------------------------------------------------------------+
 19. |                      provincia | inform~2 | diff_vs~f | p_vs_ref |
     | Santo Domingo de los Tsáchilas |  .747507 |  .1278049 |        0 |
     |------------------------------------------------------------------|
     |                             sig_vs~f                             |
     |                                    1                             |
     +------------------------------------------------------------------+

     +------------------------------------------------------------------+
 20. |                      provincia | inform~2 | diff_vs~f | p_vs_ref |
     |                         Guayas | .7266162 |  .1069141 |        0 |
     |------------------------------------------------------------------|
     |                             sig_vs~f                             |
     |                                    1                             |
     +------------------------------------------------------------------+

     +------------------------------------------------------------------+
 21. |                      provincia | inform~2 | diff_vs~f | p_vs_ref |
     |                         El Oro | .7194832 |  .0997811 |        0 |
     |------------------------------------------------------------------|
     |                             sig_vs~f                             |
     |                                    1                             |
     +------------------------------------------------------------------+

     +------------------------------------------------------------------+
 22. |                      provincia | inform~2 | diff_vs~f | p_vs_ref |
     |                          Azuay | .7092322 |  .0895301 |        0 |
     |------------------------------------------------------------------|
     |                             sig_vs~f                             |
     |                                    1                             |
     +------------------------------------------------------------------+

     +------------------------------------------------------------------+
 24. |                      provincia | inform~2 | diff_vs~f | p_vs_ref |
     |                      Galápagos | .4712217 | -.1484804 |        0 |
     |------------------------------------------------------------------|
     |                             sig_vs~f                             |
     |                                    1                             |
     +------------------------------------------------------------------+

.         replace informal2 = informal2 * 100
(24 real changes made)

.         replace ub = ub * 100
(24 real changes made)

.         replace lb = lb * 100
(24 real changes made)

. 
.         * --- Etiqueta de valor para todas las provincias (gráfico transversa
> l) ---
.         gen lbl_inf = informal2

.         format lbl_inf %9.1f

. 
.     twoway ///
>         (bar informal2 provincia, horizontal barwidth(0.6) color(navy)) ///
>         (rcap ub lb provincia, horizontal lcolor(black)) ///
>         (scatter provincia lbl_inf, msymbol(none) mlabel(lbl_inf) ///
>              mlabposition(3) mlabcolor(black) mlabsize(vsmall)), ///
>         ylabel(, valuelabel angle(0) labsize(small)) ///
>         xlabel(0(20)100, format(%9.0f)) ///
>         xscale(range(0 100)) ///
>                 xtitle("Informalidad") ///
>         legend(off) ///
>         graphregion(color(white)) ///
>         title("Informalidad por provincia - 2024", size(medium)) ///
>         name(informal2_provincia_ci_2024, replace)

. *    graph export "$out_results/informal2_provincia_ci_2024.png", replace
. restore

. 
. 
. * ============================================================
. **# TABLA LATEX: INFORMALIDAD POR PROVINCIA - 2000-2025 (cada 5 años)
. * DIVIDIDA POR REGIÓN: SIERRA, COSTA, ORIENTE, INSULAR
. * ============================================================
. preserve

.     keep if inlist(anio, 2001, 2005, 2010, 2015, 2020, 2025)
(1,227,636 observations deleted)

.     drop if provincia == 25
(477 observations deleted)

.     gen uno = 1

.     collapse (mean) informal2 (rawsum) N=uno [iw = fexp] if anio != 2002, by(
> provincia anio)

.         export excel using "$out_results/informalidad_provicia.xlsx", firstro
> w(var) replace
file /Users/santiago/Library/CloudStorage/GoogleDrive-observatorio.pobreza@flac
> so.edu.ec/Mi unidad/Boletín 3/4. Resultados/informalidad/informalidad_provici
> a.xlsx saved

.     rename informal2 inf

.     keep provincia anio inf

.     reshape wide inf, i(provincia) j(anio)
(j = 2001 2005 2010 2015 2020 2025)

Data                               Long   ->   Wide
-----------------------------------------------------------------------------
Number of observations              134   ->   24          
Number of variables                   3   ->   7           
j variable (6 values)              anio   ->   (dropped)
xij variables:
                                    inf   ->   inf2001 inf2005 ... inf2025
-----------------------------------------------------------------------------

.     gen region = .
(24 missing values generated)

.     replace region = 1 if inlist(provincia, 1, 2, 3, 4, 5, 6, 10, 11, 17, 18)
(10 real changes made)

.     replace region = 2 if inlist(provincia, 7, 8, 9, 12, 13, 23, 24)
(7 real changes made)

.     replace region = 3 if inlist(provincia, 14, 15, 16, 19, 21, 22)
(6 real changes made)

.     replace region = 4 if provincia == 20
(1 real change made)

.     gsort region -inf2025

.     
.     capture file close tex

.     file open tex using "$out_results/informalidad_provincia.tex", write repl
> ace

.     file write tex "\begin{table}[htbp]" _n

.     file write tex "\centering" _n

.     file write tex "\small" _n

.     file write tex "\caption{Tasa de informalidad por provincia, Ecuador}" _n

.     file write tex "\label{tab:informal_prov}" _n

.     file write tex "\begin{tabular}{lcccccc}" _n

.     file write tex "\hline\hline" _n

.     file write tex "Provincia & 2001 & 2005 & 2010 & 2015 & 2020 & 2025 \\" _
> n

.     
.     local nobs = _N

.     
.     foreach reg_num in 1 2 3 4 {
  2.         if `reg_num' == 1 file write tex "\hline" _n "\multicolumn{7}{l}{\
> textit{Sierra}} \\" _n "\hline" _n
  3.         if `reg_num' == 2 file write tex "\hline" _n "\multicolumn{7}{l}{\
> textit{Costa}} \\" _n "\hline" _n
  4.         if `reg_num' == 3 file write tex "\hline" _n "\multicolumn{7}{l}{\
> textit{Oriente}} \\" _n "\hline" _n
  5.         if `reg_num' == 4 file write tex "\hline" _n "\multicolumn{7}{l}{\
> textit{Insular}} \\" _n "\hline" _n
  6.         
.         forvalues i = 1/`nobs' {
  7.             if region[`i'] == `reg_num' {
  8.                 local prov : label (provincia) `=provincia[`i']'
  9.                 local f01 = cond(missing(inf2001[`i']), "--", string(inf20
> 01[`i'], "%6.3f"))
 10.                 local f05 = cond(missing(inf2005[`i']), "--", string(inf20
> 05[`i'], "%6.3f"))
 11.                 local f10 = cond(missing(inf2010[`i']), "--", string(inf20
> 10[`i'], "%6.3f"))
 12.                 local f15 = cond(missing(inf2015[`i']), "--", string(inf20
> 15[`i'], "%6.3f"))
 13.                 local f20 = cond(missing(inf2020[`i']), "--", string(inf20
> 20[`i'], "%6.3f"))
 14.                 local f25 = cond(missing(inf2025[`i']), "--", string(inf20
> 25[`i'], "%6.3f"))
 15.                 file write tex "`prov' & `f01' & `f05' & `f10' & `f15' & `
> f20' & `f25' \\" _n
 16.             }
 17.         }
 18.     }

.     
.     file write tex "\hline\hline" _n

.     file write tex "\end{tabular}" _n

.     file write tex "\begin{tablenotes}" _n

.     file write tex "\small" _n

.     file write tex "\item \textit{Nota:} Provincias ordenadas por tasa de inf
> ormalidad en 2025 (descendente) dentro de cada región." _n

.     file write tex "\end{tablenotes}" _n

.     file write tex "\end{table}" _n

.     file close tex

.     display "Tabla exportada a: informalidad_provincia.tex"
Tabla exportada a: informalidad_provincia.tex

. restore

. 
. 
. * With CV
. 
. preserve

. keep if inlist(anio, 2001, 2005, 2010, 2015, 2020, 2025)
(1,227,636 observations deleted)

. drop if provincia == 25
(477 observations deleted)

. gen uno = 1

. replace informal2 = informal2*100
(123,454 real changes made)

. collapse (mean) informal2 (sd) sd_inf=informal2 (rawsum) N=uno [iw = fexp], b
> y(provincia anio)

. gen se_inf = sd_inf / sqrt(N)

. gen hci = 1.96 * se_inf

. rename informal2 inf

. rename hci hci_inf

. keep provincia anio inf hci_inf

. reshape wide inf hci_inf, i(provincia) j(anio)
(j = 2001 2005 2010 2015 2020 2025)

Data                               Long   ->   Wide
-----------------------------------------------------------------------------
Number of observations              134   ->   24          
Number of variables                   4   ->   13          
j variable (6 values)              anio   ->   (dropped)
xij variables:
                                    inf   ->   inf2001 inf2005 ... inf2025
                                hci_inf   ->   hci_inf2001 hci_inf2005 ... hci_
> inf2025
-----------------------------------------------------------------------------

. gsort -inf2025

. 
. capture file close tex

. file open tex using "$out_results/informalidad_provincia.tex", write replace

. file write tex "\begin{table}[htbp]" _n

. file write tex "\centering" _n

. file write tex "\caption{Tasa de informalidad por provincia, Ecuador (semi-am
> plitud del IC 95\% entre paréntesis)}" _n

. file write tex "\label{tab:informal_prov}" _n

. file write tex "\begin{tabular}{lcccccc}" _n

. file write tex "\hline\hline" _n

. file write tex "Provincia & 2001 & 2005 & 2010 & 2015 & 2020 & 2025 \\" _n

. file write tex "\hline" _n

. 
. local nobs = _N

. forvalues i = 1/`nobs' {
  2.     local prov : label (provincia) `=provincia[`i']'
  3.     foreach yr in 2001 2005 2010 2015 2020 2025 {
  4.         local v`yr' = inf`yr'[`i']
  5.         local h`yr' = hci_inf`yr'[`i']
  6.         if missing(`v`yr'') {
  7.             local f`yr' = "--"
  8.         }
  9.         else {
 10.             local f`yr' = string(`v`yr'', "%4.1f") + " (" + string(`h`yr''
> , "%4.1f") + ")"
 11.         }
 12.     }
 13.     file write tex "`prov' & `f2001' & `f2005' & `f2010' & `f2015' & `f202
> 0' & `f2025' \\" _n
 14. }

. file write tex "\hline\hline" _n

. file write tex "\end{tabular}" _n

. file write tex "\end{table}" _n

. file close tex

. display "Tabla exportada a: informalidad_provincia.tex"
Tabla exportada a: informalidad_provincia.tex

. list provincia inf2001 hci_inf2001 inf2025 hci_inf2025, sep(0)

     +-----------------------------------------------------------------+
  1. |                      provincia |  inf2001 | hci~2001 |  inf2025 |
     |                           Napo | 65.66104 | 4.141669 | 95.05767 |
     |-----------------------------------------------------------------|
     |                            hci~2025                             |
     |                            2.331565                             |
     +-----------------------------------------------------------------+

     +-----------------------------------------------------------------+
  2. |                      provincia |  inf2001 | hci~2001 |  inf2025 |
     |                       Orellana |        . |        . | 94.83044 |
     |-----------------------------------------------------------------|
     |                            hci~2025                             |
     |                            2.052598                             |
     +-----------------------------------------------------------------+

     +-----------------------------------------------------------------+
  3. |                      provincia |  inf2001 | hci~2001 |  inf2025 |
     |                Morona Santiago | 89.78413 | 2.314105 | 93.94141 |
     |-----------------------------------------------------------------|
     |                            hci~2025                             |
     |                              2.9282                             |
     +-----------------------------------------------------------------+

     +-----------------------------------------------------------------+
  4. |                      provincia |  inf2001 | hci~2001 |  inf2025 |
     |               Zamora Chinchipe | 75.81186 | 4.328624 | 92.68789 |
     |-----------------------------------------------------------------|
     |                            hci~2025                             |
     |                            2.526156                             |
     +-----------------------------------------------------------------+

     +-----------------------------------------------------------------+
  5. |                      provincia |  inf2001 | hci~2001 |  inf2025 |
     |                       Cotopaxi | 83.03896 | 2.205834 |  83.9653 |
     |-----------------------------------------------------------------|
     |                            hci~2025                             |
     |                            3.708886                             |
     +-----------------------------------------------------------------+

     +-----------------------------------------------------------------+
  6. |                      provincia |  inf2001 | hci~2001 |  inf2025 |
     |                          Cañar | 86.97667 | 1.925244 |  83.1155 |
     |-----------------------------------------------------------------|
     |                            hci~2025                             |
     |                            3.662095                             |
     +-----------------------------------------------------------------+

     +-----------------------------------------------------------------+
  7. |                      provincia |  inf2001 | hci~2001 |  inf2025 |
     |                         Manabí | 88.67816 |   1.1238 | 82.95272 |
     |-----------------------------------------------------------------|
     |                            hci~2025                             |
     |                            3.276604                             |
     +-----------------------------------------------------------------+

     +-----------------------------------------------------------------+
  8. |                      provincia |  inf2001 | hci~2001 |  inf2025 |
     |                    Santa Elena |        . |        . | 82.53587 |
     |-----------------------------------------------------------------|
     |                            hci~2025                             |
     |                            2.400437                             |
     +-----------------------------------------------------------------+

     +-----------------------------------------------------------------+
  9. |                      provincia |  inf2001 | hci~2001 |  inf2025 |
     |                        Bolívar | 89.48726 | 1.906792 | 81.96947 |
     |-----------------------------------------------------------------|
     |                            hci~2025                             |
     |                            3.917323                             |
     +-----------------------------------------------------------------+

     +-----------------------------------------------------------------+
 10. |                      provincia |  inf2001 | hci~2001 |  inf2025 |
     |                     Tungurahua | 90.90417 | 1.527711 | 81.25046 |
     |-----------------------------------------------------------------|
     |                            hci~2025                             |
     |                            1.813749                             |
     +-----------------------------------------------------------------+

     +-----------------------------------------------------------------+
 11. |                      provincia |  inf2001 | hci~2001 |  inf2025 |
     |                      Sucumbíos | 84.07458 | 2.603248 | 78.98175 |
     |-----------------------------------------------------------------|
     |                            hci~2025                             |
     |                            3.532722                             |
     +-----------------------------------------------------------------+

     +-----------------------------------------------------------------+
 12. |                      provincia |  inf2001 | hci~2001 |  inf2025 |
     |                        Pastaza | 93.88843 | 1.791286 | 78.74321 |
     |-----------------------------------------------------------------|
     |                            hci~2025                             |
     |                            4.203046                             |
     +-----------------------------------------------------------------+

     +-----------------------------------------------------------------+
 13. |                      provincia |  inf2001 | hci~2001 |  inf2025 |
     |                     Esmeraldas | 88.84517 | 1.838809 | 78.30106 |
     |-----------------------------------------------------------------|
     |                            hci~2025                             |
     |                               2.222                             |
     +-----------------------------------------------------------------+

     +-----------------------------------------------------------------+
 14. |                      provincia |  inf2001 | hci~2001 |  inf2025 |
     |                       Los Ríos | 92.34839 | 1.038706 | 77.62811 |
     |-----------------------------------------------------------------|
     |                            hci~2025                             |
     |                            4.033905                             |
     +-----------------------------------------------------------------+

     +-----------------------------------------------------------------+
 15. |                      provincia |  inf2001 | hci~2001 |  inf2025 |
     |                           Loja | 91.72475 | 1.294915 | 77.52484 |
     |-----------------------------------------------------------------|
     |                            hci~2025                             |
     |                            3.028083                             |
     +-----------------------------------------------------------------+

     +-----------------------------------------------------------------+
 16. |                      provincia |  inf2001 | hci~2001 |  inf2025 |
     |                         Carchi | 89.23467 | 2.799159 |  77.0373 |
     |-----------------------------------------------------------------|
     |                            hci~2025                             |
     |                            3.577455                             |
     +-----------------------------------------------------------------+

     +-----------------------------------------------------------------+
 17. |                      provincia |  inf2001 | hci~2001 |  inf2025 |
     |                       Imbabura | 85.08511 |  1.94931 | 75.80413 |
     |-----------------------------------------------------------------|
     |                            hci~2025                             |
     |                            2.561369                             |
     +-----------------------------------------------------------------+

     +-----------------------------------------------------------------+
 18. |                      provincia |  inf2001 | hci~2001 |  inf2025 |
     |                     Chimborazo | 94.20472 | 1.124704 | 75.11426 |
     |-----------------------------------------------------------------|
     |                            hci~2025                             |
     |                            4.370186                             |
     +-----------------------------------------------------------------+

     +-----------------------------------------------------------------+
 19. |                      provincia |  inf2001 | hci~2001 |  inf2025 |
     | Santo Domingo de los Tsáchilas |        . |        . |  74.7507 |
     |-----------------------------------------------------------------|
     |                            hci~2025                             |
     |                            4.077991                             |
     +-----------------------------------------------------------------+

     +-----------------------------------------------------------------+
 20. |                      provincia |  inf2001 | hci~2001 |  inf2025 |
     |                         Guayas | 86.10612 | .7206722 | 72.66162 |
     |-----------------------------------------------------------------|
     |                            hci~2025                             |
     |                            1.661899                             |
     +-----------------------------------------------------------------+

     +-----------------------------------------------------------------+
 21. |                      provincia |  inf2001 | hci~2001 |  inf2025 |
     |                         El Oro | 93.05677 | .9591593 | 71.94832 |
     |-----------------------------------------------------------------|
     |                            hci~2025                             |
     |                            1.813321                             |
     +-----------------------------------------------------------------+

     +-----------------------------------------------------------------+
 22. |                      provincia |  inf2001 | hci~2001 |  inf2025 |
     |                          Azuay | 84.21763 | 1.191611 | 70.92322 |
     |-----------------------------------------------------------------|
     |                            hci~2025                             |
     |                            1.955844                             |
     +-----------------------------------------------------------------+

     +-----------------------------------------------------------------+
 23. |                      provincia |  inf2001 | hci~2001 |  inf2025 |
     |                      Pichincha | 72.59122 | 1.206141 | 61.97021 |
     |-----------------------------------------------------------------|
     |                            hci~2025                             |
     |                            1.669559                             |
     +-----------------------------------------------------------------+

     +-----------------------------------------------------------------+
 24. |                      provincia |  inf2001 | hci~2001 |  inf2025 |
     |                      Galápagos |        . |        . | 47.12217 |
     |-----------------------------------------------------------------|
     |                            hci~2025                             |
     |                            7.024806                             |
     +-----------------------------------------------------------------+

. restore

. 
. 
. 
. * Without CV
. preserve

. keep if inlist(anio, 2001, 2005, 2010, 2015, 2020, 2025)
(1,227,636 observations deleted)

. drop if provincia == 25
(477 observations deleted)

. gen uno = 1

. replace informal2 = informal2*100
(123,454 real changes made)

. collapse (mean) informal2 [iw = fexp], by(provincia anio)

. rename informal2 inf

. reshape wide inf, i(provincia) j(anio)
(j = 2001 2005 2010 2015 2020 2025)

Data                               Long   ->   Wide
-----------------------------------------------------------------------------
Number of observations              134   ->   24          
Number of variables                   3   ->   7           
j variable (6 values)              anio   ->   (dropped)
xij variables:
                                    inf   ->   inf2001 inf2005 ... inf2025
-----------------------------------------------------------------------------

. gsort -inf2025

. capture file close tex

. file open tex using "$out_results/informalidad_provincia.tex", write replace

. file write tex "\begin{table}[htbp]" _n

. file write tex "\centering" _n

. file write tex "\caption{Tasa de informalidad por provincia, Ecuador}" _n

. file write tex "\label{tab:informal_prov}" _n

. file write tex "\begin{tabular}{lcccccc}" _n

. file write tex "\hline\hline" _n

. file write tex "Provincia & 2001 & 2005 & 2010 & 2015 & 2020 & 2025 \\" _n

. file write tex "\hline" _n

. local nobs = _N

. forvalues i = 1/`nobs' {
  2.     local prov : label (provincia) `=provincia[`i']'
  3.     foreach yr in 2001 2005 2010 2015 2020 2025 {
  4.         local v`yr' = inf`yr'[`i']
  5.         if missing(`v`yr'') {
  6.             local f`yr' = "--"
  7.         }
  8.         else {
  9.             local f`yr' = string(`v`yr'', "%4.1f")
 10.         }
 11.     }
 12.     file write tex "`prov' & `f2001' & `f2005' & `f2010' & `f2015' & `f202
> 0' & `f2025' \\" _n
 13. }

. file write tex "\hline\hline" _n

. file write tex "\end{tabular}" _n

. file write tex "\end{table}" _n

. file close tex

. display "Tabla exportada a: informalidad_provincia.tex"
Tabla exportada a: informalidad_provincia.tex

. list provincia inf2001 inf2025, sep(0)

     +------------------------------------------------------+
     |                      provincia    inf2001    inf2025 |
     |------------------------------------------------------|
  1. |                           Napo   65.66104   95.05767 |
  2. |                       Orellana          .   94.83044 |
  3. |                Morona Santiago   89.78413   93.94141 |
  4. |               Zamora Chinchipe   75.81186   92.68789 |
  5. |                       Cotopaxi   83.03896    83.9653 |
  6. |                          Cañar   86.97667    83.1155 |
  7. |                         Manabí   88.67816   82.95272 |
  8. |                    Santa Elena          .   82.53587 |
  9. |                        Bolívar   89.48726   81.96947 |
 10. |                     Tungurahua   90.90417   81.25046 |
 11. |                      Sucumbíos   84.07458   78.98175 |
 12. |                        Pastaza   93.88843   78.74321 |
 13. |                     Esmeraldas   88.84517   78.30106 |
 14. |                       Los Ríos   92.34839   77.62811 |
 15. |                           Loja   91.72475   77.52484 |
 16. |                         Carchi   89.23467    77.0373 |
 17. |                       Imbabura   85.08511   75.80413 |
 18. |                     Chimborazo   94.20472   75.11426 |
 19. | Santo Domingo de los Tsáchilas          .    74.7507 |
 20. |                         Guayas   86.10612   72.66162 |
 21. |                         El Oro   93.05677   71.94832 |
 22. |                          Azuay   84.21763   70.92322 |
 23. |                      Pichincha   72.59122   61.97021 |
 24. |                      Galápagos          .   47.12217 |
     +------------------------------------------------------+

. restore

. 
. 
. * ============================================================
. * TABLA LATEX: INFORMALIDAD POR RAMA DE ACTIVIDAD - 2001-2025 (cada 5 años)
. * ============================================================
. preserve

.     keep if inlist(anio, 2001, 2005, 2010, 2015, 2020, 2025)
(1,227,636 observations deleted)

.     gen uno = 1

.     collapse (mean) informal2 (rawsum) N=uno [iw = fexp] if anio != 2002, by(
> rama1 anio)

.         export excel using "$out_results/informalidad_rama.xlsx", replace fir
> strow(var)
file /Users/santiago/Library/CloudStorage/GoogleDrive-observatorio.pobreza@flac
> so.edu.ec/Mi unidad/Boletín 3/4. Resultados/informalidad/informalidad_rama.xl
> sx saved

.         replace informal2 = informal2 * 100
(122 real changes made)

.     rename informal2 inf

.     keep rama1 anio inf

.     reshape wide inf, i(rama1) j(anio)
(j = 2001 2005 2010 2015 2020 2025)

Data                               Long   ->   Wide
-----------------------------------------------------------------------------
Number of observations              132   ->   22          
Number of variables                   3   ->   7           
j variable (6 values)              anio   ->   (dropped)
xij variables:
                                    inf   ->   inf2001 inf2005 ... inf2025
-----------------------------------------------------------------------------

.     drop if missing(rama1)
(1 observation deleted)

.     
.     * --- Etiquetas cortas para la tabla ---
.     gen rama_short = ""
(21 missing values generated)

.     replace rama_short = "Agricultura y pesca"          if rama1 == 1
variable rama_short was str1 now str19
(1 real change made)

.     replace rama_short = "Minas y canteras"              if rama1 == 2
(1 real change made)

.     replace rama_short = "Manufactura"                   if rama1 == 3
(1 real change made)

.     replace rama_short = "Electricidad y gas"            if rama1 == 4
(1 real change made)

.     replace rama_short = "Agua y saneamiento"            if rama1 == 5
(1 real change made)

.     replace rama_short = "Construcci\'{o}n"              if rama1 == 6
(1 real change made)

.     replace rama_short = "Comercio y rep. veh\'{i}culos" if rama1 == 7
variable rama_short was str19 now str29
(1 real change made)

.     replace rama_short = "Transporte y almacenamiento"   if rama1 == 8
(1 real change made)

.     replace rama_short = "Alojamiento y comidas"         if rama1 == 9
(1 real change made)

.     replace rama_short = "Informaci\'{o}n y comunicaciones" if rama1 == 10
variable rama_short was str29 now str32
(1 real change made)

.     replace rama_short = "Actividades financieras"       if rama1 == 11
(1 real change made)

.     replace rama_short = "Actividades inmobiliarias"     if rama1 == 12
(1 real change made)

.     replace rama_short = "Activ. profesionales y t\'{e}c." if rama1 == 13
(1 real change made)

.     replace rama_short = "Servicios administrativos"     if rama1 == 14
(1 real change made)

.     replace rama_short = "Administraci\'{o}n p\'{u}blica" if rama1 == 15
(1 real change made)

.     replace rama_short = "Ense\~{n}anza"                 if rama1 == 16
(1 real change made)

.     replace rama_short = "Salud y asistencia social"     if rama1 == 17
(1 real change made)

.     replace rama_short = "Artes y entretenimiento"       if rama1 == 18
(1 real change made)

.     replace rama_short = "Otros servicios"               if rama1 == 19
(1 real change made)

.     replace rama_short = "Hogares como empleadores"      if rama1 == 20
(1 real change made)

.     replace rama_short = "Org. extraterritoriales"       if rama1 == 21
(1 real change made)

.     
.     gsort -inf2025

.     
.     capture file close tex

.     file open tex using "$out_results/informalidad_rama.tex", write replace

.     file write tex "\begin{table}[htbp]" _n

.     file write tex "\centering" _n

.     file write tex "\small" _n

.     file write tex "\caption{Tasa de informalidad por rama de actividad, Ecua
> dor}" _n

.     file write tex "\label{tab:informal_rama}" _n

.     file write tex "\begin{tabular}{lcccccc}" _n

.     file write tex "\hline\hline" _n

.     file write tex "Rama de actividad & 2001 & 2005 & 2010 & 2015 & 2020 & 20
> 25 \\" _n

.     file write tex "\hline" _n

.     
.     local nobs = _N

.     
.     forvalues i = 1/`nobs' {
  2.         local rama = rama_short[`i']
  3.         local f01 = cond(missing(inf2001[`i']), "--", string(inf2001[`i'],
>  "%6.1f"))
  4.         local f05 = cond(missing(inf2005[`i']), "--", string(inf2005[`i'],
>  "%6.1f"))
  5.         local f10 = cond(missing(inf2010[`i']), "--", string(inf2010[`i'],
>  "%6.1f"))
  6.         local f15 = cond(missing(inf2015[`i']), "--", string(inf2015[`i'],
>  "%6.1f"))
  7.         local f20 = cond(missing(inf2020[`i']), "--", string(inf2020[`i'],
>  "%6.1f"))
  8.         local f25 = cond(missing(inf2025[`i']), "--", string(inf2025[`i'],
>  "%6.1f"))
  9.         file write tex "`rama' & `f01' & `f05' & `f10' & `f15' & `f20' & `
> f25' \\" _n
 10.     }

.     
.     file write tex "\hline\hline" _n

.     file write tex "\end{tabular}" _n

.     file write tex "\begin{tablenotes}" _n

.     file write tex "\small" _n

.     file write tex "\item \textit{Nota:} Ramas de actividad ordenadas por tas
> a de informalidad en 2025 (descendente)." _n

.     file write tex "\end{tablenotes}" _n

.     file write tex "\end{table}" _n

.     file close tex

.     display "Tabla exportada a: informalidad_rama.tex"
Tabla exportada a: informalidad_rama.tex

. restore

. 
. *============================================================
. **# GRÁFICO INFORMALIDAD POR EDAD
. * ============================================================
. 
. gen age_cat = .
(1,502,451 missing values generated)

. replace age_cat = 1 if edad >= 18 & edad <= 29
(404,823 real changes made)

. replace age_cat = 2 if edad >= 30 & edad <= 64
(747,600 real changes made)

. replace age_cat = 3 if edad >= 65 & edad < 98
(173,128 real changes made)

. label variable age_cat "Age category"

. label define age_cat_lbl 1 "18-29" 2 "30-64" 3 "65+"

. label values age_cat age_cat_lbl

. tab age_cat

        Age |
   category |      Freq.     Percent        Cum.
------------+-----------------------------------
      18-29 |    404,823       30.54       30.54
      30-64 |    747,600       56.40       86.94
        65+ |    173,128       13.06      100.00
------------+-----------------------------------
      Total |  1,325,551      100.00

. 
. 
. * Nacional
. preserve

.     keep if anio >= 2001
(307,246 observations deleted)

.     drop if missing(age_cat)
(110,875 observations deleted)

.     gen uno = 1

.     collapse (mean) informal2 (rawsum) N=uno [iw = fexp] if anio != 2002, by(
> anio age_cat)

.     export excel using "$out_results/Tablas/informalidad_edad.xlsx", firstrow
> (var) replace
file /Users/santiago/Library/CloudStorage/GoogleDrive-observatorio.pobreza@flac
> so.edu.ec/Mi unidad/Boletín 3/4. Resultados/informalidad/Tablas/informalidad_
> edad.xlsx saved

.     reshape wide informal2 N, i(anio) j(age_cat)
(j = 1 2 3)

Data                               Long   ->   Wide
-----------------------------------------------------------------------------
Number of observations               72   ->   24          
Number of variables                   4   ->   7           
j variable (3 values)           age_cat   ->   (dropped)
xij variables:
                              informal2   ->   informal21 informal22 informal23
                                      N   ->   N1 N2 N3
-----------------------------------------------------------------------------

.     gen se_1 = sqrt((informal21*(1-informal21))/N1)

.     gen se_2 = sqrt((informal22*(1-informal22))/N2)

.     gen se_3 = sqrt((informal23*(1-informal23))/N3)

.     gen ub_1 = informal21 + 1.96*se_1

.     gen lb_1 = informal21 - 1.96*se_1

.     gen ub_2 = informal22 + 1.96*se_2

.     gen lb_2 = informal22 - 1.96*se_2

.     gen ub_3 = informal23 + 1.96*se_3

.     gen lb_3 = informal23 - 1.96*se_3

.     foreach var in ub_1 ub_2 ub_3 {
  2.         replace `var' = min(`var', 1)
  3.     }
(0 real changes made)
(0 real changes made)
(0 real changes made)

.     foreach var in lb_1 lb_2 lb_3 {
  2.         replace `var' = max(`var', 0)
  3.     }
(0 real changes made)
(0 real changes made)
(0 real changes made)

.     list anio informal21 se_1 ub_1 lb_1 informal22 se_2 ub_2 lb_2 informal23 
> se_3 ub_3 lb_3, sepby(anio)

     +------------------------------------------------------------------------+
  1. | anio | infor~21 |     se_1 |     ub_1 |     lb_1 | infor~22 |     se_2 |
     | 2001 | .8705534 | .0030053 | .8764437 |  .864663 | .8172034 | .0027462 |
     |------------------------------------------------------------------------|
     |     ub_2  |     lb_2  | infor~23  |     se_3  |     ub_3  |      lb_3  |
     | .8225859  | .8118209  | .9347009  | .0040457  | .9426305  |  .9267713  |
     +------------------------------------------------------------------------+

     +------------------------------------------------------------------------+
  2. | anio | infor~21 |     se_1 |     ub_1 |     lb_1 | infor~22 |     se_2 |
     | 2003 |  .838164 | .0029587 | .8439631 | .8323649 | .7936918 | .0024681 |
     |------------------------------------------------------------------------|
     |     ub_2  |     lb_2  | infor~23  |     se_3  |     ub_3  |      lb_3  |
     | .7985293  | .7888544  |  .934537  | .0032993  | .9410037  |  .9280702  |
     +------------------------------------------------------------------------+

     +------------------------------------------------------------------------+
  3. | anio | infor~21 |     se_1 |     ub_1 |     lb_1 | infor~22 |     se_2 |
     | 2004 | .8566907 | .0028285 | .8622345 | .8511469 | .7990571 | .0024094 |
     |------------------------------------------------------------------------|
     |     ub_2  |     lb_2  | infor~23  |     se_3  |     ub_3  |      lb_3  |
     | .8037795  | .7943346  | .9269612  | .0032691  | .9333687  |  .9205537  |
     +------------------------------------------------------------------------+

     +------------------------------------------------------------------------+
  4. | anio | infor~21 |     se_1 |     ub_1 |     lb_1 | infor~22 |     se_2 |
     | 2005 | .8411131 | .0030303 | .8470524 | .8351738 | .7832506 | .0025407 |
     |------------------------------------------------------------------------|
     |     ub_2  |     lb_2  | infor~23  |     se_3  |     ub_3  |      lb_3  |
     | .7882304  | .7782709  | .9210796  | .0035041  | .9279478  |  .9142115  |
     +------------------------------------------------------------------------+

     +------------------------------------------------------------------------+
  5. | anio | infor~21 |     se_1 |     ub_1 |     lb_1 | infor~22 |     se_2 |
     | 2006 |  .852256 | .0029367 |  .858012 |    .8465 | .8110195 | .0024075 |
     |------------------------------------------------------------------------|
     |     ub_2  |     lb_2  | infor~23  |     se_3  |     ub_3  |      lb_3  |
     | .8157382  | .8063009  | .9272949  | .0032831  | .9337297  |  .9208601  |
     +------------------------------------------------------------------------+

     +------------------------------------------------------------------------+
  6. | anio | infor~21 |     se_1 |     ub_1 |     lb_1 | infor~22 |     se_2 |
     | 2007 | .8103859 |  .003305 | .8168637 | .8039082 | .7628914 | .0026112 |
     |------------------------------------------------------------------------|
     |     ub_2  |     lb_2  | infor~23  |     se_3  |     ub_3  |      lb_3  |
     | .7680094  | .7577733  | .9193683  | .0034886  |  .926206  |  .9125307  |
     +------------------------------------------------------------------------+

     +------------------------------------------------------------------------+
  7. | anio | infor~21 |     se_1 |     ub_1 |     lb_1 | infor~22 |     se_2 |
     | 2008 | .7896148 | .0033963 | .7962715 | .7829581 | .7437956 | .0026344 |
     |------------------------------------------------------------------------|
     |     ub_2  |     lb_2  | infor~23  |     se_3  |     ub_3  |      lb_3  |
     | .7489589  | .7386322  | .8937563  | .0037371  | .9010811  |  .8864316  |
     +------------------------------------------------------------------------+

     +------------------------------------------------------------------------+
  8. | anio | infor~21 |     se_1 |     ub_1 |     lb_1 | infor~22 |     se_2 |
     | 2009 | .7615275 | .0034926 |  .768373 | .7546821 | .7469531 | .0025965 |
     |------------------------------------------------------------------------|
     |     ub_2  |     lb_2  | infor~23  |     se_3  |     ub_3  |      lb_3  |
     | .7520422  | .7418639  | .9113237  | .0033256  | .9178419  |  .9048055  |
     +------------------------------------------------------------------------+

     +------------------------------------------------------------------------+
  9. | anio | infor~21 |     se_1 |     ub_1 |     lb_1 | infor~22 |     se_2 |
     | 2010 | .6959671 |  .003723 | .7032642 | .6886701 | .7126232 | .0026167 |
     |------------------------------------------------------------------------|
     |     ub_2  |     lb_2  | infor~23  |     se_3  |     ub_3  |      lb_3  |
     | .7177519  | .7074946  | .8986378  | .0033278  | .9051604  |  .8921152  |
     +------------------------------------------------------------------------+

     +------------------------------------------------------------------------+
 10. | anio | infor~21 |     se_1 |     ub_1 |     lb_1 | infor~22 |     se_2 |
     | 2011 | .6689879 | .0041744 | .6771697 | .6608061 | .6700014 | .0029174 |
     |------------------------------------------------------------------------|
     |     ub_2  |     lb_2  | infor~23  |     se_3  |     ub_3  |      lb_3  |
     | .6757194  | .6642833  | .9152924  | .0032503  |  .921663  |  .9089218  |
     +------------------------------------------------------------------------+

     +------------------------------------------------------------------------+
 11. | anio | infor~21 |     se_1 |     ub_1 |     lb_1 | infor~22 |     se_2 |
     | 2012 | .6333075 |  .004207 | .6415533 | .6250618 | .6648968 | .0028342 |
     |------------------------------------------------------------------------|
     |     ub_2  |     lb_2  | infor~23  |     se_3  |     ub_3  |      lb_3  |
     | .6704518  | .6593418  | .8938152  | .0033498  | .9003808  |  .8872496  |
     +------------------------------------------------------------------------+

     +------------------------------------------------------------------------+
 12. | anio | infor~21 |     se_1 |     ub_1 |     lb_1 | infor~22 |     se_2 |
     | 2013 | .6234496 | .0039899 | .6312698 | .6156294 | .6393006 | .0027954 |
     |------------------------------------------------------------------------|
     |     ub_2  |     lb_2  | infor~23  |     se_3  |     ub_3  |      lb_3  |
     | .6447797  | .6338216  |  .896302  | .0035967  | .9033515  |  .8892526  |
     +------------------------------------------------------------------------+

     +------------------------------------------------------------------------+
 13. | anio | infor~21 |     se_1 |     ub_1 |     lb_1 | infor~22 |     se_2 |
     | 2014 | .6151283 | .0033286 | .6216523 | .6086043 | .6260868 | .0023622 |
     |------------------------------------------------------------------------|
     |     ub_2  |     lb_2  | infor~23  |     se_3  |     ub_3  |      lb_3  |
     | .6307167  | .6214569  | .9010014  | .0030284  |  .906937  |  .8950658  |
     +------------------------------------------------------------------------+

     +------------------------------------------------------------------------+
 14. | anio | infor~21 |     se_1 |     ub_1 |     lb_1 | infor~22 |     se_2 |
     | 2015 | .6310357 | .0033155 |  .637534 | .6245373 |   .62589 | .0023967 |
     |------------------------------------------------------------------------|
     |     ub_2  |     lb_2  | infor~23  |     se_3  |     ub_3  |      lb_3  |
     | .6305875  | .6211926  | .9022936  | .0031637  | .9084945  |  .8960928  |
     +------------------------------------------------------------------------+

     +------------------------------------------------------------------------+
 15. | anio | infor~21 |     se_1 |     ub_1 |     lb_1 | infor~22 |     se_2 |
     | 2016 | .6735273 | .0032342 | .6798663 | .6671883 | .6548131 | .0023152 |
     |------------------------------------------------------------------------|
     |     ub_2  |     lb_2  | infor~23  |     se_3  |     ub_3  |      lb_3  |
     | .6593509  | .6502753  | .9127945  | .0028988  |  .918476  |  .9071129  |
     +------------------------------------------------------------------------+

     +------------------------------------------------------------------------+
 16. | anio | infor~21 |     se_1 |     ub_1 |     lb_1 | infor~22 |     se_2 |
     | 2017 | .6820138 | .0032316 | .6883477 | .6756799 | .6648156 | .0023183 |
     |------------------------------------------------------------------------|
     |     ub_2  |     lb_2  | infor~23  |     se_3  |     ub_3  |      lb_3  |
     | .6693596  | .6602716  | .9173447  | .0028331  | .9228975  |  .9117919  |
     +------------------------------------------------------------------------+

     +------------------------------------------------------------------------+
 17. | anio | infor~21 |     se_1 |     ub_1 |     lb_1 | infor~22 |     se_2 |
     | 2018 | .7049457 | .0043025 | .7133786 | .6965128 | .6802176 | .0030569 |
     |------------------------------------------------------------------------|
     |     ub_2  |     lb_2  | infor~23  |     se_3  |     ub_3  |      lb_3  |
     | .6862093  |  .674226  | .9244034  | .0033062  | .9308836  |  .9179233  |
     +------------------------------------------------------------------------+

     +------------------------------------------------------------------------+
 18. | anio | infor~21 |     se_1 |     ub_1 |     lb_1 | infor~22 |     se_2 |
     | 2019 | .7348265 | .0042198 | .7430972 | .7265558 | .6904561 | .0030096 |
     |------------------------------------------------------------------------|
     |     ub_2  |     lb_2  | infor~23  |     se_3  |     ub_3  |      lb_3  |
     | .6963549  | .6845573  |  .918739  | .0032953  | .9251979  |  .9122801  |
     +------------------------------------------------------------------------+

     +------------------------------------------------------------------------+
 19. | anio | infor~21 |     se_1 |     ub_1 |     lb_1 | infor~22 |     se_2 |
     | 2020 | .8108044 | .0050513 |  .820705 | .8009039 | .7356918 | .0039872 |
     |------------------------------------------------------------------------|
     |     ub_2  |     lb_2  | infor~23  |     se_3  |     ub_3  |      lb_3  |
     | .7435068  | .7278768  | .9463809  | .0038604  | .9539472  |  .9388145  |
     +------------------------------------------------------------------------+

     +------------------------------------------------------------------------+
 20. | anio | infor~21 |     se_1 |     ub_1 |     lb_1 | infor~22 |     se_2 |
     | 2021 | .7916642 | .0052131 | .8018818 | .7814466 | .7304456 | .0040269 |
     |------------------------------------------------------------------------|
     |     ub_2  |     lb_2  | infor~23  |     se_3  |     ub_3  |      lb_3  |
     | .7383384  | .7225529  | .9120913  | .0049322  | .9217584  |  .9024241  |
     +------------------------------------------------------------------------+

     +------------------------------------------------------------------------+
 21. | anio | infor~21 |     se_1 |     ub_1 |     lb_1 | infor~22 |     se_2 |
     | 2022 | .7678924 | .0056613 | .7789886 | .7567962 | .7212029 | .0040907 |
     |------------------------------------------------------------------------|
     |     ub_2  |     lb_2  | infor~23  |     se_3  |     ub_3  |      lb_3  |
     | .7292206  | .7131853  | .9190464  | .0046486  | .9281576  |  .9099352  |
     +------------------------------------------------------------------------+

     +------------------------------------------------------------------------+
 22. | anio | infor~21 |     se_1 |     ub_1 |     lb_1 | infor~22 |     se_2 |
     | 2023 | .7917998 |   .00561 | .8027955 | .7808042 | .7257882 | .0041236 |
     |------------------------------------------------------------------------|
     |     ub_2  |     lb_2  | infor~23  |     se_3  |     ub_3  |      lb_3  |
     | .7338705  | .7177058  | .9254177  | .0043581  | .9339595  |  .9168758  |
     +------------------------------------------------------------------------+

     +------------------------------------------------------------------------+
 23. | anio | infor~21 |     se_1 |     ub_1 |     lb_1 | infor~22 |     se_2 |
     | 2024 | .7797717 | .0058308 | .7912002 | .7683433 | .7475658 | .0040484 |
     |------------------------------------------------------------------------|
     |     ub_2  |     lb_2  | infor~23  |     se_3  |     ub_3  |      lb_3  |
     | .7555007  | .7396309  | .9242646  | .0042751  | .9326438  |  .9158853  |
     +------------------------------------------------------------------------+

     +------------------------------------------------------------------------+
 24. | anio | infor~21 |     se_1 |     ub_1 |     lb_1 | infor~22 |     se_2 |
     | 2025 | .7875676 | .0056793 |  .798699 | .7764361 | .7272873 | .0041382 |
     |------------------------------------------------------------------------|
     |     ub_2  |     lb_2  | infor~23  |     se_3  |     ub_3  |      lb_3  |
     | .7353982  | .7191764  | .9408885  | .0038062  | .9483487  |  .9334282  |
     +------------------------------------------------------------------------+

.     sum se_1 se_2 se_3

    Variable |        Obs        Mean    Std. dev.       Min        Max
-------------+---------------------------------------------------------
        se_1 |         24    .0039886    .0010023   .0028285   .0058308
        se_2 |         24    .0029772    .0006757   .0023152   .0041382
        se_3 |         24    .0035785    .0005379   .0028331   .0049322

.     gen diff_1v2    = informal21 - informal22

.     gen se_diff_1v2 = sqrt(se_1^2 + se_2^2)

.     gen p_1v2       = 2 * normal(-abs(diff_1v2 / se_diff_1v2))

.     gen sig_1v2     = (p_1v2 < 0.05)

.     gen diff_1v3    = informal21 - informal23

.     gen se_diff_1v3 = sqrt(se_1^2 + se_3^2)

.     gen p_1v3       = 2 * normal(-abs(diff_1v3 / se_diff_1v3))

.     gen sig_1v3     = (p_1v3 < 0.05)

.     gen diff_2v3    = informal22 - informal23

.     gen se_diff_2v3 = sqrt(se_2^2 + se_3^2)

.     gen p_2v3       = 2 * normal(-abs(diff_2v3 / se_diff_2v3))

.     gen sig_2v3     = (p_2v3 < 0.05)

.     list anio diff_1v2 p_1v2 sig_1v2 diff_1v3 p_1v3 sig_1v3 diff_2v3 p_2v3 si
> g_2v3 ///
>          if !sig_1v2 | !sig_1v3 | !sig_2v3, noobs sep(0)

  +---------------------------------------------------------------------+
  | anio |  diff_1v2 |    p_1v2 | sig_1v2 |  diff_1v3 | p_1v3 | sig_1v3 |
  | 2011 | -.0010135 | .8422548 |       0 | -.2463046 |     0 |       1 |
  |---------------------------------------------------------------------|
  |        diff_2v3        |       p_2v3        |        sig_2v3        |
  |       -.2452911        |           0        |              1        |
  +---------------------------------------------------------------------+

  +---------------------------------------------------------------------+
  | anio |  diff_1v2 |    p_1v2 | sig_1v2 |  diff_1v3 | p_1v3 | sig_1v3 |
  | 2015 |  .0051457 | .2084638 |       0 | -.2712579 |     0 |       1 |
  |---------------------------------------------------------------------|
  |        diff_2v3        |       p_2v3        |        sig_2v3        |
  |       -.2764036        |           0        |              1        |
  +---------------------------------------------------------------------+

.     foreach g in 1 2 3 {
  2.         replace informal2`g' = informal2`g' * 100
  3.         replace ub_`g'       = ub_`g'       * 100
  4.         replace lb_`g'       = lb_`g'       * 100
  5.     }
(24 real changes made)
(24 real changes made)
(24 real changes made)
(24 real changes made)
(24 real changes made)
(24 real changes made)
(24 real changes made)
(24 real changes made)
(24 real changes made)

. 
.     * --- Etiquetas de valor solo en años seleccionados ---
.     gen lbl_1 = informal21 if inlist(anio, 2001, 2006, 2014, 2020, 2025)
(19 missing values generated)

.     gen lbl_2 = informal22 if inlist(anio, 2001, 2006, 2014, 2020, 2025)
(19 missing values generated)

.     gen lbl_3 = informal23 if inlist(anio, 2001, 2006, 2014, 2020, 2025)
(19 missing values generated)

.     replace lbl_1 = . if anio == 2014
(1 real change made, 1 to missing)

.     format lbl_1 lbl_2 lbl_3 %9.1f

. 
.     twoway ///
>         (connected informal21 anio, sort lcolor(navy) mcolor(navy) lwidth(med
> ium)) ///
>         (connected informal22 anio, sort lcolor(maroon) mcolor(maroon) lwidth
> (medium)) ///
>         (connected informal23 anio, sort lcolor(forest_green) mcolor(forest_g
> reen) lwidth(medium)) ///
>         (scatter lbl_1 anio, msymbol(none) mlabel(lbl_1) mlabposition(12) mla
> bcolor(navy)         mlabsize(vsmall)) ///
>         (scatter lbl_2 anio, msymbol(none) mlabel(lbl_2) mlabposition(12) mla
> bcolor(maroon)       mlabsize(vsmall)) ///
>         (scatter lbl_3 anio, msymbol(none) mlabel(lbl_3) mlabposition(6)  mla
> bcolor(forest_green) mlabsize(vsmall)), ///
>         legend(order(1 "18-29" 2 "30-64" 3 "65+") position(6) rows(1) size(sm
> all)) ///
>         xlabel(2001(2)2025, angle(90)) ///
>         ylabel(50(10)100, format(%9.0f)) ///
>         yscale(range(50 100)) ///
>                 xtitle("") ///
>         graphregion(color(white)) ///
>         name(informal2_edad, replace)

.     graph export "$out_results/informal2_edad.png", replace width(3000)
file /Users/santiago/Library/CloudStorage/GoogleDrive-observatorio.pobreza@flac
> so.edu.ec/Mi unidad/Boletín 3/4. Resultados/informalidad/informal2_edad.png w
> ritten in PNG format

. restore

. 
. /*
> * Urbano
> preserve 
>     keep if area == 1
>     keep if anio >= 2001 & anio <= 2024
>     drop if missing(age_cat)
>     gen uno = 1 
>     collapse (mean) informal2 (rawsum) N=uno [iw = fexp] if anio != 2002, by(
> anio age_cat)
>     reshape wide informal2 N, i(anio) j(age_cat)
>     gen se_1 = sqrt((informal21*(1-informal21))/N1)
>     gen se_2 = sqrt((informal22*(1-informal22))/N2)
>     gen se_3 = sqrt((informal23*(1-informal23))/N3)
>     foreach g in 1 2 3 {
>         gen ub_`g' = informal2`g' + 1.96*se_`g'
>         gen lb_`g' = informal2`g' - 1.96*se_`g'
>         replace ub_`g' = min(ub_`g', 1)
>         replace lb_`g' = max(lb_`g', 0)
>     }
>     list anio informal21 se_1 ub_1 lb_1 informal22 se_2 ub_2 lb_2 informal23 
> se_3 ub_3 lb_3, sepby(anio)
>     sum se_1 se_2 se_3
>     gen diff_1v2    = informal21 - informal22
>     gen se_diff_1v2 = sqrt(se_1^2 + se_2^2)
>     gen p_1v2       = 2 * normal(-abs(diff_1v2 / se_diff_1v2))
>     gen sig_1v2     = (p_1v2 < 0.05)
>     gen diff_1v3    = informal21 - informal23
>     gen se_diff_1v3 = sqrt(se_1^2 + se_3^2)
>     gen p_1v3       = 2 * normal(-abs(diff_1v3 / se_diff_1v3))
>     gen sig_1v3     = (p_1v3 < 0.05)
>     gen diff_2v3    = informal22 - informal23
>     gen se_diff_2v3 = sqrt(se_2^2 + se_3^2)
>     gen p_2v3       = 2 * normal(-abs(diff_2v3 / se_diff_2v3))
>     gen sig_2v3     = (p_2v3 < 0.05)
>     list anio diff_1v2 p_1v2 sig_1v2 diff_1v3 p_1v3 sig_1v3 diff_2v3 p_2v3 si
> g_2v3 ///
>          if !sig_1v2 | !sig_1v3 | !sig_2v3, noobs sep(0)
>     foreach g in 1 2 3 {
>         replace informal2`g' = informal2`g' * 100
>         replace ub_`g'       = ub_`g'       * 100
>         replace lb_`g'       = lb_`g'       * 100
>     }
>     twoway ///
>         (rarea ub_1 lb_1 anio, sort color(navy%30)) ///
>         (connected informal21 anio, sort lcolor(navy) mcolor(navy) lwidth(med
> ium)) ///
>         (rarea ub_2 lb_2 anio, sort color(maroon%30)) ///
>         (connected informal22 anio, sort lcolor(maroon) mcolor(maroon) lwidth
> (medium)) ///
>         (rarea ub_3 lb_3 anio, sort color(forest_green%30)) ///
>         (connected informal23 anio, sort lcolor(forest_green) mcolor(forest_g
> reen) lwidth(medium)), ///
>         legend(order(2 "18-29" 4 "30-64" 6 "65+")) ///
>         xlabel(2000(2)2024, angle(45)) ///
>         ylabel(50(10)100, format(%9.0f)) ///
>         yscale(range(50 100)) ///
>                 ytitle("Informalidad (%)") ///
>         graphregion(color(white)) ///
>         name(informal2_edad_urb_IC, replace)
>     *graph export "$out_results/informal2_edad_urb_IC.png", replace
> restore
> */
. 
. * ============================================================
. **# GRÁFICO INFORMALIDAD POR ETNIA
. * ============================================================
. 
. * Nacional — desde 2003 (primer año con datos completos post-2002)
. preserve 

.     keep if anio >= 2003 & anio <= 2024
(385,860 observations deleted)

.     drop if missing(etnia_arm)
(6 observations deleted)

.     gen uno = 1 

.     collapse (mean) informal2 (rawsum) N=uno [iw = fexp] if anio != 2002, by(
> anio etnia_arm)

.         export excel using "$out_results/Tablas/informalidad_etnia.xlsx", rep
> lace firstrow(var)
file /Users/santiago/Library/CloudStorage/GoogleDrive-observatorio.pobreza@flac
> so.edu.ec/Mi unidad/Boletín 3/4. Resultados/informalidad/Tablas/informalidad_
> etnia.xlsx saved

.     tab etnia_arm

         Etnia |
  (armonizado) |      Freq.     Percent        Cum.
---------------+-----------------------------------
      Indígena |         22       25.00       25.00
    Negro/Afro |         22       25.00       50.00
Blanco/Mestizo |         22       25.00       75.00
          Otro |         22       25.00      100.00
---------------+-----------------------------------
         Total |         88      100.00

.     reshape wide informal2 N, i(anio) j(etnia_arm)
(j = 1 2 3 4)

Data                               Long   ->   Wide
-----------------------------------------------------------------------------
Number of observations               88   ->   22          
Number of variables                   4   ->   9           
j variable (4 values)         etnia_arm   ->   (dropped)
xij variables:
                              informal2   ->   informal21 informal22 ... inform
> al24
                                      N   ->   N1 N2 ... N4
-----------------------------------------------------------------------------

.     foreach g in 1 2 3 {
  2.         gen se_`g' = sqrt((informal2`g'*(1-informal2`g'))/N`g')
  3.         gen ub_`g' = informal2`g' + 1.96*se_`g'
  4.         gen lb_`g' = informal2`g' - 1.96*se_`g'
  5.         replace ub_`g' = min(ub_`g', 1)
  6.         replace lb_`g' = max(lb_`g', 0)
  7.     }
(0 real changes made)
(0 real changes made)
(0 real changes made)
(0 real changes made)
(0 real changes made)
(0 real changes made)

.     list anio informal21 se_1 ub_1 lb_1 informal22 se_2 ub_2 lb_2 informal23 
> se_3 ub_3 lb_3, sepby(anio)

     +------------------------------------------------------------------------+
  1. | anio | infor~21 |     se_1 |     ub_1 |     lb_1 | infor~22 |     se_2 |
     | 2003 | .9399157 | .0033942 | .9465683 |  .933263 | .8930444 | .0057831 |
     |------------------------------------------------------------------------|
     |     ub_2  |     lb_2  | infor~23  |     se_3  |     ub_3  |      lb_3  |
     | .9043792  | .8817096  | .8081181  | .0018431  | .8117306  |  .8045056  |
     +------------------------------------------------------------------------+

     +------------------------------------------------------------------------+
  2. | anio | infor~21 |     se_1 |     ub_1 |     lb_1 | infor~22 |     se_2 |
     | 2004 | .9519533 | .0031369 | .9581017 | .9458049 |  .867564 |  .006889 |
     |------------------------------------------------------------------------|
     |     ub_2  |     lb_2  | infor~23  |     se_3  |     ub_3  |      lb_3  |
     | .8810664  | .8540616  | .8204889  | .0017551  |  .823929  |  .8170488  |
     +------------------------------------------------------------------------+

     +------------------------------------------------------------------------+
  3. | anio | infor~21 |     se_1 |     ub_1 |     lb_1 | infor~22 |     se_2 |
     | 2005 | .9526488 | .0033133 | .9591429 | .9461547 | .8668116 | .0067685 |
     |------------------------------------------------------------------------|
     |     ub_2  |     lb_2  | infor~23  |     se_3  |     ub_3  |      lb_3  |
     |  .880078  | .8535453  | .8045303  | .0018631  |  .808182  |  .8008785  |
     +------------------------------------------------------------------------+

     +------------------------------------------------------------------------+
  4. | anio | infor~21 |     se_1 |     ub_1 |     lb_1 | infor~22 |     se_2 |
     | 2006 | .9603674 | .0029604 | .9661698 |  .954565 |  .894542 | .0059153 |
     |------------------------------------------------------------------------|
     |     ub_2  |     lb_2  | infor~23  |     se_3  |     ub_3  |      lb_3  |
     |  .906136  | .8829479  | .8263938  | .0017748  | .8298725  |  .8229152  |
     +------------------------------------------------------------------------+

     +------------------------------------------------------------------------+
  5. | anio | infor~21 |     se_1 |     ub_1 |     lb_1 | infor~22 |     se_2 |
     | 2007 | .9352957 | .0039387 | .9430156 | .9275758 | .8181379 | .0074903 |
     |------------------------------------------------------------------------|
     |     ub_2  |     lb_2  | infor~23  |     se_3  |     ub_3  |      lb_3  |
     | .8328189  |  .803457  | .7809371  | .0019476  | .7847543  |  .7771199  |
     +------------------------------------------------------------------------+

     +------------------------------------------------------------------------+
  6. | anio | infor~21 |     se_1 |     ub_1 |     lb_1 | infor~22 |     se_2 |
     | 2008 | .9522917 | .0033012 |  .958762 | .9458215 | .8303824 | .0067114 |
     |------------------------------------------------------------------------|
     |     ub_2  |     lb_2  | infor~23  |     se_3  |     ub_3  |      lb_3  |
     | .8435367  | .8172281  | .7578824  | .0019811  | .7617654  |  .7539994  |
     +------------------------------------------------------------------------+

     +------------------------------------------------------------------------+
  7. | anio | infor~21 |     se_1 |     ub_1 |     lb_1 | infor~22 |     se_2 |
     | 2009 | .9438134 |  .003599 | .9508675 | .9367594 | .7807638 | .0080844 |
     |------------------------------------------------------------------------|
     |     ub_2  |     lb_2  | infor~23  |     se_3  |     ub_3  |      lb_3  |
     | .7966092  | .7649184  | .7569933  | .0019404  | .7607964  |  .7531902  |
     +------------------------------------------------------------------------+

     +------------------------------------------------------------------------+
  8. | anio | infor~21 |     se_1 |     ub_1 |     lb_1 | infor~22 |     se_2 |
     | 2010 | .9186676 | .0042324 | .9269632 |  .910372 | .7281593 | .0080666 |
     |------------------------------------------------------------------------|
     |     ub_2  |     lb_2  | infor~23  |     se_3  |     ub_3  |      lb_3  |
     | .7439699  | .7123488  | .7081099  | .0020651  | .7121575  |  .7040623  |
     +------------------------------------------------------------------------+

     +------------------------------------------------------------------------+
  9. | anio | infor~21 |     se_1 |     ub_1 |     lb_1 | infor~22 |     se_2 |
     | 2011 | .8965831 | .0053233 | .9070169 | .8861494 | .7188575 | .0084062 |
     |------------------------------------------------------------------------|
     |     ub_2  |     lb_2  | infor~23  |     se_3  |     ub_3  |      lb_3  |
     | .7353337  | .7023813  | .6708341  | .0022998  | .6753417  |  .6663265  |
     +------------------------------------------------------------------------+

     +------------------------------------------------------------------------+
 10. | anio | infor~21 |     se_1 |     ub_1 |     lb_1 | infor~22 |     se_2 |
     | 2012 | .9207767 | .0046191 |   .92983 | .9117233 | .7129551 | .0088195 |
     |------------------------------------------------------------------------|
     |     ub_2  |     lb_2  | infor~23  |     se_3  |     ub_3  |      lb_3  |
     | .7302414  | .6956688  | .6564212  | .0022319  | .6607958  |  .6520467  |
     +------------------------------------------------------------------------+

     +------------------------------------------------------------------------+
 11. | anio | infor~21 |     se_1 |     ub_1 |     lb_1 | infor~22 |     se_2 |
     | 2013 |  .881377 |  .004802 |  .890789 |  .871965 | .7053553 | .0078322 |
     |------------------------------------------------------------------------|
     |     ub_2  |     lb_2  | infor~23  |     se_3  |     ub_3  |      lb_3  |
     | .7207064  | .6900043  | .6325702  | .0022365  | .6369538  |  .6281866  |
     +------------------------------------------------------------------------+

     +------------------------------------------------------------------------+
 12. | anio | infor~21 |     se_1 |     ub_1 |     lb_1 | infor~22 |     se_2 |
     | 2014 | .8642478 | .0035633 | .8712319 | .8572637 | .6438287 | .0081575 |
     |------------------------------------------------------------------------|
     |     ub_2  |     lb_2  | infor~23  |     se_3  |     ub_3  |      lb_3  |
     | .6598174  |   .62784  | .6218261  | .0018846  | .6255199  |  .6181322  |
     +------------------------------------------------------------------------+

     +------------------------------------------------------------------------+
 13. | anio | infor~21 |     se_1 |     ub_1 |     lb_1 | infor~22 |     se_2 |
     | 2015 | .8940212 | .0031331 |  .900162 | .8878803 | .6504136 | .0079628 |
     |------------------------------------------------------------------------|
     |     ub_2  |     lb_2  | infor~23  |     se_3  |     ub_3  |      lb_3  |
     | .6660208  | .6348065  | .6185434  | .0019428  | .6223512  |  .6147355  |
     +------------------------------------------------------------------------+

     +------------------------------------------------------------------------+
 14. | anio | infor~21 |     se_1 |     ub_1 |     lb_1 | infor~22 |     se_2 |
     | 2016 | .8885283 | .0031798 | .8947607 |  .882296 | .6716648 |  .007964 |
     |------------------------------------------------------------------------|
     |     ub_2  |     lb_2  | infor~23  |     se_3  |     ub_3  |      lb_3  |
     | .6872743  | .6560553  | .6570176  | .0018613  | .6606658  |  .6533695  |
     +------------------------------------------------------------------------+

     +------------------------------------------------------------------------+
 15. | anio | infor~21 |     se_1 |     ub_1 |     lb_1 | infor~22 |     se_2 |
     | 2017 | .9126984 | .0028805 | .9183443 | .9070526 | .6763401 |  .007867 |
     |------------------------------------------------------------------------|
     |     ub_2  |     lb_2  | infor~23  |     se_3  |     ub_3  |      lb_3  |
     | .6917594  | .6609208  | .6623242  | .0018778  | .6660048  |  .6586437  |
     +------------------------------------------------------------------------+

     +------------------------------------------------------------------------+
 16. | anio | infor~21 |     se_1 |     ub_1 |     lb_1 | infor~22 |     se_2 |
     | 2018 |  .923173 | .0047451 | .9324734 | .9138727 |  .741946 | .0126156 |
     |------------------------------------------------------------------------|
     |     ub_2  |     lb_2  | infor~23  |     se_3  |     ub_3  |      lb_3  |
     | .7666727  | .7172194  | .6796451  | .0024075  | .6843637  |  .6749265  |
     +------------------------------------------------------------------------+

     +------------------------------------------------------------------------+
 17. | anio | infor~21 |     se_1 |     ub_1 |     lb_1 | infor~22 |     se_2 |
     | 2019 | .9408314 | .0039864 | .9486448 | .9330181 | .7308298 | .0110469 |
     |------------------------------------------------------------------------|
     |     ub_2  |     lb_2  | infor~23  |     se_3  |     ub_3  |      lb_3  |
     | .7524817  |  .709178  | .6863637  | .0024461  | .6911581  |  .6815693  |
     +------------------------------------------------------------------------+

     +------------------------------------------------------------------------+
 18. | anio | infor~21 |     se_1 |     ub_1 |     lb_1 | infor~22 |     se_2 |
     | 2020 | .9487453 | .0051131 | .9587669 | .9387236 | .8043898 | .0147218 |
     |------------------------------------------------------------------------|
     |     ub_2  |     lb_2  | infor~23  |     se_3  |     ub_3  |      lb_3  |
     | .8332445  |  .775535  | .7376881  | .0031321  |  .743827  |  .7315492  |
     +------------------------------------------------------------------------+

     +------------------------------------------------------------------------+
 19. | anio | infor~21 |     se_1 |     ub_1 |     lb_1 | infor~22 |     se_2 |
     | 2021 | .9221019 | .0065252 | .9348913 | .9093125 | .7928513 | .0129457 |
     |------------------------------------------------------------------------|
     |     ub_2  |     lb_2  | infor~23  |     se_3  |     ub_3  |      lb_3  |
     | .8182248  | .7674779  |    .7312  |  .003132  | .7373387  |  .7250614  |
     +------------------------------------------------------------------------+

     +------------------------------------------------------------------------+
 20. | anio | infor~21 |     se_1 |     ub_1 |     lb_1 | infor~22 |     se_2 |
     | 2022 | .9282538 | .0066522 | .9412921 | .9152156 | .7400274 | .0158791 |
     |------------------------------------------------------------------------|
     |     ub_2  |     lb_2  | infor~23  |     se_3  |     ub_3  |      lb_3  |
     | .7711504  | .7089044  | .7212142  | .0031735  | .7274342  |  .7149943  |
     +------------------------------------------------------------------------+

     +------------------------------------------------------------------------+
 21. | anio | infor~21 |     se_1 |     ub_1 |     lb_1 | infor~22 |     se_2 |
     | 2023 |  .930696 | .0065336 | .9435018 | .9178901 | .7407138 | .0153699 |
     |------------------------------------------------------------------------|
     |     ub_2  |     lb_2  | infor~23  |     se_3  |     ub_3  |      lb_3  |
     | .7708387  | .7105889  | .7288035  | .0031848  | .7350458  |  .7225612  |
     +------------------------------------------------------------------------+

     +------------------------------------------------------------------------+
 22. | anio | infor~21 |     se_1 |     ub_1 |     lb_1 | infor~22 |     se_2 |
     | 2024 | .9376498 | .0061316 | .9496678 | .9256319 | .8216839 | .0130908 |
     |------------------------------------------------------------------------|
     |     ub_2  |     lb_2  | infor~23  |     se_3  |     ub_3  |      lb_3  |
     | .8473418  |  .796026  | .7340355  | .0031896  | .7402871  |  .7277839  |
     +------------------------------------------------------------------------+

.     sum se_1 se_2 se_3

    Variable |        Obs        Mean    Std. dev.       Min        Max
-------------+---------------------------------------------------------
        se_1 |         22    .0043211     .001252   .0028805   .0066522
        se_2 |         22    .0094722    .0031601   .0057831   .0158791
        se_3 |         22    .0022805    .0005259   .0017551   .0031896

.     gen diff_1v2    = informal21 - informal22

.     gen se_diff_1v2 = sqrt(se_1^2 + se_2^2)

.     gen p_1v2       = 2 * normal(-abs(diff_1v2 / se_diff_1v2))

.     gen sig_1v2     = (p_1v2 < 0.05)

.     gen diff_1v3    = informal21 - informal23

.     gen se_diff_1v3 = sqrt(se_1^2 + se_3^2)

.     gen p_1v3       = 2 * normal(-abs(diff_1v3 / se_diff_1v3))

.     gen sig_1v3     = (p_1v3 < 0.05)

.     gen diff_2v3    = informal22 - informal23

.     gen se_diff_2v3 = sqrt(se_2^2 + se_3^2)

.     gen p_2v3       = 2 * normal(-abs(diff_2v3 / se_diff_2v3))

.     gen sig_2v3     = (p_2v3 < 0.05)

.     list anio diff_1v2 p_1v2 sig_1v2 diff_1v3 p_1v3 sig_1v3 diff_2v3 p_2v3 si
> g_2v3 ///
>          if !sig_1v2 | !sig_1v3 | !sig_2v3, noobs sep(0)

  +-------------------------------------------------------------------+
  | anio | diff_1v2 |    p_1v2 | sig_1v2 | diff_1v3 | p_1v3 | sig_1v3 |
  | 2016 | .2168635 |        0 |       1 | .2315107 |     0 |       1 |
  |-------------------------------------------------------------------|
  |       diff_2v3       |          p_2v3       |       sig_2v3       |
  |       .0146472       |        .073308       |             0       |
  +-------------------------------------------------------------------+

  +-------------------------------------------------------------------+
  | anio | diff_1v2 |    p_1v2 | sig_1v2 | diff_1v3 | p_1v3 | sig_1v3 |
  | 2017 | .2363583 |        0 |       1 | .2503742 |     0 |       1 |
  |-------------------------------------------------------------------|
  |       diff_2v3       |          p_2v3       |       sig_2v3       |
  |       .0140159       |       .0831104       |             0       |
  +-------------------------------------------------------------------+

  +-------------------------------------------------------------------+
  | anio | diff_1v2 |    p_1v2 | sig_1v2 | diff_1v3 | p_1v3 | sig_1v3 |
  | 2022 | .1882265 | 8.01e-28 |       1 | .2070396 |     0 |       1 |
  |-------------------------------------------------------------------|
  |       diff_2v3       |          p_2v3       |       sig_2v3       |
  |       .0188131       |       .2453166       |             0       |
  +-------------------------------------------------------------------+

  +-------------------------------------------------------------------+
  | anio | diff_1v2 |    p_1v2 | sig_1v2 | diff_1v3 | p_1v3 | sig_1v3 |
  | 2023 | .1899821 | 5.53e-30 |       1 | .2018924 |     0 |       1 |
  |-------------------------------------------------------------------|
  |       diff_2v3       |          p_2v3       |       sig_2v3       |
  |       .0119103       |       .4479749       |             0       |
  +-------------------------------------------------------------------+

.         foreach g in 1 2 3 {
  2.                 replace informal2`g' = informal2`g' * 100
  3.                 replace ub_`g'       = ub_`g'       * 100
  4.                 replace lb_`g'       = lb_`g'       * 100
  5.         }
(22 real changes made)
(22 real changes made)
(22 real changes made)
(22 real changes made)
(22 real changes made)
(22 real changes made)
(22 real changes made)
(22 real changes made)
(22 real changes made)

. 
.     * --- Etiquetas de valor solo en años seleccionados (2003 en lugar de 200
> 1) ---
.     gen lbl_1 = informal21 if inlist(anio, 2003, 2006, 2014, 2020, 2024)
(17 missing values generated)

.     gen lbl_2 = informal22 if inlist(anio, 2003, 2006, 2014, 2020, 2024)
(17 missing values generated)

.     gen lbl_3 = informal23 if inlist(anio, 2003, 2006, 2014, 2020, 2024)
(17 missing values generated)

.     format lbl_1 lbl_2 lbl_3 %9.1f

. 
.     twoway ///
>         (connected informal21 anio, sort lcolor(green) mcolor(green) lwidth(m
> edium)) ///
>         (connected informal22 anio, sort lcolor(blue) mcolor(blue) lwidth(med
> ium)) ///
>         (connected informal23 anio, sort lcolor(orange) mcolor(orange) lwidth
> (medium)) ///
>         (scatter lbl_1 anio, msymbol(none) mlabel(lbl_1) mlabposition(12) mla
> bcolor(green)  mlabsize(vsmall)) ///
>         (scatter lbl_2 anio, msymbol(none) mlabel(lbl_2) mlabposition(12) mla
> bcolor(blue)   mlabsize(vsmall)) ///
>         (scatter lbl_3 anio, msymbol(none) mlabel(lbl_3) mlabposition(6)  mla
> bcolor(orange) mlabsize(vsmall)), ///
>         legend(order(1 "Indígena" 2 "Afroecuatoriano" 3 "Blanco/Mestizo") ///
>                 position(6) rows(1)) ///
>         xlabel(2003(2)2024, angle(45)) ///
>                 xtitle("") ///
>         ylabel(50(10)100, format(%9.0f)) ///
>         ytitle("Informalidad (%)") ///
>         yscale(range(50 100)) ///
>         graphregion(color(white)) bgcolor(white) ///
>         title("Informalidad por etnia (Nacional)", size(med)) ///
>         name(informal2_etnia, replace)
(note:  named style med not found in class gsize, default attributes used)

.     graph export "$out_results/Graficos/informal2_etnia.png", replace width(3
> 000)
file /Users/santiago/Library/CloudStorage/GoogleDrive-observatorio.pobreza@flac
> so.edu.ec/Mi unidad/Boletín 3/4. Resultados/informalidad/Graficos/informal2_e
> tnia.png written in PNG format

. restore 

. 
. /*
> 
> * Urbano — desde 2003
> preserve 
>     keep if area == 1
>     keep if anio >= 2003 & anio <= 2024
>     drop if missing(etnia_arm)
>     gen uno = 1
>     collapse (mean) informal2 (sum) N=uno [iw = fexp] if anio != 2002, by(ani
> o etnia_arm)
>     tab etnia_arm
>     reshape wide informal2 N, i(anio) j(etnia_arm)
>     foreach g in 1 2 3 {
>         gen se_`g' = sqrt((informal2`g'*(1-informal2`g'))/N`g')
>         gen ub_`g' = informal2`g' + 1.96*se_`g'
>         gen lb_`g' = informal2`g' - 1.96*se_`g'
>         replace ub_`g' = min(ub_`g', 1)
>         replace lb_`g' = max(lb_`g', 0)
>     }
>     list anio informal21 se_1 ub_1 lb_1 informal22 se_2 ub_2 lb_2 informal23 
> se_3 ub_3 lb_3, sepby(anio)
>     sum se_1 se_2 se_3
>     gen diff_1v2    = informal21 - informal22
>     gen se_diff_1v2 = sqrt(se_1^2 + se_2^2)
>     gen p_1v2       = 2 * normal(-abs(diff_1v2 / se_diff_1v2))
>     gen sig_1v2     = (p_1v2 < 0.05)
>     gen diff_1v3    = informal21 - informal23
>     gen se_diff_1v3 = sqrt(se_1^2 + se_3^2)
>     gen p_1v3       = 2 * normal(-abs(diff_1v3 / se_diff_1v3))
>     gen sig_1v3     = (p_1v3 < 0.05)
>     gen diff_2v3    = informal22 - informal23
>     gen se_diff_2v3 = sqrt(se_2^2 + se_3^2)
>     gen p_2v3       = 2 * normal(-abs(diff_2v3 / se_diff_2v3))
>     gen sig_2v3     = (p_2v3 < 0.05)
>     list anio diff_1v2 p_1v2 sig_1v2 diff_1v3 p_1v3 sig_1v3 diff_2v3 p_2v3 si
> g_2v3 ///
>          if !sig_1v2 | !sig_1v3 | !sig_2v3, noobs sep(0)
>         foreach g in 1 2 3 {
>                 replace informal2`g' = informal2`g' * 100
>                 replace ub_`g'       = ub_`g'       * 100
>                 replace lb_`g'       = lb_`g'       * 100
>         }
>     twoway ///
>         (rarea ub_1 lb_1 anio, sort color(green%30)) ///
>         (connected informal21 anio, sort lcolor(green) mcolor(green) lwidth(m
> edium)) ///
>         (rarea ub_2 lb_2 anio, sort color(blue%30)) ///
>         (connected informal22 anio, sort lcolor(blue) mcolor(blue) lwidth(med
> ium)) ///
>         (rarea ub_3 lb_3 anio, sort color(orange%30)) ///
>         (connected informal23 anio, sort lcolor(orange) mcolor(orange) lwidth
> (medium)), ///
>         legend(order(2 "Indígena" 4 "Negro/Afroecuatoriano" 6 "Blanco/Mestizo
> ")) ///
>         xlabel(2003(2)2024, angle(45)) ///
>         ylabel(50(10)100, format(%9.0f)) ///
>         ytitle("Informalidad (%)") ///
>         yscale(range(50 100)) ///
>         graphregion(color(white)) bgcolor(white) ///
>         title("Informalidad por etnia (Urbano)", size(med)) ///
>         name(informal2_etnia_urb_IC, replace)
>    *graph export "$out_results/informal2_etnia_urb_IC.png", replace
> restore
> 
> */
. 
. * ============================================================
. **# GRÁFICO INFORMALIDAD POR EDUCACION
. * ============================================================
. 
. preserve

.     keep if anio >= 2001
(307,246 observations deleted)

.     drop if missing(educ_univ)
(40 observations deleted)

.     gen uno = 1

.     collapse (mean) informal2 (rawsum) N=uno [iw = fexp] if anio != 2002, by(
> anio educ_univ)

.     export excel using "$out_results/Tablas/informalidad_educacion.xlsx", rep
> lace firstrow(var)
file /Users/santiago/Library/CloudStorage/GoogleDrive-observatorio.pobreza@flac
> so.edu.ec/Mi unidad/Boletín 3/4. Resultados/informalidad/Tablas/informalidad_
> educacion.xlsx saved

.     tab educ_univ

       Educación |
   universitaria |
    (armonizado) |      Freq.     Percent        Cum.
-----------------+-----------------------------------
No universitaria |         24       50.00       50.00
   Universitaria |         24       50.00      100.00
-----------------+-----------------------------------
           Total |         48      100.00

.     reshape wide informal2 N, i(anio) j(educ_univ)
(j = 0 1)

Data                               Long   ->   Wide
-----------------------------------------------------------------------------
Number of observations               48   ->   24          
Number of variables                   4   ->   5           
j variable (2 values)         educ_univ   ->   (dropped)
xij variables:
                              informal2   ->   informal20 informal21
                                      N   ->   N0 N1
-----------------------------------------------------------------------------

.     foreach g in 0 1 {
  2.         gen se_`g' = sqrt((informal2`g'*(1-informal2`g'))/N`g')
  3.         gen ub_`g' = informal2`g' + 1.96*se_`g'
  4.         gen lb_`g' = informal2`g' - 1.96*se_`g'
  5.         replace ub_`g' = min(ub_`g', 1)
  6.         replace lb_`g' = max(lb_`g', 0)
  7.     }
(0 real changes made)
(0 real changes made)
(0 real changes made)
(0 real changes made)

.     list anio informal20 se_0 ub_0 lb_0 informal21 se_1 ub_1 lb_1, sepby(anio
> )

     +------------------------------------------------------------------------+
  1. | anio | infor~20 |     se_0 |     ub_0 |     lb_0 | infor~21 |     se_1 |
     | 2001 | .8985816 | .0016471 | .9018101 | .8953532 | .6204826 | .0061431 |
     |------------------------------------------------------------------------|
     |                 ub_1              |                  lb_1              |
     |             .6325231              |              .6084421              |
     +------------------------------------------------------------------------+

     +------------------------------------------------------------------------+
  2. | anio | infor~20 |     se_0 |     ub_0 |     lb_0 | infor~21 |     se_1 |
     | 2003 | .8815989 | .0014904 | .8845201 | .8786777 | .5829127 | .0061079 |
     |------------------------------------------------------------------------|
     |                 ub_1              |                  lb_1              |
     |             .5948842              |              .5709413              |
     +------------------------------------------------------------------------+

     +------------------------------------------------------------------------+
  3. | anio | infor~20 |     se_0 |     ub_0 |     lb_0 | infor~21 |     se_1 |
     | 2004 | .8923087 | .0014171 | .8950862 | .8895313 | .5840245 | .0058756 |
     |------------------------------------------------------------------------|
     |                 ub_1              |                  lb_1              |
     |             .5955408              |              .5725083              |
     +------------------------------------------------------------------------+

     +------------------------------------------------------------------------+
  4. | anio | infor~20 |     se_0 |     ub_0 |     lb_0 | infor~21 |     se_1 |
     | 2005 |  .888186 | .0014791 | .8910851 |  .885287 | .5254721 | .0061248 |
     |------------------------------------------------------------------------|
     |                 ub_1              |                  lb_1              |
     |             .5374767              |              .5134675              |
     +------------------------------------------------------------------------+

     +------------------------------------------------------------------------+
  5. | anio | infor~20 |     se_0 |     ub_0 |     lb_0 | infor~21 |     se_1 |
     | 2006 |  .896434 | .0014261 | .8992292 | .8936388 | .5982696 | .0058777 |
     |------------------------------------------------------------------------|
     |                 ub_1              |                  lb_1              |
     |             .6097898              |              .5867494              |
     +------------------------------------------------------------------------+

     +------------------------------------------------------------------------+
  6. | anio | infor~20 |     se_0 |     ub_0 |     lb_0 | infor~21 |     se_1 |
     | 2007 | .8718232 | .0015828 | .8749255 | .8687209 | .5070181 | .0058806 |
     |------------------------------------------------------------------------|
     |                 ub_1              |                  lb_1              |
     |              .518544              |              .4954922              |
     +------------------------------------------------------------------------+

     +------------------------------------------------------------------------+
  7. | anio | infor~20 |     se_0 |     ub_0 |     lb_0 | infor~21 |     se_1 |
     | 2008 | .8571211 | .0016254 | .8603069 | .8539353 | .4748013 | .0056706 |
     |------------------------------------------------------------------------|
     |                 ub_1              |                  lb_1              |
     |             .4859156              |              .4636869              |
     +------------------------------------------------------------------------+

     +------------------------------------------------------------------------+
  8. | anio | infor~20 |     se_0 |     ub_0 |     lb_0 | infor~21 |     se_1 |
     | 2009 | .8484579 | .0016402 | .8516727 |  .845243 | .4990934 | .0056208 |
     |------------------------------------------------------------------------|
     |                 ub_1              |                  lb_1              |
     |             .5101102              |              .4880767              |
     +------------------------------------------------------------------------+

     +------------------------------------------------------------------------+
  9. | anio | infor~20 |     se_0 |     ub_0 |     lb_0 | infor~21 |     se_1 |
     | 2010 | .8252884 | .0016892 | .8285992 | .8219776 | .4088113 |  .005304 |
     |------------------------------------------------------------------------|
     |                 ub_1              |                  lb_1              |
     |             .4192071              |              .3984155              |
     +------------------------------------------------------------------------+

     +------------------------------------------------------------------------+
 10. | anio | infor~20 |     se_0 |     ub_0 |     lb_0 | infor~21 |     se_1 |
     | 2011 | .7878027 | .0019837 | .7916908 | .7839146 | .3889959 | .0054726 |
     |------------------------------------------------------------------------|
     |                 ub_1              |                  lb_1              |
     |             .3997222              |              .3782696              |
     +------------------------------------------------------------------------+

     +------------------------------------------------------------------------+
 11. | anio | infor~20 |     se_0 |     ub_0 |     lb_0 | infor~21 |     se_1 |
     | 2012 | .7789733 | .0019424 | .7827805 | .7751662 | .3807962 | .0052787 |
     |------------------------------------------------------------------------|
     |                 ub_1              |                  lb_1              |
     |             .3911424              |              .3704499              |
     +------------------------------------------------------------------------+

     +------------------------------------------------------------------------+
 12. | anio | infor~20 |     se_0 |     ub_0 |     lb_0 | infor~21 |     se_1 |
     | 2013 | .7659159 | .0019262 | .7696912 | .7621406 | .2940523 | .0049798 |
     |------------------------------------------------------------------------|
     |                 ub_1              |                  lb_1              |
     |             .3038126              |              .2842919              |
     +------------------------------------------------------------------------+

     +------------------------------------------------------------------------+
 13. | anio | infor~20 |     se_0 |     ub_0 |     lb_0 | infor~21 |     se_1 |
     | 2014 | .7384732 | .0016836 |  .741773 | .7351735 | .2937875 | .0040398 |
     |------------------------------------------------------------------------|
     |                 ub_1              |                  lb_1              |
     |             .3017055              |              .2858695              |
     +------------------------------------------------------------------------+

     +------------------------------------------------------------------------+
 14. | anio | infor~20 |     se_0 |     ub_0 |     lb_0 | infor~21 |     se_1 |
     | 2015 | .7419422 | .0017118 | .7452973 | .7385871 | .3239965 | .0041404 |
     |------------------------------------------------------------------------|
     |                 ub_1              |                  lb_1              |
     |             .3321117              |              .3158812              |
     +------------------------------------------------------------------------+

     +------------------------------------------------------------------------+
 15. | anio | infor~20 |     se_0 |     ub_0 |     lb_0 | infor~21 |     se_1 |
     | 2016 | .7722217 | .0016167 | .7753904 |  .769053 | .3404721 | .0041361 |
     |------------------------------------------------------------------------|
     |                 ub_1              |                  lb_1              |
     |             .3485788              |              .3323653              |
     +------------------------------------------------------------------------+

     +------------------------------------------------------------------------+
 16. | anio | infor~20 |     se_0 |     ub_0 |     lb_0 | infor~21 |     se_1 |
     | 2017 | .7774625 | .0016224 | .7806424 | .7742826 | .3543459 | .0041488 |
     |------------------------------------------------------------------------|
     |                 ub_1              |                  lb_1              |
     |             .3624775              |              .3462143              |
     +------------------------------------------------------------------------+

     +------------------------------------------------------------------------+
 17. | anio | infor~20 |     se_0 |     ub_0 |     lb_0 | infor~21 |     se_1 |
     | 2018 | .8001006 | .0020902 | .8041973 | .7960038 | .3569915 | .0053387 |
     |------------------------------------------------------------------------|
     |                 ub_1              |                  lb_1              |
     |             .3674552              |              .3465278              |
     +------------------------------------------------------------------------+

     +------------------------------------------------------------------------+
 18. | anio | infor~20 |     se_0 |     ub_0 |     lb_0 | infor~21 |     se_1 |
     | 2019 | .8060868 | .0020569 | .8101183 | .8020554 | .4036509 | .0054394 |
     |------------------------------------------------------------------------|
     |                 ub_1              |                  lb_1              |
     |              .414312              |              .3929897              |
     +------------------------------------------------------------------------+

     +------------------------------------------------------------------------+
 19. | anio | infor~20 |     se_0 |     ub_0 |     lb_0 | infor~21 |     se_1 |
     | 2020 | .8491516 | .0026248 | .8542961 |  .844007 | .4580081 | .0071564 |
     |------------------------------------------------------------------------|
     |                 ub_1              |                  lb_1              |
     |             .4720347              |              .4439814              |
     +------------------------------------------------------------------------+

     +------------------------------------------------------------------------+
 20. | anio | infor~20 |     se_0 |     ub_0 |     lb_0 | infor~21 |     se_1 |
     | 2021 | .8366209 | .0027692 | .8420484 | .8311933 | .4706509 | .0068107 |
     |------------------------------------------------------------------------|
     |                 ub_1              |                  lb_1              |
     |             .4839998              |              .4573019              |
     +------------------------------------------------------------------------+

     +------------------------------------------------------------------------+
 21. | anio | infor~20 |     se_0 |     ub_0 |     lb_0 | infor~21 |     se_1 |
     | 2022 | .8290027 | .0028615 | .8346112 | .8233943 | .4431114 |  .006808 |
     |------------------------------------------------------------------------|
     |                 ub_1              |                  lb_1              |
     |             .4564552              |              .4297677              |
     +------------------------------------------------------------------------+

     +------------------------------------------------------------------------+
 22. | anio | infor~20 |     se_0 |     ub_0 |     lb_0 | infor~21 |     se_1 |
     | 2023 | .8379192 | .0028186 | .8434437 | .8323948 |  .424773 | .0069504 |
     |------------------------------------------------------------------------|
     |                 ub_1              |                  lb_1              |
     |             .4383958              |              .4111503              |
     +------------------------------------------------------------------------+

     +------------------------------------------------------------------------+
 23. | anio | infor~20 |     se_0 |     ub_0 |     lb_0 | infor~21 |     se_1 |
     | 2024 | .8397254 | .0028041 | .8452215 | .8342292 | .4294707 | .0070976 |
     |------------------------------------------------------------------------|
     |                 ub_1              |                  lb_1              |
     |             .4433819              |              .4155595              |
     +------------------------------------------------------------------------+

     +------------------------------------------------------------------------+
 24. | anio | infor~20 |     se_0 |     ub_0 |     lb_0 | infor~21 |     se_1 |
     | 2025 | .8285559 | .0028869 | .8342143 | .8228975 | .4770798 | .0069398 |
     |------------------------------------------------------------------------|
     |                 ub_1              |                  lb_1              |
     |             .4906819              |              .4634778              |
     +------------------------------------------------------------------------+

.     sum se_0 se_1

    Variable |        Obs        Mean    Std. dev.       Min        Max
-------------+---------------------------------------------------------
        se_0 |         24    .0019748     .000518   .0014171   .0028869
        se_1 |         24    .0057226    .0009649   .0040398   .0071564

.     gen diff    = informal20 - informal21

.     gen se_diff = sqrt(se_0^2 + se_1^2)

.     gen p_value = 2 * normal(-abs(diff / se_diff))

.     gen sig     = (p_value < 0.05)

.     list anio diff p_value sig if !sig, noobs sep(0)

.     foreach g in 0 1 {
  2.         replace informal2`g' = informal2`g' * 100
  3.         replace ub_`g'       = ub_`g'       * 100
  4.         replace lb_`g'       = lb_`g'       * 100
  5.     }
(24 real changes made)
(24 real changes made)
(24 real changes made)
(24 real changes made)
(24 real changes made)
(24 real changes made)

. 
.     * --- Etiquetas de valor solo en años seleccionados ---
.     gen lbl_0 = informal20 if inlist(anio, 2001, 2006, 2014, 2020, 2025)
(19 missing values generated)

.     gen lbl_1 = informal21 if inlist(anio, 2001, 2006, 2014, 2020, 2025)
(19 missing values generated)

.     format lbl_0 lbl_1 %9.1f

. 
.     twoway ///
>         (connected informal20 anio, sort lcolor(navy) mcolor(navy) lwidth(med
> ium)) ///
>         (connected informal21 anio, sort lcolor(maroon) mcolor(maroon) lwidth
> (medium)) ///
>         (scatter lbl_0 anio, msymbol(none) mlabel(lbl_0) mlabposition(12) mla
> bcolor(navy)   mlabsize(vsmall)) ///
>         (scatter lbl_1 anio, msymbol(none) mlabel(lbl_1) mlabposition(6)  mla
> bcolor(maroon) mlabsize(vsmall)), ///
>         legend(order(1 "No universitaria" 2 "Universitaria") position(6) rows
> (1)) ///
>         xlabel(2001(2)2025, angle(90)) ///
>         xtitle("") ///
>         ylabel(20(10)100, format(%9.0f)) ///
>         ytitle("Informalidad (%)") ///
>         yscale(range(30 100)) ///
>         graphregion(color(white)) bgcolor(white) ///
>         title("Informalidad por educación (Nacional)", size(med)) ///
>         name(informal2_educ, replace)
(note:  named style med not found in class gsize, default attributes used)

.     graph export "$out_results/Graficos/informal2_educ.png", replace width(30
> 00)
file /Users/santiago/Library/CloudStorage/GoogleDrive-observatorio.pobreza@flac
> so.edu.ec/Mi unidad/Boletín 3/4. Resultados/informalidad/Graficos/informal2_e
> duc.png written in PNG format

. restore

. 
. /*
> 
> * Urbano
> preserve 
>     keep if area == 1
>     keep if anio >= 2001 & anio <= 2024
>     drop if missing(educ_univ)
>     gen uno = 1
>     collapse (mean) informal2 (sum) N=uno [iw = fexp] if anio != 2002, by(ani
> o educ_univ)
>     tab educ_univ
>     reshape wide informal2 N, i(anio) j(educ_univ)
>     foreach g in 0 1 {
>         gen se_`g' = sqrt((informal2`g'*(1-informal2`g'))/N`g')
>         gen ub_`g' = informal2`g' + 1.96*se_`g'
>         gen lb_`g' = informal2`g' - 1.96*se_`g'
>         replace ub_`g' = min(ub_`g', 1)
>         replace lb_`g' = max(lb_`g', 0)
>     }
>     list anio informal20 se_0 ub_0 lb_0 informal21 se_1 ub_1 lb_1, sepby(anio
> )
>     sum se_0 se_1
>     gen diff    = informal20 - informal21
>     gen se_diff = sqrt(se_0^2 + se_1^2)
>     gen p_value = 2 * normal(-abs(diff / se_diff))
>     gen sig     = (p_value < 0.05)
>     list anio diff p_value sig if !sig, noobs sep(0)
>         foreach g in 0 1 {
>                 replace informal2`g' = informal2`g' * 100
>                 replace ub_`g'       = ub_`g'       * 100
>                 replace lb_`g'       = lb_`g'       * 100
>         }
>     twoway ///
>         (rarea ub_0 lb_0 anio, sort color(navy%30)) ///
>         (connected informal20 anio, sort lcolor(navy) mcolor(navy) lwidth(med
> ium)) ///
>         (rarea ub_1 lb_1 anio, sort color(maroon%30)) ///
>         (connected informal21 anio, sort lcolor(maroon) mcolor(maroon) lwidth
> (medium)), ///
>         legend(order(2 "No universitaria" 4 "Universitaria")) ///
>         xlabel(2000(2)2024, angle(45)) ///
>         ylabel(50(10)100, format(%9.0f)) ///
>         ytitle("Informalidad (%)") ///
>         yscale(range(50 100)) ///
>         graphregion(color(white)) bgcolor(white) ///
>         title("Informalidad por educación (Urbano)", size(med)) ///
>         name(informal2_educ_urb_IC, replace)
>   *  graph export "$out_results/informal2_educ_urb_IC.png", replace
> restore
> */
. 
. * ============================================================
. **# Gráfico: % informalidad por decil de ingresos laborales
. * ============================================================
. 
. /*
> Revisión:
> 
> preserve
> keep if anio == 2024
> keep if ingrl != . & ingrl > 0   
> xtile decile = ingrl [pw = fexp], nq(10)
> tab decile
> tab decile informal2 if anio == 2024, nofreq row
> bysort decile: sum ingrl
> gen a = ingrl == 460 
> restore
> */
. 
. preserve

.     * --- Filtro de población ocupada con ingreso válido ---
.     keep if mi_pea == 1
(529,994 observations deleted)

.     keep if ingrl != . & ingrl > 0
(195,357 observations deleted)

.     keep if anio == 2019 | anio == 2024
(741,703 observations deleted)

. 
.     * --- Deciles ponderados dentro de cada año ---
.     gen decil = .
(35,397 missing values generated)

.     levelsof anio, local(years)
2019 2024

.     foreach y of local years {
  2.         xtile decil_`y' = ingrl [pw=fexp] if anio == `y', nq(10)
  3.         replace decil = decil_`y' if anio == `y'
  4.         drop decil_`y'
  5.     }
(23,672 real changes made)
(11,725 real changes made)

. 
.     keep if decil >= 6
(16,639 observations deleted)

. 
.     * --- Colapsar: informalidad por decil y año ---
.     collapse (mean) inf2=informal2 [pw=fexp], by(decil anio)

.         export excel using "$out_results/informalidad_deciles_ingreso.xlsx", 
> replace firstrow(var)
file /Users/santiago/Library/CloudStorage/GoogleDrive-observatorio.pobreza@flac
> so.edu.ec/Mi unidad/Boletín 3/4. Resultados/informalidad/informalidad_deciles
> _ingreso.xlsx saved

.     replace inf2 = inf2 * 100
(10 real changes made)

. 
.     reshape wide inf2, i(decil) j(anio)
(j = 2019 2024)

Data                               Long   ->   Wide
-----------------------------------------------------------------------------
Number of observations               10   ->   5           
Number of variables                   3   ->   3           
j variable (2 values)              anio   ->   (dropped)
xij variables:
                                   inf2   ->   inf22019 inf22024
-----------------------------------------------------------------------------

. 
.     * --- Etiquetas de valor para todos los deciles ---
.     gen lbl_2019 = inf22019

.     gen lbl_2024 = inf22024

.     format lbl_2019 lbl_2024 %9.1f

. 
.     * --- Posición de etiquetas ---
.     * Azul abajo (6), rojo arriba (12); en decil 10 se invierten
.     gen pos_navy   = 6

.     gen pos_maroon = 12

.     replace pos_navy   = 12 if decil == 10
(1 real change made)

.     replace pos_maroon = 6  if decil == 10
(1 real change made)

. 
.     twoway ///
>         (connected inf22019 decil, sort lcolor(navy) mcolor(navy) lwidth(medi
> um)) ///
>         (connected inf22024 decil, sort lcolor(maroon) mcolor(maroon) lwidth(
> medium)) ///
>         (scatter lbl_2019 decil, msymbol(none) mlabel(lbl_2019) mlabposition(
> pos_navy)   mlabcolor(navy)   mlabsize(vsmall)) ///
>         (scatter lbl_2024 decil, msymbol(none) mlabel(lbl_2024) mlabposition(
> pos_maroon) mlabcolor(maroon) mlabsize(vsmall)), ///
>         legend(order(1 "2019" 2 "2024") position(6) rows(1)) ///
>         xlabel(6(1)10) ///
>         xtitle("") ///
>         ylabel(20(10)100, format(%9.0f)) ///
>         ytitle("Informalidad (%)") ///
>         yscale(range(30 100)) ///
>         graphregion(color(white)) bgcolor(white) ///
>         title("Informalidad por deciles de ingreso (Nacional)", size(med)) //
> /
>         name(informal2_decil, replace)
(note:  named style pos_navy not found in class clockdir, default attributes
    used)
(note:  named style pos_maroon not found in class clockdir, default
    attributes used)
(note:  named style med not found in class gsize, default attributes used)

.     graph export "$out_results/Graficos/informal2_decil.png", replace width(3
> 000)
file /Users/santiago/Library/CloudStorage/GoogleDrive-observatorio.pobreza@flac
> so.edu.ec/Mi unidad/Boletín 3/4. Resultados/informalidad/Graficos/informal2_d
> ecil.png written in PNG format

. restore

. 
. 
. 
. 
. foreach y of numlist 2009(1)2016{
  2. 
. foreach v of varlist affiliated adec no_remunerado tiene_ruc {
  3.         cap gen `v'_mis = missing(`v')
  4.         *tab anio `v'_mis if anio == `y'
. } 
  5. 
. }

. 
. 
. 
. 
. 
. 
. 
. 
. keep if edad >= 15
(0 observations deleted)

. 
. 
. 
. foreach var of varlist affiliated adec* no_remunerado tiene_ruc {
  2.         gen `var'_a = `var'
  3.         replace `var'_a = . if inrange(condact, 5, 8) & anio < 2001
  4.         replace `var'_a = . if inlist(condactn, 0, 7, 8, 9) & anio >= 2001
  5. }
(572,178 missing values generated)
(0 real changes made)
(0 real changes made)
(586,494 missing values generated)
(0 real changes made)
(0 real changes made)
(586,494 missing values generated)
(0 real changes made)
(0 real changes made)
(109,022 real changes made, 109,022 to missing)
(347,421 real changes made, 347,421 to missing)
(572,120 missing values generated)
(0 real changes made)
(0 real changes made)
(916,327 missing values generated)
(0 real changes made)
(0 real changes made)

. 
. 
. 
. 
end of do-file

OK  analisis_descriptivo.do  (  20.0 segundos)


------------------------------------------------------------------------------
>>> [pobreza] run_all.do   (15:07:10)
------------------------------------------------------------------------------

. *----------------------------------------------------------------------------
> --*
. * run_all.do — Master file: corre toda la cadena de pobreza laboral
. *----------------------------------------------------------------------------
> --*
. * Uso:
. *     do "run_all.do"
. *
. * Se puede ejecutar desde cualquier directorio: el master se ubica solo.
. * Para saltar etapas, cambie los interruptores de abajo a 0.
. *
. * Etapas:
. *     01  Construye el panel armonizado 2001-2025 desde las bases de ENEMDU
. *     05  Valida que la replica reproduce los archivos publicados
. *     02  Calcula las series corregidas y los Graficos 9, 10 y 11
. *     03  Cuantifica el efecto de cada error
. *     04  Composicion de los ocupados pobres por horas trabajadas
. *
. * Dependencias: 05, 02 y 03 necesitan el panel de 01. 03 y 04 necesitan
. * ademas el panel final que produce 02. Respete el orden si salta etapas.
. *----------------------------------------------------------------------------
> --*
. 
. clear all

. set more off

. version 15.1

. 
. *--- Interruptores ---*
. local hacer_01 1      // panel (es la etapa lenta)

. local hacer_05 1      // validacion contra lo publicado

. local hacer_02 1      // series corregidas y graficos

. local hacer_03 1      // cuantificacion del impacto

. local hacer_04 1      // descriptivos de horas

. 
. *----------------------------------------------------------------------------
> --*
. * Ubicar la carpeta de codigo
. *----------------------------------------------------------------------------
> --*
. capture confirm file "00_config.do"

. if _rc {
.     local u = c(username)
.     if "`u'" == "vero" {
.         local gh_root "/Users/vero/Documents/Observatorio GH/Observatorio-Des
> igualdad-Pobreza"
.     }
.     else if "`u'" == "santiago" {
.         local gh_root "/Users/santiago/Documents/GitHub/Observatorio-Desigual
> dad-Pobreza"
.     }
.     else {
.         display as error "Usuario `u' no configurado. Ejecute el master desde
>  su propia carpeta."
.         error 198
.     }
.     quietly cd "`gh_root'/Boletín 3/2. Pobreza laboral/corregido"
. 
.     capture confirm file "00_config.do"
.     if _rc {
.         display as error "No se encuentra 00_config.do en `c(pwd)'"
.         error 601
.     }
. }

. 
. local codigo "`c(pwd)'"

. display as text "Carpeta de codigo: `codigo'"
Carpeta de codigo: /Users/santiago/Documents/GitHub/Observatorio-Desigualdad-Po
> breza/Boletín 3/2. Pobreza laboral/corregido

. 
. *----------------------------------------------------------------------------
> --*
. * Bitacora
. *----------------------------------------------------------------------------
> --*
. * Se usa una bitacora con NOMBRE y se cierra solo esa. Un "log close _all"
. * cerraria tambien el log que abre quien invoque este master (por ejemplo, el
. * generador del boletin, que corre los .do con "stata -b do" y despues lee es
> e
. * log para detectar errores).
. capture log close runall

. local marca = subinstr("`c(current_date)'", " ", "", .) + "_" + ///
>               subinstr(substr("`c(current_time)'", 1, 5), ":", "", .)

. log using "`codigo'/run_all_`marca'.log", replace text name(runall)
(file
    /Users/santiago/Documents/GitHub/Observatorio-Desigualdad-Pobreza/Boletín
    3/2. Pobreza laboral/corregido/run_all_15Sep2026_1507.log not found)
-------------------------------------------------------------------------------
      name:  runall
       log:  /Users/santiago/Documents/GitHub/Observatorio-Desigualdad-Pobreza/
> Boletín 3/2. Pobreza laboral/corregido/run_all_15Sep2026_1507.log
  log type:  text
 opened on:  15 Sep 2026, 15:07:10

. 
. display as text _n(2) "{hline 78}"


------------------------------------------------------------------------------

. display as text "POBREZA LABORAL — corrida completa"
POBREZA LABORAL — corrida completa

. display as text "Inicio: `c(current_date)' `c(current_time)'"
Inicio: 15 Sep 2026 15:07:10

. display as text "{hline 78}"
------------------------------------------------------------------------------

. 
. *----------------------------------------------------------------------------
> --*
. * Ejecucion
. *----------------------------------------------------------------------------
> --*
. local fallidas ""

. local corridas ""

. 
. foreach par in "01 01_panel" "05 05_validacion" "02 02_indicadores" ///
>                "03 03_impacto" "04 04_descriptivos" {
  2. 
.     local num : word 1 of `par'
  3.     local scr : word 2 of `par'
  4. 
.     if !`hacer_`num'' {
  5.         display as text _n "--- `scr'.do: OMITIDA por interruptor ---"
  6.         continue
  7.     }
  8. 
.     display as text _n(2) "{hline 78}"
  9.     display as text ">>> `scr'.do   (`c(current_time)')"
 10.     display as text "{hline 78}"
 11. 
.     * Se mide con reloj de pared: "clear all" dentro de cada script borra los
.     * timers de Stata, asi que no se pueden usar aqui.
.     local t0 = clock("`c(current_date)' `c(current_time)'", "DMY hms")
 12.     capture noisily do "`codigo'/`scr'.do"
 13.     local rc = _rc
 14.     local t1 = clock("`c(current_date)' `c(current_time)'", "DMY hms")
 15.     local seg = (`t1' - `t0') / 1000
 16. 
.     * Cada script hace "clear all", que puede dejar el directorio de trabajo
.     * intacto pero conviene reafirmarlo antes de la siguiente etapa.
.     quietly cd "`codigo'"
 17. 
.     if `rc' {
 18.         display as error _n "!!! `scr'.do fallo con codigo de error `rc'"
 19.         local fallidas "`fallidas' `scr'"
 20.         display as error "Se interrumpe la cadena: las etapas siguientes d
> ependen de esta."
 21.         continue, break
 22.     }
 23.     else {
 24.         display as result _n "OK  `scr'.do  (" %6.1f `seg' " segundos)"
 25.         local corridas "`corridas' `scr'"
 26.     }
 27. }


------------------------------------------------------------------------------
>>> 01_panel.do   (15:07:10)
------------------------------------------------------------------------------

. *----------------------------------------------------------------------------
> --*
. * 01_panel.do — Construye el panel armonizado 2001-2025 de pobreza laboral
. *----------------------------------------------------------------------------
> --*
. * Guarda DOS juegos de insumos:
. *   (a) las versiones corregidas  (sufijo _ok)
. *   (b) las versiones tal como las produce el codigo original (sufijo _orig)
. * Esto permite cuantificar el efecto de cada error sin volver a leer las base
> s.
. *
. * Mapa real de la condicion de actividad en las bases (verificado):
. *   2001-2005  condact  (clasificacion ANTIGUA, 0/1-8; ocupado = 0..4)
. *   2007-2013  CONDACT + CONDACTN  (MAYUSCULAS)
. *   2014-2015  condact + condactn
. *   2016-2017  condactn  unicamente
. *   2018-2025  condact   unicamente, pero con la clasificacion NUEVA (0-9)
. * En la clasificacion NUEVA ocupado = 1..6 (no ocupado = 0,7,8,9).
. *----------------------------------------------------------------------------
> --*
. 
. do "00_config.do"

. *----------------------------------------------------------------------------
> --*
. * 00_config.do — Rutas y parametros comunes (Pobreza laboral, Boletin 3)
. *----------------------------------------------------------------------------
> --*
. * Detecta la raiz de Google Drive segun el usuario de la maquina, en lugar de
. * fijar "/Users/vero/...". Si se agrega un colaborador, basta con anadir su c
> aso.
. *----------------------------------------------------------------------------
> --*
. 
. clear all

. set more off

. version 15.1

. set varabbrev off

. 
. local u = c(username)

. 
. if "`u'" == "vero" {
.     global user_root "/Users/vero/Library/CloudStorage/GoogleDrive-observator
> io.pobreza@flacso.edu.ec/Mi unidad"
.     global gh_root   "/Users/vero/Documents/Observatorio GH/Observatorio-Desi
> gualdad-Pobreza"
. }

. else if "`u'" == "santiago" {
.     global user_root "/Users/santiago/Library/CloudStorage/GoogleDrive-observ
> atorio.pobreza@flacso.edu.ec/Mi unidad"
.     global gh_root   "/Users/santiago/Documents/GitHub/Observatorio-Desiguald
> ad-Pobreza"
. }

. else {
.     display as error "Usuario `u' no configurado en 00_config.do. Defina user
> _root y gh_root."
.     error 198
. }

. 
. capture confirm file "$user_root/Bases/ENEMDU/Procesadas/ingresos_pc/Nacional
> /ing_perca_2001_nac_precios2000.dta"

. if _rc {
.     display as error "No se encuentra la carpeta de bases en: $user_root"
.     error 601
. }

. 
. global nacional    "$user_root/Bases/ENEMDU/Procesadas/ingresos_pc/Nacional"

. global lineas_xlsx "$user_root/Bases/lineas_pobreza/lineas_de_pobreza_histori
> ca.xlsx"

. 
. * Salidas en carpeta propia: NO se sobrescriben los resultados publicados.
. global outdir   "$user_root/Boletín 3/4. Resultados/pobreza laboral/corregido
> "

. global paneldir "$user_root/Bases/ENEMDU/Procesadas/ingresos_pc/pobreza"

. 
. capture mkdir "$user_root/Boletín 3/4. Resultados/pobreza laboral"

. capture mkdir "$outdir"

. capture mkdir "$paneldir"

. 
. * Anios procesados: rondas de diciembre disponibles a nivel nacional.
. global anios "2001(2)2007 2008(1)2025"

. 
. display as text "Configuracion lista para usuario `u'."
Configuracion lista para usuario santiago.

. 
end of do-file

. 
. *--- Lineas de pobreza anuales (diciembre, precios corrientes) ---*
. tempfile lineas

. import excel using "$lineas_xlsx", clear
(5 vars, 58 obs)

. rename A anio

. rename C linea_pobreza

. keep anio linea_pobreza

. foreach v in anio linea_pobreza {
  2.     capture confirm numeric variable `v'
  3.     if _rc destring `v', replace force
  4. }
anio: contains nonnumeric characters; replaced as int
(1 missing value generated)
linea_pobreza: contains nonnumeric characters; replaced as double
(1 missing value generated)

. drop if missing(anio) | missing(linea_pobreza)
(1 observation deleted)

. duplicates drop anio, force

Duplicates in terms of anio

(0 observations are duplicates)

. save `lineas', replace
(file /var/folders/v8/j2_3wzqd1rqc2l_95p5k_2l00000gn/T//St02740.000001 not
    found)
file /var/folders/v8/j2_3wzqd1rqc2l_95p5k_2l00000gn/T//St02740.000001 saved
    as .dta format

. 
. *--- Procesamiento anio por anio ---*
. local anios_all

. foreach y of numlist $anios {
  2.     local anios_all `anios_all' `y'
  3. }

. 
. * Las variables de diseno muestral cambian de tipo entre anios (plan_muestreo
>  y
. * estrato son string en algunos, numericas en otros). Se guardan todas como
. * string para que el append nunca falle por conflicto de tipos.
. local svyvars ciudad zona sector plan_muestreo estrato upm

. 
. foreach y of local anios_all {
  2. 
.     local infile "$nacional/ing_perca_`y'_nac_precios2000.dta"
  3. 
.     capture confirm file "`infile'"
  4.     if _rc {
  5.         display as error "No existe el archivo: `infile'"
  6.         error 601
  7.     }
  8. 
.     * Linea de pobreza del anio
.     quietly use `lineas', clear
  9.     quietly keep if anio == `y'
 10.     if _N != 1 {
 11.         display as error "No hay linea de pobreza unica para `y'"
 12.         error 459
 13.     }
 14.     local lp = linea_pobreza[1]
 15. 
.     * Solo se cargan las variables que existen en ese anio
.     quietly describe using "`infile'", varlist
 16.     local vl `r(varlist)'
 17.     local loadv
 18.     foreach v in ingtot_per ing_lab fexp area sexo p02 edad p03 p24 hortra
> sa ///
>                  p25 p27 p28 nivinst nnivins p10a ///
>                  condact condactn CONDACT CONDACTN `svyvars' {
 19.         local h : list posof "`v'" in vl
 20.         if `h' local loadv `loadv' `v'
 21.     }
 22. 
.     quietly use `loadv' using "`infile'", clear
 23.     quietly generate int anio = `y'
 24. 
.     *--- Armonizacion de nombres ---*
.     capture confirm variable hortrasa
 25.     if !_rc rename hortrasa p24
 26. 
.     capture confirm variable p03
 27.     if !_rc rename p03 edad
 28. 
.     capture confirm variable sexo
 29.     if _rc {
 30.         capture confirm variable p02
 31.         if !_rc  generate byte sexo = p02
 32.         else     generate byte sexo = .
 33.     }
 34. 
.     foreach v in p24 edad p25 p27 p28 {
 35.         capture confirm variable `v'
 36.         if _rc quietly generate double `v' = .
 37.     }
 38. 
.     *--- Condicion de actividad: version CORREGIDA ---*
.     * cond_nueva = clasificacion nueva (0-9); cond_vieja = clasificacion anti
> gua
.     quietly generate byte cond_nueva = .
 39.     quietly generate byte cond_vieja = .
 40. 
.     if inrange(`y', 2001, 2005) {
 41.         quietly replace cond_vieja = condact
 42.     }
 43.     else if inrange(`y', 2007, 2013) {
 44.         quietly replace cond_nueva = CONDACTN
 45.         quietly replace cond_vieja = CONDACT
 46.     }
 47.     else if inrange(`y', 2014, 2015) {
 48.         quietly replace cond_nueva = condactn
 49.         quietly replace cond_vieja = condact
 50.     }
 51.     else if inrange(`y', 2016, 2017) {
 52.         quietly replace cond_nueva = condactn
 53.     }
 54.     else if `y' >= 2018 {
 55.         quietly replace cond_nueva = condact
 56.     }
 57. 
.     * Ocupado corregido: nunca imputa 1 a los valores perdidos.
.     quietly generate byte ocupado_ok = .
 58.     quietly replace ocupado_ok = inrange(cond_nueva, 1, 6) if !missing(con
> d_nueva)
 59.     quietly replace ocupado_ok = inrange(cond_vieja, 0, 4) ///
>         if missing(cond_nueva) & !missing(cond_vieja)
 60. 
.     *--- Condicion de actividad: replica EXACTA del codigo original ---*
.     * El original hacia: cap confirm variable CONDACT / if !_rc rename CONDAC
> TN*, lower
.     * y despues keep ... condact*  (patron sensible a mayusculas).
.     quietly generate byte condact_orig  = .
 61.     quietly generate byte condactn_orig = .
 62. 
.     capture confirm variable CONDACTN
 63.     if !_rc quietly replace condactn_orig = CONDACTN          // 2007-2013
 64.     capture confirm variable condactn
 65.     if !_rc quietly replace condactn_orig = condactn          // 2014-2017
 66.     capture confirm variable condact
 67.     if !_rc quietly replace condact_orig = condact            // 2001-2005
> , 2014-2015, 2018-2025
 68.     * CONDACT en mayusculas se perdia con "keep condact*": se replica ese 
> descarte.
. 
.     *--- Educacion superior ---*
.     * Codigos verificados:
.     *   2001        nivinst: 6=superior, 7=postgrado
.     *   2003-2005   nivinst: 8=superior no univ., 9=superior univ., 10=postgr
> ado
.     *   2007+       p10a   : 8=superior no univ., 9=superior univ., 10=postgr
> ado
.     * _ok    = educacion superior en sentido amplio (incluye superior no univ
> ersitaria),
.     *          comparable con el codigo 6 de 2001.
.     * _orig  = lo que hacia el codigo original (excluia superior no universit
> aria
.     *          desde 2003, pero la incluia en 2001).
.     quietly generate byte educsup_ok   = .
 69.     quietly generate byte educsup_orig = .
 70. 
.     if `y' == 2001 {
 71.         quietly replace educsup_ok   = inlist(nivinst, 6, 7) if !missing(n
> ivinst)
 72.         quietly replace educsup_orig = inlist(nivinst, 6, 7) if !missing(n
> ivinst)
 73.     }
 74.     else if inrange(`y', 2003, 2005) {
 75.         quietly replace educsup_ok   = inlist(nivinst, 8, 9, 10) if !missi
> ng(nivinst)
 76.         quietly replace educsup_orig = inlist(nivinst, 9, 10)    if !missi
> ng(nivinst)
 77.     }
 78.     else {
 79.         quietly replace educsup_ok   = inlist(p10a, 8, 9, 10) if !missing(
> p10a)
 80.         quietly replace educsup_orig = inlist(p10a, 9, 10)    if !missing(
> p10a)
 81.     }
 82. 
.     *--- Pobreza ---*
.     * ingtot_per esta en precios corrientes, igual que linea_pobreza_dic. Coh
> erente.
.     quietly generate double linea_pobreza   = `lp'
 83.     quietly generate double ingreso_pobreza = ingtot_per
 84.     quietly generate byte   pobreza = (ingreso_pobreza < linea_pobreza) //
> /
>         if !missing(ingreso_pobreza)
 85. 
.     *--- Variables de diseno muestral presentes ese anio ---*
.     foreach v of local svyvars {
 86.         capture confirm variable `v'
 87.         if _rc {
 88.             quietly generate str1 `v' = ""
 89.         }
 90.         else {
 91.             capture confirm string variable `v'
 92.             if _rc quietly tostring `v', replace force
 93.         }
 94.     }
 95. 
.     quietly keep anio fexp sexo area edad p24 p25 p27 p28 ///
>                  ing_lab ingtot_per ingreso_pobreza linea_pobreza pobreza ///
>                  cond_nueva cond_vieja ocupado_ok condact_orig condactn_orig 
> ///
>                  educsup_ok educsup_orig `svyvars'
 96. 
.     quietly compress
 97.     tempfile a`y'
 98.     quietly save `a`y''
 99. 
.     quietly count if pobreza == 1
100.     local np = r(N)
101.     quietly count if !missing(pobreza)
102.     local nv = r(N)
103.     display as text "`y': linea = " as result %7.2f `lp' ///
>         as text "  pobres/validos = " as result %9.0fc `np' as text " / " as 
> result %9.0fc `nv'
104. }
2001: linea =   45.34  pobres/validos =    33,582 /    57,163
2003: linea =   52.97  pobres/validos =    49,892 /    82,038
2005: linea =   55.50  pobres/validos =    37,289 /    75,829
2007: linea =   58.83  pobres/validos =    32,058 /    75,629
2008: linea =   64.20  pobres/validos =    32,129 /    77,796
2009: linea =   66.78  pobres/validos =    32,225 /    77,808
2010: linea =   69.05  pobres/validos =    31,155 /    82,004
2011: linea =   72.87  pobres/validos =    23,075 /    68,741
2012: linea =   76.34  pobres/validos =    23,823 /    72,621
2013: linea =   78.10  pobres/validos =    24,679 /    80,889
2014: linea =   81.04  pobres/validos =    31,582 /   115,710
2015: linea =   83.79  pobres/validos =    30,924 /   111,733
2016: linea =   84.68  pobres/validos =    31,599 /   113,309
2017: linea =   84.49  pobres/validos =    27,513 /   109,607
2018: linea =   84.79  pobres/validos =    12,181 /    59,022
2019: linea =   84.82  pobres/validos =    11,879 /    58,895
2020: linea =   84.05  pobres/validos =     8,087 /    30,326
2021: linea =   85.60  pobres/validos =     5,870 /    29,787
2022: linea =   88.72  pobres/validos =     4,991 /    28,838
2023: linea =   90.08  pobres/validos =     4,829 /    28,168
2024: linea =   91.43  pobres/validos =     4,411 /    27,454
2025: linea =   92.40  pobres/validos =     3,960 /    27,675

. 
. *--- Union de todos los anios ---*
. clear

. local first 1

. foreach y of local anios_all {
  2.     if `first' {
  3.         use `a`y'', clear
  4.         local first 0
  5.     }
  6.     else {
  7.         append using `a`y''
  8.     }
  9. }
(variable sector was str2, now str3 to accommodate using data's values)
(label area already defined)
(label sexo already defined)
(label area already defined)
(label sexo already defined)
(variable ing_lab was int, now long to accommodate using data's values)
(variable fexp was float, now double to accommodate using data's values)
(label area already defined)
(label area already defined)
(label p03 already defined)
(label p24 already defined)
(label p25 already defined)
(label p27 already defined)
(label p28 already defined)
(label ingrl already defined)
(label area already defined)
(label p03 already defined)
(label p24 already defined)
(label p25 already defined)
(label p27 already defined)
(label p28 already defined)
(label ingrl already defined)
(variable ing_lab was long, now double to accommodate using data's values)
(label area already defined)
(label p03 already defined)
(label p24 already defined)
(label p25 already defined)
(label p27 already defined)
(label p28 already defined)
(label area already defined)
(label p03 already defined)
(label p24 already defined)
(label p25 already defined)
(label p27 already defined)
(label p28 already defined)
(label area already defined)
(label p03 already defined)
(label p24 already defined)
(label p25 already defined)
(label p27 already defined)
(label p28 already defined)
(label area already defined)
(label p03 already defined)
(label p24 already defined)
(label p25 already defined)
(label p27 already defined)
(label p28 already defined)
(variable plan_muestreo was str1, now str4 to accommodate using data's
       values)
(label labels33 already defined)
(label labels36 already defined)
(label labels0 already defined)
(label labels6 already defined)
(label labels33 already defined)
(label labels34 already defined)
(label labels36 already defined)
(label labels37 already defined)
(label labels37 already defined)
(label labels36 already defined)
(label labels34 already defined)
(label labels33 already defined)
(label labels6 already defined)
(label labels0 already defined)
(variable estrato was str1, now str4 to accommodate using data's values)
(variable upm was str1, now str12 to accommodate using data's values)
(label labels34 already defined)
(label labels33 already defined)
(label labels5 already defined)
(label labels0 already defined)
(label labels31 already defined)
(label labels30 already defined)
(label labels6 already defined)
(label labels0 already defined)
(label labels35 already defined)
(label labels34 already defined)
(label labels31 already defined)
(label labels30 already defined)
(label labels6 already defined)
(label labels0 already defined)
(label labels31 already defined)
(label labels30 already defined)
(label labels28 already defined)
(label labels27 already defined)
(label labels6 already defined)
(label labels0 already defined)
(label labels33 already defined)
(label labels32 already defined)
(label labels30 already defined)
(label labels6 already defined)
(label labels0 already defined)
(label labels33 already defined)
(label labels32 already defined)
(label labels30 already defined)
(label labels29 already defined)
(label labels6 already defined)
(label labels0 already defined)
(label area already defined)
(label p03 already defined)
(label p24 already defined)
(label p25 already defined)
(label p27 already defined)
(label p28 already defined)
(label labels33 already defined)
(label labels32 already defined)
(label labels30 already defined)
(label labels29 already defined)
(label labels6 already defined)
(label labels0 already defined)

. 
. *--- Ocupado: replica EXACTA del error original ---*
. * El original parchaba condactn solo para 2019-2025, dejando 2018 sin condact
> n,
. * y usaba !inlist()/!inrange() sin excluir los valores perdidos (missing -> 1
> ).
. generate byte condactn_bug = condactn_orig
(512,063 missing values generated)

. replace condactn_bug = condact_orig if inrange(anio, 2019, 2025)
(232,597 real changes made)

. 
. generate byte ocupado_orig = !inlist(condactn_bug, 0, 7, 8, 9) if anio >= 200
> 7
(220,116 missing values generated)

. replace ocupado_orig = !inrange(condact_orig, 5, 8) if anio < 2007
(220,116 real changes made)

. 
. label variable ocupado_ok   "Ocupado (corregido)"

. label variable ocupado_orig "Ocupado (replica del codigo original)"

. label variable educsup_ok   "Educacion superior (amplia, comparable)"

. label variable educsup_orig "Educacion superior (definicion del codigo origin
> al)"

. label variable pobreza      "Ingreso per capita del hogar bajo la linea de po
> breza"

. 
. label define pobreza_lbl 0 "No pobre" 1 "Pobre", replace

. label values pobreza pobreza_lbl

. 
. compress
  variable ing_lab was double now long
  (6,031,192 bytes saved)

. save "$paneldir/panel_pobreza_laboral.dta", replace
file
    /Users/santiago/Library/CloudStorage/GoogleDrive-observatorio.pobreza@fla
    > cso.edu.ec/Mi
    unidad/Bases/ENEMDU/Procesadas/ingresos_pc/pobreza/panel_pobreza_laboral.
    > dta saved

. 
. display as text _n "Panel guardado: $paneldir/panel_pobreza_laboral.dta"

Panel guardado: /Users/santiago/Library/CloudStorage/GoogleDrive-observatorio.p
> obreza@flacso.edu.ec/Mi unidad/Bases/ENEMDU/Procesadas/ingresos_pc/pobreza/pa
> nel_pobreza_laboral.dta

. tabulate anio, missing

       anio |      Freq.     Percent        Cum.
------------+-----------------------------------
       2001 |     60,749        4.03        4.03
       2003 |     82,317        5.46        9.49
       2005 |     77,050        5.11       14.60
       2007 |     76,921        5.10       19.70
       2008 |     78,742        5.22       24.92
       2009 |     78,878        5.23       30.15
       2010 |     82,774        5.49       35.64
       2011 |     69,653        4.62       40.26
       2012 |     73,686        4.89       45.15
       2013 |     81,386        5.40       50.55
       2014 |    116,505        7.73       58.27
       2015 |    112,821        7.48       65.76
       2016 |    114,086        7.57       73.32
       2017 |    110,283        7.31       80.64
       2018 |     59,350        3.94       84.57
       2019 |     59,208        3.93       88.50
       2020 |     30,646        2.03       90.53
       2021 |     30,026        1.99       92.52
       2022 |     28,993        1.92       94.45
       2023 |     28,306        1.88       96.32
       2024 |     27,610        1.83       98.16
       2025 |     27,808        1.84      100.00
------------+-----------------------------------
      Total |  1,507,798      100.00

. 
end of do-file

OK  01_panel.do  (   3.0 segundos)


------------------------------------------------------------------------------
>>> 05_validacion.do   (15:07:13)
------------------------------------------------------------------------------

. do "00_config.do"

. *----------------------------------------------------------------------------
> --*
. * 00_config.do — Rutas y parametros comunes (Pobreza laboral, Boletin 3)
. *----------------------------------------------------------------------------
> --*
. * Detecta la raiz de Google Drive segun el usuario de la maquina, en lugar de
. * fijar "/Users/vero/...". Si se agrega un colaborador, basta con anadir su c
> aso.
. *----------------------------------------------------------------------------
> --*
. 
. clear all

. set more off

. version 15.1

. set varabbrev off

. 
. local u = c(username)

. 
. if "`u'" == "vero" {
.     global user_root "/Users/vero/Library/CloudStorage/GoogleDrive-observator
> io.pobreza@flacso.edu.ec/Mi unidad"
.     global gh_root   "/Users/vero/Documents/Observatorio GH/Observatorio-Desi
> gualdad-Pobreza"
. }

. else if "`u'" == "santiago" {
.     global user_root "/Users/santiago/Library/CloudStorage/GoogleDrive-observ
> atorio.pobreza@flacso.edu.ec/Mi unidad"
.     global gh_root   "/Users/santiago/Documents/GitHub/Observatorio-Desiguald
> ad-Pobreza"
. }

. else {
.     display as error "Usuario `u' no configurado en 00_config.do. Defina user
> _root y gh_root."
.     error 198
. }

. 
. capture confirm file "$user_root/Bases/ENEMDU/Procesadas/ingresos_pc/Nacional
> /ing_perca_2001_nac_precios2000.dta"

. if _rc {
.     display as error "No se encuentra la carpeta de bases en: $user_root"
.     error 601
. }

. 
. global nacional    "$user_root/Bases/ENEMDU/Procesadas/ingresos_pc/Nacional"

. global lineas_xlsx "$user_root/Bases/lineas_pobreza/lineas_de_pobreza_histori
> ca.xlsx"

. 
. * Salidas en carpeta propia: NO se sobrescriben los resultados publicados.
. global outdir   "$user_root/Boletín 3/4. Resultados/pobreza laboral/corregido
> "

. global paneldir "$user_root/Bases/ENEMDU/Procesadas/ingresos_pc/pobreza"

. 
. capture mkdir "$user_root/Boletín 3/4. Resultados/pobreza laboral"

. capture mkdir "$outdir"

. capture mkdir "$paneldir"

. 
. * Anios procesados: rondas de diciembre disponibles a nivel nacional.
. global anios "2001(2)2007 2008(1)2025"

. 
. display as text "Configuracion lista para usuario `u'."
Configuracion lista para usuario santiago.

. 
end of do-file

. use "$paneldir/panel_pobreza_laboral.dta", clear

. 
. * Replica exacta del original: drop antes de todo
. drop if p24 == 999
(6 observations deleted)

. 
. preserve

. collapse (mean) t = pobreza [iw=fexp] if pobreza < . & fexp < ., by(anio)

. gen total_orig = 100*t

. list anio total_orig, noobs sep(0)

  +-----------------+
  | anio   total_~g |
  |-----------------|
  | 2001   58.06781 |
  | 2003   54.75561 |
  | 2005   43.16964 |
  | 2007   36.70818 |
  | 2008   35.09365 |
  | 2009   36.02621 |
  | 2010   32.80061 |
  | 2011   28.64519 |
  | 2012   27.30581 |
  | 2013    25.5552 |
  | 2014   22.48883 |
  | 2015   23.29946 |
  | 2016   22.93794 |
  | 2017   21.48029 |
  | 2018    23.2416 |
  | 2019   25.05941 |
  | 2020     32.342 |
  | 2021   27.70355 |
  | 2022   25.22731 |
  | 2023   26.02336 |
  | 2024   27.99462 |
  | 2025   21.37095 |
  +-----------------+

. restore

. 
. preserve

. collapse (mean) t = pobreza [iw=fexp] if pobreza < . & fexp < . & ocupado_ori
> g == 1, by(anio)

. gen ocup_orig = 100*t

. list anio ocup_orig, noobs sep(0)

  +-----------------+
  | anio   ocup_o~g |
  |-----------------|
  | 2001   52.76833 |
  | 2003   47.13432 |
  | 2005   36.34677 |
  | 2007   29.57403 |
  | 2008   27.02854 |
  | 2009   28.34965 |
  | 2010   24.94838 |
  | 2011   21.34812 |
  | 2012   20.56493 |
  | 2013   18.07851 |
  | 2014   16.16664 |
  | 2015   17.39301 |
  | 2016   18.05109 |
  | 2017   16.82369 |
  | 2018    23.2416 |
  | 2019   19.86171 |
  | 2020     26.171 |
  | 2021   22.32163 |
  | 2022     19.549 |
  | 2023   19.75266 |
  | 2024   21.06412 |
  | 2025   16.94384 |
  +-----------------+

. restore

. 
. preserve

. collapse (mean) t = pobreza [iw=fexp] if pobreza < . & fexp < . & ocupado_ori
> g == 1 & area < ., by(anio area)

. gen v = 100*t

. keep anio area v

. reshape wide v, i(anio) j(area)
(j = 1 2)

Data                               Long   ->   Wide
-----------------------------------------------------------------------------
Number of observations               44   ->   22          
Number of variables                   3   ->   3           
j variable (2 values)              area   ->   (dropped)
xij variables:
                                      v   ->   v1 v2
-----------------------------------------------------------------------------

. list, noobs sep(0)

  +----------------------------+
  | anio         v1         v2 |
  |----------------------------|
  | 2001   40.66439   71.23306 |
  | 2003   33.70383   70.70338 |
  | 2005   23.75278   58.77799 |
  | 2007    17.5004   53.20757 |
  | 2008   15.33728   50.71384 |
  | 2009   17.36905   49.49123 |
  | 2010   15.05561   44.28249 |
  | 2011    11.1968   41.74818 |
  | 2012    10.4472   40.46828 |
  | 2013   10.91491   32.77239 |
  | 2014   10.22052   28.34362 |
  | 2015   10.25571   32.34452 |
  | 2016   10.75873   32.60063 |
  | 2017   8.555782   33.69241 |
  | 2018   15.38107   40.01922 |
  | 2019   11.26074   36.29136 |
  | 2020   17.89508   41.97895 |
  | 2021   14.48844   37.16545 |
  | 2022   11.11463   35.01189 |
  | 2023   11.36253   35.19345 |
  | 2024    12.0216   36.94633 |
  | 2025   9.527769    30.7028 |
  +----------------------------+

. restore

. 
end of do-file

OK  05_validacion.do  (   1.0 segundos)


------------------------------------------------------------------------------
>>> 02_indicadores.do   (15:07:14)
------------------------------------------------------------------------------

. *----------------------------------------------------------------------------
> --*
. * 02_indicadores.do — Series corregidas de pobreza laboral (2001-2025)
. *----------------------------------------------------------------------------
> --*
. * Correcciones respecto del codigo original:
. *   1. "scope" quedaba sin definir: cobertura_pobreza salia vacia. Ahora es "
> nac".
. *   2. ocupado ya no imputa 1 a los valores perdidos de la condicion de activ
> idad,
. *      y 2018 usa su propia variable (antes quedaba sin condactn -> todos ocu
> pados).
. *   3. No se eliminan las observaciones con p24 == 999 de las tasas de pobrez
> a:
. *      "no sabe cuantas horas trabaja" no es motivo para excluir a alguien de
> l
. *      calculo de pobreza. Ese filtro solo se aplica donde se usan las horas.
. *   4. El panel se guarda DESPUES de todas las correcciones, no antes.
. *   5. Cada poblacion de referencia escribe en archivos con nombre propio, de
>  modo
. *      que la version "ocupados" y la version "con ingreso laboral" no se pis
> an.
. *   6. educacion_superior usa una definicion comparable en toda la serie.
. *----------------------------------------------------------------------------
> --*
. 
. do "00_config.do"

. *----------------------------------------------------------------------------
> --*
. * 00_config.do — Rutas y parametros comunes (Pobreza laboral, Boletin 3)
. *----------------------------------------------------------------------------
> --*
. * Detecta la raiz de Google Drive segun el usuario de la maquina, en lugar de
. * fijar "/Users/vero/...". Si se agrega un colaborador, basta con anadir su c
> aso.
. *----------------------------------------------------------------------------
> --*
. 
. clear all

. set more off

. version 15.1

. set varabbrev off

. 
. local u = c(username)

. 
. if "`u'" == "vero" {
.     global user_root "/Users/vero/Library/CloudStorage/GoogleDrive-observator
> io.pobreza@flacso.edu.ec/Mi unidad"
.     global gh_root   "/Users/vero/Documents/Observatorio GH/Observatorio-Desi
> gualdad-Pobreza"
. }

. else if "`u'" == "santiago" {
.     global user_root "/Users/santiago/Library/CloudStorage/GoogleDrive-observ
> atorio.pobreza@flacso.edu.ec/Mi unidad"
.     global gh_root   "/Users/santiago/Documents/GitHub/Observatorio-Desiguald
> ad-Pobreza"
. }

. else {
.     display as error "Usuario `u' no configurado en 00_config.do. Defina user
> _root y gh_root."
.     error 198
. }

. 
. capture confirm file "$user_root/Bases/ENEMDU/Procesadas/ingresos_pc/Nacional
> /ing_perca_2001_nac_precios2000.dta"

. if _rc {
.     display as error "No se encuentra la carpeta de bases en: $user_root"
.     error 601
. }

. 
. global nacional    "$user_root/Bases/ENEMDU/Procesadas/ingresos_pc/Nacional"

. global lineas_xlsx "$user_root/Bases/lineas_pobreza/lineas_de_pobreza_histori
> ca.xlsx"

. 
. * Salidas en carpeta propia: NO se sobrescriben los resultados publicados.
. global outdir   "$user_root/Boletín 3/4. Resultados/pobreza laboral/corregido
> "

. global paneldir "$user_root/Bases/ENEMDU/Procesadas/ingresos_pc/pobreza"

. 
. capture mkdir "$user_root/Boletín 3/4. Resultados/pobreza laboral"

. capture mkdir "$outdir"

. capture mkdir "$paneldir"

. 
. * Anios procesados: rondas de diciembre disponibles a nivel nacional.
. global anios "2001(2)2007 2008(1)2025"

. 
. display as text "Configuracion lista para usuario `u'."
Configuracion lista para usuario santiago.

. 
end of do-file

. 
. use "$paneldir/panel_pobreza_laboral.dta", clear

. 
. *--- Metadatos ---*
. generate str3 cobertura_pobreza = "nac"

. label variable cobertura_pobreza "Cobertura de la base usada"

. 
. *--- Etiquetas de los grupos ---*
. * "export excel" escribe las etiquetas de valor, no los codigos, asi que esta
> s
. * etiquetas son los nombres con los que el generador del Word lee cada grupo.
. * Cambiarlas obliga a cambiar tambien configuracion.py del boletin automatiza
> do.
. label define area_lbl 1 "Urbana" 2 "Rural", replace

. label values area area_lbl

. 
. label define sexo_lbl 1 "Hombre" 2 "Mujer", replace

. label values sexo sexo_lbl

. 
. label define educsup_lbl 0 "Sin educación superior" 1 "Con educación superior
> ", replace

. label values educsup_ok   educsup_lbl

. label values educsup_orig educsup_lbl

. 
. *--- Grupos de edad ---*
. generate byte age_cat = .
(1,507,798 missing values generated)

. replace age_cat = 1 if inrange(edad, 18, 29)
(281,361 real changes made)

. replace age_cat = 2 if inrange(edad, 30, 64)
(552,559 real changes made)

. replace age_cat = 3 if inrange(edad, 65, 97)
(138,842 real changes made)

. label define age_cat_lbl 1 "18-29" 2 "30-64" 3 "65+", replace

. label values age_cat age_cat_lbl

. label variable age_cat "Grupo de edad"

. 
. *--- Horas trabajadas: 999 = "no sabe". Se marca como perdido en lugar de
. *--- eliminar la observacion completa del calculo de pobreza.              --
> -*
. generate double horas = p24
(813,660 missing values generated)

. replace horas = . if p24 == 999 | p24 >= 999
(6 real changes made, 6 to missing)

. label variable horas "Horas trabajadas a la semana (999 = no sabe -> perdido)
> "

. 
. compress
  variable horas was double now int
  (9,046,788 bytes saved)

. save "$paneldir/panel_pobreza_laboral_final.dta", replace
file
    /Users/santiago/Library/CloudStorage/GoogleDrive-observatorio.pobreza@fla
    > cso.edu.ec/Mi
    unidad/Bases/ENEMDU/Procesadas/ingresos_pc/pobreza/panel_pobreza_laboral_
    > final.dta saved

. 
. *----------------------------------------------------------------------------
> --*
. * Series. Dos poblaciones de referencia, con nombres de archivo distintos:
. *   ocupados  -> ocupado_ok == 1        (definicion del boletin)
. *   inglab    -> !missing(ing_lab)      (variante con ingreso laboral observa
> do)
. *----------------------------------------------------------------------------
> --*
. 
. foreach pob in total ocupados inglab {
  2. 
.     if "`pob'" == "total"    local filtro ""
  3.     if "`pob'" == "ocupados" local filtro "& ocupado_ok == 1"
  4.     if "`pob'" == "inglab"   local filtro "& !missing(ing_lab)"
  5. 
.     foreach dim in nacional area sexo edad educ {
  6. 
.         if "`dim'" == "nacional" local byv ""
  7.         if "`dim'" == "area"     local byv "area"
  8.         if "`dim'" == "sexo"     local byv "sexo"
  9.         if "`dim'" == "edad"     local byv "age_cat"
 10.         if "`dim'" == "educ"     local byv "educsup_ok"
 11. 
.         local cond "pobreza < . & fexp < . `filtro'"
 12.         if "`byv'" != "" local cond "`cond' & `byv' < ."
 13. 
.         preserve
 14.         collapse (mean) tasa_pobreza = pobreza (rawsum) n_casos = fexp ///
>             [iw = fexp] if `cond', by(anio `byv')
 15. 
.         generate tasa_pobreza_pct = 100 * tasa_pobreza
 16.         label variable tasa_pobreza_pct "Pobreza (%)"
 17. 
.         export excel using "$outdir/pobreza_`pob'_`dim'.xlsx", ///
>             replace firstrow(var)
 18.         restore
 19.     }
 20. }
file /Users/santiago/Library/CloudStorage/GoogleDrive-observatorio.pobreza@flac
> so.edu.ec/Mi unidad/Boletín 3/4. Resultados/pobreza laboral/corregido/pobreza
> _total_nacional.xlsx saved
file /Users/santiago/Library/CloudStorage/GoogleDrive-observatorio.pobreza@flac
> so.edu.ec/Mi unidad/Boletín 3/4. Resultados/pobreza laboral/corregido/pobreza
> _total_area.xlsx saved
file /Users/santiago/Library/CloudStorage/GoogleDrive-observatorio.pobreza@flac
> so.edu.ec/Mi unidad/Boletín 3/4. Resultados/pobreza laboral/corregido/pobreza
> _total_sexo.xlsx saved
file /Users/santiago/Library/CloudStorage/GoogleDrive-observatorio.pobreza@flac
> so.edu.ec/Mi unidad/Boletín 3/4. Resultados/pobreza laboral/corregido/pobreza
> _total_edad.xlsx saved
file /Users/santiago/Library/CloudStorage/GoogleDrive-observatorio.pobreza@flac
> so.edu.ec/Mi unidad/Boletín 3/4. Resultados/pobreza laboral/corregido/pobreza
> _total_educ.xlsx saved
file /Users/santiago/Library/CloudStorage/GoogleDrive-observatorio.pobreza@flac
> so.edu.ec/Mi unidad/Boletín 3/4. Resultados/pobreza laboral/corregido/pobreza
> _ocupados_nacional.xlsx saved
file /Users/santiago/Library/CloudStorage/GoogleDrive-observatorio.pobreza@flac
> so.edu.ec/Mi unidad/Boletín 3/4. Resultados/pobreza laboral/corregido/pobreza
> _ocupados_area.xlsx saved
file /Users/santiago/Library/CloudStorage/GoogleDrive-observatorio.pobreza@flac
> so.edu.ec/Mi unidad/Boletín 3/4. Resultados/pobreza laboral/corregido/pobreza
> _ocupados_sexo.xlsx saved
file /Users/santiago/Library/CloudStorage/GoogleDrive-observatorio.pobreza@flac
> so.edu.ec/Mi unidad/Boletín 3/4. Resultados/pobreza laboral/corregido/pobreza
> _ocupados_edad.xlsx saved
file /Users/santiago/Library/CloudStorage/GoogleDrive-observatorio.pobreza@flac
> so.edu.ec/Mi unidad/Boletín 3/4. Resultados/pobreza laboral/corregido/pobreza
> _ocupados_educ.xlsx saved
file /Users/santiago/Library/CloudStorage/GoogleDrive-observatorio.pobreza@flac
> so.edu.ec/Mi unidad/Boletín 3/4. Resultados/pobreza laboral/corregido/pobreza
> _inglab_nacional.xlsx saved
file /Users/santiago/Library/CloudStorage/GoogleDrive-observatorio.pobreza@flac
> so.edu.ec/Mi unidad/Boletín 3/4. Resultados/pobreza laboral/corregido/pobreza
> _inglab_area.xlsx saved
file /Users/santiago/Library/CloudStorage/GoogleDrive-observatorio.pobreza@flac
> so.edu.ec/Mi unidad/Boletín 3/4. Resultados/pobreza laboral/corregido/pobreza
> _inglab_sexo.xlsx saved
file /Users/santiago/Library/CloudStorage/GoogleDrive-observatorio.pobreza@flac
> so.edu.ec/Mi unidad/Boletín 3/4. Resultados/pobreza laboral/corregido/pobreza
> _inglab_edad.xlsx saved
file /Users/santiago/Library/CloudStorage/GoogleDrive-observatorio.pobreza@flac
> so.edu.ec/Mi unidad/Boletín 3/4. Resultados/pobreza laboral/corregido/pobreza
> _inglab_educ.xlsx saved

. 
. display as text _n "Series corregidas exportadas a: $outdir"

Series corregidas exportadas a: /Users/santiago/Library/CloudStorage/GoogleDriv
> e-observatorio.pobreza@flacso.edu.ec/Mi unidad/Boletín 3/4. Resultados/pobrez
> a laboral/corregido

. 
. *----------------------------------------------------------------------------
> --*
. * Graficos del boletin (poblacion: ocupados), con la serie completa en el eje
>  X
. *----------------------------------------------------------------------------
> --*
. 
. * Grafico 9: evolucion nacional
. preserve

. collapse (mean) t = pobreza [iw = fexp] if pobreza < . & fexp < . & ocupado_o
> k == 1, by(anio)

. generate tasa = 100 * t

. generate lbl = tasa if inlist(anio, 2001, 2009, 2017, 2025)
(18 missing values generated)

. format lbl %9.1f

. 
. twoway (connected tasa anio, lcolor(maroon) lwidth(medthick) msymbol(circle) 
> mcolor(maroon)) ///
>        (scatter lbl anio, msymbol(none) mlabel(lbl) mlabposition(12) ///
>             mlabcolor(maroon) mlabsize(vsmall)), ///
>     title("Pobreza laboral a nivel nacional") ///
>     xtitle("") ytitle("Pobreza (%)") ///
>     ylabel(0(10)60, angle(horizontal)) xlabel(2001(2)2025, angle(90)) ///
>     legend(off) name(g9, replace) ///
>     graphregion(color(white)) plotregion(color(white))

. graph export "$outdir/g09_pobreza_laboral_nacional.png", replace width(2400)
file /Users/santiago/Library/CloudStorage/GoogleDrive-observatorio.pobreza@flac
> so.edu.ec/Mi unidad/Boletín 3/4. Resultados/pobreza laboral/corregido/g09_pob
> reza_laboral_nacional.png written in PNG format

. restore

. 
. * Grafico 10: por area
. preserve

. collapse (mean) t = pobreza [iw = fexp] ///
>     if pobreza < . & fexp < . & ocupado_ok == 1 & area < ., by(anio area)

. generate tasa = 100 * t

. generate lbl_u = tasa if area == 1 & inlist(anio, 2001, 2009, 2017, 2025)
(40 missing values generated)

. generate lbl_r = tasa if area == 2 & inlist(anio, 2001, 2009, 2017, 2025)
(40 missing values generated)

. format lbl_u lbl_r %9.1f

. 
. twoway (connected tasa anio if area == 1, lcolor(navy) lwidth(medthick) mcolo
> r(navy)) ///
>        (connected tasa anio if area == 2, lcolor(maroon) lwidth(medthick) mco
> lor(maroon)) ///
>        (scatter lbl_u anio, msymbol(none) mlabel(lbl_u) mlabposition(6) mlabc
> olor(navy) mlabsize(vsmall)) ///
>        (scatter lbl_r anio, msymbol(none) mlabel(lbl_r) mlabposition(12) mlab
> color(maroon) mlabsize(vsmall)), ///
>     title("Pobreza laboral por area") ///
>     xtitle("") ytitle("Pobreza (%)") ///
>     ylabel(0(10)80, angle(horizontal)) xlabel(2001(2)2025, angle(90)) ///
>     legend(order(1 "Urbana" 2 "Rural") position(6) rows(1)) name(g10, replace
> ) ///
>     graphregion(color(white)) plotregion(color(white))

. graph export "$outdir/g10_pobreza_laboral_area.png", replace width(2400)
file /Users/santiago/Library/CloudStorage/GoogleDrive-observatorio.pobreza@flac
> so.edu.ec/Mi unidad/Boletín 3/4. Resultados/pobreza laboral/corregido/g10_pob
> reza_laboral_area.png written in PNG format

. restore

. 
. * Grafico 11: por educacion superior
. preserve

. collapse (mean) t = pobreza [iw = fexp] ///
>     if pobreza < . & fexp < . & ocupado_ok == 1 & educsup_ok < ., by(anio edu
> csup_ok)

. generate tasa = 100 * t

. generate lbl_0 = tasa if educsup_ok == 0 & inlist(anio, 2001, 2009, 2017, 202
> 5)
(40 missing values generated)

. generate lbl_1 = tasa if educsup_ok == 1 & inlist(anio, 2001, 2009, 2017, 202
> 5)
(40 missing values generated)

. format lbl_0 lbl_1 %9.1f

. 
. twoway (connected tasa anio if educsup_ok == 0, lcolor(navy) lwidth(medthick)
>  mcolor(navy)) ///
>        (connected tasa anio if educsup_ok == 1, lcolor(maroon) lwidth(medthic
> k) mcolor(maroon)) ///
>        (scatter lbl_0 anio, msymbol(none) mlabel(lbl_0) mlabposition(12) mlab
> color(navy) mlabsize(vsmall)) ///
>        (scatter lbl_1 anio, msymbol(none) mlabel(lbl_1) mlabposition(6) mlabc
> olor(maroon) mlabsize(vsmall)), ///
>     title("Pobreza laboral por nivel educativo") ///
>     xtitle("") ytitle("Pobreza (%)") ///
>     ylabel(0(10)60, angle(horizontal)) xlabel(2001(2)2025, angle(90)) ///
>     legend(order(1 "Sin educacion superior" 2 "Con educacion superior") posit
> ion(6) rows(1)) ///
>     name(g11, replace) graphregion(color(white)) plotregion(color(white))

. graph export "$outdir/g11_pobreza_laboral_educacion.png", replace width(2400)
file /Users/santiago/Library/CloudStorage/GoogleDrive-observatorio.pobreza@flac
> so.edu.ec/Mi unidad/Boletín 3/4. Resultados/pobreza laboral/corregido/g11_pob
> reza_laboral_educacion.png written in PNG format

. restore

. 
. display as text _n "Graficos exportados a: $outdir"

Graficos exportados a: /Users/santiago/Library/CloudStorage/GoogleDrive-observa
> torio.pobreza@flacso.edu.ec/Mi unidad/Boletín 3/4. Resultados/pobreza laboral
> /corregido

. 
end of do-file

OK  02_indicadores.do  (   7.0 segundos)


------------------------------------------------------------------------------
>>> 03_impacto.do   (15:07:21)
------------------------------------------------------------------------------

. *----------------------------------------------------------------------------
> --*
. * 03_impacto.do — Cuantifica el efecto de cada error sobre los resultados
. *----------------------------------------------------------------------------
> --*
. * Estrategia: partir de la version corregida y reintroducir UN error a la vez
> .
. * La variante "orig" reproduce exactamente los archivos publicados (verificad
> o
. * contra pobreza_evolucion.xlsx y pobreza_laboral.xlsx del 16-jun).
. *
. * Variantes de la poblacion "ocupados":
. *   ok      : correcta
. *   e2018   : solo el error de 2018 (condactn ausente, parche desde 2019)
. *   emiss   : solo la imputacion de ocupado=1 a los valores perdidos
. *   orig    : ambas (replica del codigo publicado)
. *----------------------------------------------------------------------------
> --*
. 
. do "00_config.do"

. *----------------------------------------------------------------------------
> --*
. * 00_config.do — Rutas y parametros comunes (Pobreza laboral, Boletin 3)
. *----------------------------------------------------------------------------
> --*
. * Detecta la raiz de Google Drive segun el usuario de la maquina, en lugar de
. * fijar "/Users/vero/...". Si se agrega un colaborador, basta con anadir su c
> aso.
. *----------------------------------------------------------------------------
> --*
. 
. clear all

. set more off

. version 15.1

. set varabbrev off

. 
. local u = c(username)

. 
. if "`u'" == "vero" {
.     global user_root "/Users/vero/Library/CloudStorage/GoogleDrive-observator
> io.pobreza@flacso.edu.ec/Mi unidad"
.     global gh_root   "/Users/vero/Documents/Observatorio GH/Observatorio-Desi
> gualdad-Pobreza"
. }

. else if "`u'" == "santiago" {
.     global user_root "/Users/santiago/Library/CloudStorage/GoogleDrive-observ
> atorio.pobreza@flacso.edu.ec/Mi unidad"
.     global gh_root   "/Users/santiago/Documents/GitHub/Observatorio-Desiguald
> ad-Pobreza"
. }

. else {
.     display as error "Usuario `u' no configurado en 00_config.do. Defina user
> _root y gh_root."
.     error 198
. }

. 
. capture confirm file "$user_root/Bases/ENEMDU/Procesadas/ingresos_pc/Nacional
> /ing_perca_2001_nac_precios2000.dta"

. if _rc {
.     display as error "No se encuentra la carpeta de bases en: $user_root"
.     error 601
. }

. 
. global nacional    "$user_root/Bases/ENEMDU/Procesadas/ingresos_pc/Nacional"

. global lineas_xlsx "$user_root/Bases/lineas_pobreza/lineas_de_pobreza_histori
> ca.xlsx"

. 
. * Salidas en carpeta propia: NO se sobrescriben los resultados publicados.
. global outdir   "$user_root/Boletín 3/4. Resultados/pobreza laboral/corregido
> "

. global paneldir "$user_root/Bases/ENEMDU/Procesadas/ingresos_pc/pobreza"

. 
. capture mkdir "$user_root/Boletín 3/4. Resultados/pobreza laboral"

. capture mkdir "$outdir"

. capture mkdir "$paneldir"

. 
. * Anios procesados: rondas de diciembre disponibles a nivel nacional.
. global anios "2001(2)2007 2008(1)2025"

. 
. display as text "Configuracion lista para usuario `u'."
Configuracion lista para usuario santiago.

. 
end of do-file

. use "$paneldir/panel_pobreza_laboral_final.dta", clear

. 
. *--- Variantes de "ocupado" que aislan cada error ---*
. generate byte ocup_e2018 = ocupado_ok

. replace     ocup_e2018 = ocupado_orig if anio == 2018
(31,153 real changes made)

. 
. generate byte ocup_emiss = ocupado_orig

. replace     ocup_emiss = ocupado_ok if anio == 2018
(31,153 real changes made)

. 
. tempfile panel

. save `panel', replace
(file /var/folders/v8/j2_3wzqd1rqc2l_95p5k_2l00000gn/T//St02740.000001 not
    found)
file /var/folders/v8/j2_3wzqd1rqc2l_95p5k_2l00000gn/T//St02740.000001 saved
    as .dta format

. 
. *============================================================================
> ==*
. * A. Serie nacional de pobreza laboral (ocupados) — Grafico 9
. *============================================================================
> ==*
. tempfile acum

. local first 1

. 
. foreach v in ocupado_ok ocup_e2018 ocup_emiss ocupado_orig {
  2.     use `panel', clear
  3.     collapse (mean) t = pobreza [iw = fexp] if pobreza < . & fexp < . & `v
> ' == 1, by(anio)
  4.     generate str12 variante = "`v'"
  5.     generate double tasa = 100 * t
  6.     keep anio variante tasa
  7.     if `first' {
  8.         save `acum', replace
  9.         local first 0
 10.     }
 11.     else {
 12.         append using `acum'
 13.         save `acum', replace
 14.     }
 15. }
(file /var/folders/v8/j2_3wzqd1rqc2l_95p5k_2l00000gn/T//St02740.000002 not
    found)
file /var/folders/v8/j2_3wzqd1rqc2l_95p5k_2l00000gn/T//St02740.000002 saved
    as .dta format
file /var/folders/v8/j2_3wzqd1rqc2l_95p5k_2l00000gn/T//St02740.000002 saved
    as .dta format
file /var/folders/v8/j2_3wzqd1rqc2l_95p5k_2l00000gn/T//St02740.000002 saved
    as .dta format
file /var/folders/v8/j2_3wzqd1rqc2l_95p5k_2l00000gn/T//St02740.000002 saved
    as .dta format

. 
. * Variante: efecto de "drop if p24 == 999" sobre la serie corregida
. use `panel', clear

. drop if p24 == 999
(6 observations deleted)

. collapse (mean) t = pobreza [iw = fexp] if pobreza < . & fexp < . & ocupado_o
> k == 1, by(anio)

. generate str12 variante = "drop999"

. generate double tasa = 100 * t

. keep anio variante tasa

. append using `acum'

. save `acum', replace
file /var/folders/v8/j2_3wzqd1rqc2l_95p5k_2l00000gn/T//St02740.000002 saved
    as .dta format

. 
. * Variante: poblacion definida por ing_lab en vez de ocupados (colision de ar
> chivos)
. use `panel', clear

. collapse (mean) t = pobreza [iw = fexp] if pobreza < . & fexp < . & !missing(
> ing_lab), by(anio)

. generate str12 variante = "inglab"

. generate double tasa = 100 * t

. keep anio variante tasa

. append using `acum'

. save `acum', replace
file /var/folders/v8/j2_3wzqd1rqc2l_95p5k_2l00000gn/T//St02740.000002 saved
    as .dta format

. 
. use `acum', clear

. reshape wide tasa, i(anio) j(variante) string
(j = drop999 inglab ocup_e2018 ocup_emiss ocupado_ok ocupado_orig)

Data                               Long   ->   Wide
-----------------------------------------------------------------------------
Number of observations              132   ->   22          
Number of variables                   3   ->   7           
j variable (6 values)          variante   ->   (dropped)
xij variables:
                                   tasa   ->   tasadrop999 tasainglab ... tasao
> cupado_orig
-----------------------------------------------------------------------------

. 
. generate double d_2018   = tasaocup_e2018   - tasaocupado_ok

. generate double d_miss   = tasaocup_emiss   - tasaocupado_ok

. generate double d_orig   = tasaocupado_orig - tasaocupado_ok

. generate double d_drop   = tasadrop999      - tasaocupado_ok

. generate double d_inglab = tasainglab       - tasaocupado_ok

. 
. format tasa* d_* %9.3f

. label variable tasaocupado_ok  "Corregida"

. label variable tasaocupado_orig "Original (publicada)"

. 
. list anio tasaocupado_ok tasaocupado_orig d_orig d_2018 d_miss d_drop d_ingla
> b, ///
>     noobs sep(0) abbreviate(18)

  +---------------------------------------------------------------------+
  | anio | tasaocupado_ok | tasaocupado_orig | d_orig | d_2018 | d_miss |
  | 2001 |         52.506 |           52.768 |  0.262 |  0.000 |  0.262 |
  |---------------------------------------------------------------------|
  |             d_drop              |             d_inglab              |
  |              0.000              |               -6.235              |
  +---------------------------------------------------------------------+

  +---------------------------------------------------------------------+
  | anio | tasaocupado_ok | tasaocupado_orig | d_orig | d_2018 | d_miss |
  | 2003 |         47.132 |           47.132 |  0.000 |  0.000 |  0.000 |
  |---------------------------------------------------------------------|
  |             d_drop              |             d_inglab              |
  |              0.002              |               -3.303              |
  +---------------------------------------------------------------------+

  +---------------------------------------------------------------------+
  | anio | tasaocupado_ok | tasaocupado_orig | d_orig | d_2018 | d_miss |
  | 2005 |         36.347 |           36.347 |  0.000 |  0.000 |  0.000 |
  |---------------------------------------------------------------------|
  |             d_drop              |             d_inglab              |
  |              0.000              |               -4.660              |
  +---------------------------------------------------------------------+

  +---------------------------------------------------------------------+
  | anio | tasaocupado_ok | tasaocupado_orig | d_orig | d_2018 | d_miss |
  | 2007 |         29.578 |           29.578 |  0.000 |  0.000 |  0.000 |
  |---------------------------------------------------------------------|
  |             d_drop              |             d_inglab              |
  |             -0.004              |               -3.804              |
  +---------------------------------------------------------------------+

  +---------------------------------------------------------------------+
  | anio | tasaocupado_ok | tasaocupado_orig | d_orig | d_2018 | d_miss |
  | 2008 |         27.029 |           27.029 |  0.000 |  0.000 |  0.000 |
  |---------------------------------------------------------------------|
  |             d_drop              |             d_inglab              |
  |              0.000              |               -3.472              |
  +---------------------------------------------------------------------+

  +---------------------------------------------------------------------+
  | anio | tasaocupado_ok | tasaocupado_orig | d_orig | d_2018 | d_miss |
  | 2009 |         28.350 |           28.350 |  0.000 |  0.000 |  0.000 |
  |---------------------------------------------------------------------|
  |             d_drop              |             d_inglab              |
  |              0.000              |               -4.125              |
  +---------------------------------------------------------------------+

  +---------------------------------------------------------------------+
  | anio | tasaocupado_ok | tasaocupado_orig | d_orig | d_2018 | d_miss |
  | 2010 |         24.948 |           24.948 |  0.000 |  0.000 |  0.000 |
  |---------------------------------------------------------------------|
  |             d_drop              |             d_inglab              |
  |              0.000              |               -3.963              |
  +---------------------------------------------------------------------+

  +---------------------------------------------------------------------+
  | anio | tasaocupado_ok | tasaocupado_orig | d_orig | d_2018 | d_miss |
  | 2011 |         21.348 |           21.348 |  0.000 |  0.000 |  0.000 |
  |---------------------------------------------------------------------|
  |             d_drop              |             d_inglab              |
  |              0.000              |               -3.038              |
  +---------------------------------------------------------------------+

  +---------------------------------------------------------------------+
  | anio | tasaocupado_ok | tasaocupado_orig | d_orig | d_2018 | d_miss |
  | 2012 |         20.565 |           20.565 |  0.000 |  0.000 |  0.000 |
  |---------------------------------------------------------------------|
  |             d_drop              |             d_inglab              |
  |              0.000              |               -3.823              |
  +---------------------------------------------------------------------+

  +---------------------------------------------------------------------+
  | anio | tasaocupado_ok | tasaocupado_orig | d_orig | d_2018 | d_miss |
  | 2013 |         18.079 |           18.079 |  0.000 |  0.000 |  0.000 |
  |---------------------------------------------------------------------|
  |             d_drop              |             d_inglab              |
  |              0.000              |               -2.503              |
  +---------------------------------------------------------------------+

  +---------------------------------------------------------------------+
  | anio | tasaocupado_ok | tasaocupado_orig | d_orig | d_2018 | d_miss |
  | 2014 |         16.167 |           16.167 |  0.000 |  0.000 |  0.000 |
  |---------------------------------------------------------------------|
  |             d_drop              |             d_inglab              |
  |              0.000              |               -2.591              |
  +---------------------------------------------------------------------+

  +---------------------------------------------------------------------+
  | anio | tasaocupado_ok | tasaocupado_orig | d_orig | d_2018 | d_miss |
  | 2015 |         17.393 |           17.393 |  0.000 |  0.000 |  0.000 |
  |---------------------------------------------------------------------|
  |             d_drop              |             d_inglab              |
  |              0.000              |               -3.460              |
  +---------------------------------------------------------------------+

  +---------------------------------------------------------------------+
  | anio | tasaocupado_ok | tasaocupado_orig | d_orig | d_2018 | d_miss |
  | 2016 |         18.051 |           18.051 |  0.000 |  0.000 |  0.000 |
  |---------------------------------------------------------------------|
  |             d_drop              |             d_inglab              |
  |              0.000              |               -3.745              |
  +---------------------------------------------------------------------+

  +---------------------------------------------------------------------+
  | anio | tasaocupado_ok | tasaocupado_orig | d_orig | d_2018 | d_miss |
  | 2017 |         16.824 |           16.824 |  0.000 |  0.000 |  0.000 |
  |---------------------------------------------------------------------|
  |             d_drop              |             d_inglab              |
  |              0.000              |               -3.807              |
  +---------------------------------------------------------------------+

  +---------------------------------------------------------------------+
  | anio | tasaocupado_ok | tasaocupado_orig | d_orig | d_2018 | d_miss |
  | 2018 |         18.242 |           23.242 |  4.999 |  4.999 |  0.000 |
  |---------------------------------------------------------------------|
  |             d_drop              |             d_inglab              |
  |              0.000              |               -4.258              |
  +---------------------------------------------------------------------+

  +---------------------------------------------------------------------+
  | anio | tasaocupado_ok | tasaocupado_orig | d_orig | d_2018 | d_miss |
  | 2019 |         19.862 |           19.862 |  0.000 |  0.000 |  0.000 |
  |---------------------------------------------------------------------|
  |             d_drop              |             d_inglab              |
  |              0.000              |               -4.735              |
  +---------------------------------------------------------------------+

  +---------------------------------------------------------------------+
  | anio | tasaocupado_ok | tasaocupado_orig | d_orig | d_2018 | d_miss |
  | 2020 |         26.171 |           26.171 |  0.000 |  0.000 |  0.000 |
  |---------------------------------------------------------------------|
  |             d_drop              |             d_inglab              |
  |              0.000              |               -5.335              |
  +---------------------------------------------------------------------+

  +---------------------------------------------------------------------+
  | anio | tasaocupado_ok | tasaocupado_orig | d_orig | d_2018 | d_miss |
  | 2021 |         22.322 |           22.322 |  0.000 |  0.000 |  0.000 |
  |---------------------------------------------------------------------|
  |             d_drop              |             d_inglab              |
  |              0.000              |               -3.928              |
  +---------------------------------------------------------------------+

  +---------------------------------------------------------------------+
  | anio | tasaocupado_ok | tasaocupado_orig | d_orig | d_2018 | d_miss |
  | 2022 |         19.549 |           19.549 |  0.000 |  0.000 |  0.000 |
  |---------------------------------------------------------------------|
  |             d_drop              |             d_inglab              |
  |              0.000              |               -4.798              |
  +---------------------------------------------------------------------+

  +---------------------------------------------------------------------+
  | anio | tasaocupado_ok | tasaocupado_orig | d_orig | d_2018 | d_miss |
  | 2023 |         19.753 |           19.753 |  0.000 |  0.000 |  0.000 |
  |---------------------------------------------------------------------|
  |             d_drop              |             d_inglab              |
  |              0.000              |               -4.799              |
  +---------------------------------------------------------------------+

  +---------------------------------------------------------------------+
  | anio | tasaocupado_ok | tasaocupado_orig | d_orig | d_2018 | d_miss |
  | 2024 |         21.064 |           21.064 |  0.000 |  0.000 |  0.000 |
  |---------------------------------------------------------------------|
  |             d_drop              |             d_inglab              |
  |              0.000              |               -4.941              |
  +---------------------------------------------------------------------+

  +---------------------------------------------------------------------+
  | anio | tasaocupado_ok | tasaocupado_orig | d_orig | d_2018 | d_miss |
  | 2025 |         16.944 |           16.944 |  0.000 |  0.000 |  0.000 |
  |---------------------------------------------------------------------|
  |             d_drop              |             d_inglab              |
  |              0.000              |               -4.097              |
  +---------------------------------------------------------------------+

. 
. export excel using "$outdir/impacto_serie_nacional.xlsx", replace firstrow(va
> rlabels)
file /Users/santiago/Library/CloudStorage/GoogleDrive-observatorio.pobreza@flac
> so.edu.ec/Mi unidad/Boletín 3/4. Resultados/pobreza laboral/corregido/impacto
> _serie_nacional.xlsx saved

. 
. *============================================================================
> ==*
. * B. Pobreza laboral por area — Grafico 10
. *============================================================================
> ==*
. tempfile acum2

. local first 1

. foreach v in ocupado_ok ocupado_orig {
  2.     use `panel', clear
  3.     collapse (mean) t = pobreza [iw = fexp] ///
>         if pobreza < . & fexp < . & `v' == 1 & area < ., by(anio area)
  4.     generate str12 variante = "`v'"
  5.     generate double tasa = 100 * t
  6.     keep anio area variante tasa
  7.     if `first' {
  8.         save `acum2', replace
  9.         local first 0
 10.     }
 11.     else {
 12.         append using `acum2'
 13.         save `acum2', replace
 14.     }
 15. }
(file /var/folders/v8/j2_3wzqd1rqc2l_95p5k_2l00000gn/T//St02740.000003 not
    found)
file /var/folders/v8/j2_3wzqd1rqc2l_95p5k_2l00000gn/T//St02740.000003 saved
    as .dta format
(label area_lbl already defined)
file /var/folders/v8/j2_3wzqd1rqc2l_95p5k_2l00000gn/T//St02740.000003 saved
    as .dta format

. use `acum2', clear

. reshape wide tasa, i(anio area) j(variante) string
(j = ocupado_ok ocupado_orig)

Data                               Long   ->   Wide
-----------------------------------------------------------------------------
Number of observations               88   ->   44          
Number of variables                   4   ->   4           
j variable (2 values)          variante   ->   (dropped)
xij variables:
                                   tasa   ->   tasaocupado_ok tasaocupado_orig
-----------------------------------------------------------------------------

. generate double dif = tasaocupado_orig - tasaocupado_ok

. format tasa* dif %9.3f

. di _n "=== AREA (1=urbana, 2=rural) ==="

=== AREA (1=urbana, 2=rural) ===

. list anio area tasaocupado_ok tasaocupado_orig dif, noobs sep(0) abbreviate(1
> 8)

  +-----------------------------------------------------------+
  | anio     area   tasaocupado_ok   tasaocupado_orig     dif |
  |-----------------------------------------------------------|
  | 2001   Urbana           40.161             40.664   0.503 |
  | 2001    Rural           71.158             71.233   0.075 |
  | 2003   Urbana           33.699             33.699   0.000 |
  | 2003    Rural           70.706             70.706   0.000 |
  | 2005   Urbana           23.753             23.753   0.000 |
  | 2005    Rural           58.778             58.778   0.000 |
  | 2007   Urbana           17.507             17.507   0.000 |
  | 2007    Rural           53.208             53.208   0.000 |
  | 2008   Urbana           15.337             15.337   0.000 |
  | 2008    Rural           50.714             50.714   0.000 |
  | 2009   Urbana           17.369             17.369   0.000 |
  | 2009    Rural           49.491             49.491   0.000 |
  | 2010   Urbana           15.056             15.056   0.000 |
  | 2010    Rural           44.282             44.282   0.000 |
  | 2011   Urbana           11.197             11.197   0.000 |
  | 2011    Rural           41.748             41.748   0.000 |
  | 2012   Urbana           10.447             10.447   0.000 |
  | 2012    Rural           40.468             40.468   0.000 |
  | 2013   Urbana           10.915             10.915   0.000 |
  | 2013    Rural           32.772             32.772   0.000 |
  | 2014   Urbana           10.221             10.221   0.000 |
  | 2014    Rural           28.344             28.344   0.000 |
  | 2015   Urbana           10.256             10.256   0.000 |
  | 2015    Rural           32.345             32.345   0.000 |
  | 2016   Urbana           10.759             10.759   0.000 |
  | 2016    Rural           32.601             32.601   0.000 |
  | 2017   Urbana            8.556              8.556   0.000 |
  | 2017    Rural           33.692             33.692   0.000 |
  | 2018   Urbana           10.310             15.381   5.071 |
  | 2018    Rural           33.789             40.019   6.230 |
  | 2019   Urbana           11.261             11.261   0.000 |
  | 2019    Rural           36.291             36.291   0.000 |
  | 2020   Urbana           17.895             17.895   0.000 |
  | 2020    Rural           41.979             41.979   0.000 |
  | 2021   Urbana           14.488             14.488   0.000 |
  | 2021    Rural           37.165             37.165   0.000 |
  | 2022   Urbana           11.115             11.115   0.000 |
  | 2022    Rural           35.012             35.012   0.000 |
  | 2023   Urbana           11.363             11.363   0.000 |
  | 2023    Rural           35.193             35.193   0.000 |
  | 2024   Urbana           12.022             12.022   0.000 |
  | 2024    Rural           36.946             36.946   0.000 |
  | 2025   Urbana            9.528              9.528   0.000 |
  | 2025    Rural           30.703             30.703   0.000 |
  +-----------------------------------------------------------+

. export excel using "$outdir/impacto_area.xlsx", replace firstrow(var)
file /Users/santiago/Library/CloudStorage/GoogleDrive-observatorio.pobreza@flac
> so.edu.ec/Mi unidad/Boletín 3/4. Resultados/pobreza laboral/corregido/impacto
> _area.xlsx saved

. 
. *============================================================================
> ==*
. * C. Pobreza laboral por educacion — Grafico 11
. *============================================================================
> ==*
. tempfile acum3

. local first 1

. foreach spec in "ocupado_ok educsup_ok ok" "ocupado_orig educsup_orig orig" /
> //
>                 "ocupado_ok educsup_orig soloeduc" {
  2.     local ov  : word 1 of `spec'
  3.     local ev  : word 2 of `spec'
  4.     local nm  : word 3 of `spec'
  5.     use `panel', clear
  6.     collapse (mean) t = pobreza [iw = fexp] ///
>         if pobreza < . & fexp < . & `ov' == 1 & `ev' < ., by(anio `ev')
  7.     rename `ev' educsup
  8.     generate str12 variante = "`nm'"
  9.     generate double tasa = 100 * t
 10.     keep anio educsup variante tasa
 11.     if `first' {
 12.         save `acum3', replace
 13.         local first 0
 14.     }
 15.     else {
 16.         append using `acum3'
 17.         save `acum3', replace
 18.     }
 19. }
(file /var/folders/v8/j2_3wzqd1rqc2l_95p5k_2l00000gn/T//St02740.000004 not
    found)
file /var/folders/v8/j2_3wzqd1rqc2l_95p5k_2l00000gn/T//St02740.000004 saved
    as .dta format
(label educsup_lbl already defined)
file /var/folders/v8/j2_3wzqd1rqc2l_95p5k_2l00000gn/T//St02740.000004 saved
    as .dta format
(label educsup_lbl already defined)
file /var/folders/v8/j2_3wzqd1rqc2l_95p5k_2l00000gn/T//St02740.000004 saved
    as .dta format

. use `acum3', clear

. reshape wide tasa, i(anio educsup) j(variante) string
(j = ok orig soloeduc)

Data                               Long   ->   Wide
-----------------------------------------------------------------------------
Number of observations              132   ->   44          
Number of variables                   4   ->   5           
j variable (3 values)          variante   ->   (dropped)
xij variables:
                                   tasa   ->   tasaok tasaorig tasasoloeduc
-----------------------------------------------------------------------------

. generate double d_total    = tasaorig     - tasaok

. generate double d_soloeduc = tasasoloeduc - tasaok

. format tasa* d_* %9.3f

. di _n "=== EDUCACION SUPERIOR (0=sin, 1=con) ==="

=== EDUCACION SUPERIOR (0=sin, 1=con) ===

. list anio educsup tasaok tasaorig d_total d_soloeduc, noobs sep(0) abbreviate
> (18)

  +--------------------------------------------------------------------------+
  | anio                  educsup   tasaok   tasaorig   d_total   d_soloeduc |
  |--------------------------------------------------------------------------|
  | 2001   Sin educación superior   58.922     59.163     0.240        0.000 |
  | 2001   Con educación superior   18.739     18.972     0.233        0.000 |
  | 2003   Sin educación superior   54.206     53.800    -0.406       -0.406 |
  | 2003   Con educación superior   14.377     14.242    -0.135       -0.135 |
  | 2005   Sin educación superior   42.746     42.475    -0.272       -0.272 |
  | 2005   Con educación superior    7.272      7.022    -0.250       -0.250 |
  | 2007   Sin educación superior   35.319     35.056    -0.263       -0.263 |
  | 2007   Con educación superior    5.567      5.343    -0.224       -0.224 |
  | 2008   Sin educación superior   32.661     32.454    -0.207       -0.207 |
  | 2008   Con educación superior    4.204      3.966    -0.238       -0.238 |
  | 2009   Sin educación superior   33.684     33.415    -0.269       -0.269 |
  | 2009   Con educación superior    6.813      6.923     0.110        0.110 |
  | 2010   Sin educación superior   30.321     30.050    -0.271       -0.271 |
  | 2010   Con educación superior    5.036      5.040     0.004        0.004 |
  | 2011   Sin educación superior   26.076     25.853    -0.223       -0.223 |
  | 2011   Con educación superior    3.975      3.890    -0.085       -0.085 |
  | 2012   Sin educación superior   25.070     24.823    -0.247       -0.247 |
  | 2012   Con educación superior    4.438      4.394    -0.044       -0.044 |
  | 2013   Sin educación superior   22.423     22.148    -0.274       -0.274 |
  | 2013   Con educación superior    2.323      2.185    -0.138       -0.138 |
  | 2014   Sin educación superior   19.499     19.308    -0.191       -0.191 |
  | 2014   Con educación superior    2.911      2.747    -0.164       -0.164 |
  | 2015   Sin educación superior   21.245     20.914    -0.332       -0.332 |
  | 2015   Con educación superior    3.234      3.111    -0.123       -0.123 |
  | 2016   Sin educación superior   21.858     21.506    -0.353       -0.353 |
  | 2016   Con educación superior    3.400      3.208    -0.192       -0.192 |
  | 2017   Sin educación superior   20.390     20.015    -0.375       -0.375 |
  | 2017   Con educación superior    3.069      2.982    -0.087       -0.087 |
  | 2018   Sin educación superior   22.164     25.362     3.198       -0.417 |
  | 2018   Con educación superior    2.815      4.213     1.398       -0.030 |
  | 2019   Sin educación superior   23.975     23.481    -0.494       -0.494 |
  | 2019   Con educación superior    3.570      3.482    -0.088       -0.088 |
  | 2020   Sin educación superior   30.924     30.312    -0.612       -0.612 |
  | 2020   Con educación superior    6.313      6.134    -0.179       -0.179 |
  | 2021   Sin educación superior   27.129     26.430    -0.699       -0.699 |
  | 2021   Con educación superior    4.417      3.644    -0.773       -0.773 |
  | 2022   Sin educación superior   24.253     23.503    -0.750       -0.750 |
  | 2022   Con educación superior    2.041      1.761    -0.280       -0.280 |
  | 2023   Sin educación superior   24.037     23.284    -0.753       -0.753 |
  | 2023   Con educación superior    3.371      2.817    -0.554       -0.554 |
  | 2024   Sin educación superior   25.004     24.156    -0.848       -0.848 |
  | 2024   Con educación superior    3.613      3.369    -0.244       -0.244 |
  | 2025   Sin educación superior   20.464     19.781    -0.683       -0.683 |
  | 2025   Con educación superior    2.476      2.234    -0.242       -0.242 |
  +--------------------------------------------------------------------------+

. export excel using "$outdir/impacto_educacion.xlsx", replace firstrow(var)
file /Users/santiago/Library/CloudStorage/GoogleDrive-observatorio.pobreza@flac
> so.edu.ec/Mi unidad/Boletín 3/4. Resultados/pobreza laboral/corregido/impacto
> _educacion.xlsx saved

. 
. *============================================================================
> ==*
. * D. Composicion de los ocupados pobres en 2025 (cifras 33.8% y 22.5%)
. *============================================================================
> ==*
. use `panel', clear

. keep if anio == 2025 & pobreza == 1 & fexp < .
(1,503,838 observations deleted)

. 
. di _n "=== Cuantos ocupados pobres hay en 2025 segun cada definicion ==="

=== Cuantos ocupados pobres hay en 2025 segun cada definicion ===

. count if ocupado_ok   == 1
  1,438

. count if ocupado_orig == 1
  1,438

. 
. * --- Version ORIGINAL del fragmento "descriptivos?texto" ---
. generate byte cuarenta_orig = p24 >= 40

. generate byte a_orig = .
(3,960 missing values generated)

. replace a_orig = 1 if inrange(p27, 1, 3) & p28 == 1
(419 real changes made)

. replace a_orig = . if inlist(., p27, p28)
(0 real changes made)

. replace a_orig = 0 if p27 == 4 | p25 == 9
(1,083 real changes made)

. generate byte b_orig = .
(3,960 missing values generated)

. replace b_orig = 1 if cuarenta_orig == 1
(2,891 real changes made)

. replace b_orig = 2 if cuarenta_orig == 0 & a_orig == 1
(389 real changes made)

. replace b_orig = 3 if cuarenta_orig == 0 & a_orig == 0
(676 real changes made)

. 
. * --- Version CORREGIDA ---
. * horas ya excluye el codigo 999 ("no sabe")
. generate byte cuarenta_ok = horas >= 40 if !missing(horas)
(2,454 missing values generated)

. generate byte a_ok = .
(3,960 missing values generated)

. replace a_ok = 0 if p27 == 4 | p25 == 9
(1,083 real changes made)

. replace a_ok = 1 if inrange(p27, 1, 3) & p28 == 1
(419 real changes made)

. generate byte b_ok = .
(3,960 missing values generated)

. replace b_ok = 1 if cuarenta_ok == 1
(437 real changes made)

. replace b_ok = 2 if cuarenta_ok == 0 & a_ok == 1
(389 real changes made)

. replace b_ok = 3 if cuarenta_ok == 0 & a_ok == 0
(676 real changes made)

. 
. di _n "=== ORIGINAL: b entre ocupados(orig) pobres 2025 ==="

=== ORIGINAL: b entre ocupados(orig) pobres 2025 ===

. tabulate b_orig if ocupado_orig == 1 [iw = fexp], missing

     b_orig |      Freq.     Percent        Cum.
------------+-----------------------------------
          1 | 477,587.21       33.87       33.87
          2 | 317,169.66       22.49       56.36
          3 | 614,815.76       43.60       99.95
          . |  655.38372        0.05      100.00
------------+-----------------------------------
      Total |  1,410,228      100.00

. di _n "=== CORREGIDO: b entre ocupados(ok) pobres 2025 ==="

=== CORREGIDO: b entre ocupados(ok) pobres 2025 ===

. tabulate b_ok if ocupado_ok == 1 [iw = fexp], missing

       b_ok |      Freq.     Percent        Cum.
------------+-----------------------------------
          1 | 477,587.21       33.87       33.87
          2 | 317,169.66       22.49       56.36
          3 | 614,815.76       43.60       99.95
          . |  655.38372        0.05      100.00
------------+-----------------------------------
      Total |  1,410,228      100.00

. 
. di _n "=== p24 == 999 y horas perdidas entre ocupados pobres 2025 ==="

=== p24 == 999 y horas perdidas entre ocupados pobres 2025 ===

. count if ocupado_ok == 1 & p24 == 999
  0

. count if ocupado_ok == 1 & missing(p24)
  0

. 
. *============================================================================
> ==*
. * E. Cuantas observaciones toca cada error
. *============================================================================
> ==*
. use `panel', clear

. di _n "=== Discrepancias ocupado_orig vs ocupado_ok, por anio ==="

=== Discrepancias ocupado_orig vs ocupado_ok, por anio ===

. generate byte discrepa = (ocupado_orig != ocupado_ok)

. tabulate anio discrepa, row nofreq

           |       discrepa
      anio |         0          1 |     Total
-----------+----------------------+----------
      2001 |     99.64       0.36 |    100.00 
      2003 |    100.00       0.00 |    100.00 
      2005 |    100.00       0.00 |    100.00 
      2007 |    100.00       0.00 |    100.00 
      2008 |    100.00       0.00 |    100.00 
      2009 |    100.00       0.00 |    100.00 
      2010 |    100.00       0.00 |    100.00 
      2011 |    100.00       0.00 |    100.00 
      2012 |    100.00       0.00 |    100.00 
      2013 |    100.00       0.00 |    100.00 
      2014 |    100.00       0.00 |    100.00 
      2015 |    100.00       0.00 |    100.00 
      2016 |    100.00       0.00 |    100.00 
      2017 |    100.00       0.00 |    100.00 
      2018 |     47.51      52.49 |    100.00 
      2019 |    100.00       0.00 |    100.00 
      2020 |    100.00       0.00 |    100.00 
      2021 |    100.00       0.00 |    100.00 
      2022 |    100.00       0.00 |    100.00 
      2023 |    100.00       0.00 |    100.00 
      2024 |    100.00       0.00 |    100.00 
      2025 |    100.00       0.00 |    100.00 
-----------+----------------------+----------
     Total |     97.92       2.08 |    100.00 

. 
. di _n "=== p24 == 999 por anio (observaciones eliminadas por drop) ==="

=== p24 == 999 por anio (observaciones eliminadas por drop) ===

. generate byte p999 = (p24 == 999)

. tabulate anio p999, row nofreq

           |         p999
      anio |         0          1 |     Total
-----------+----------------------+----------
      2001 |    100.00       0.00 |    100.00 
      2003 |    100.00       0.00 |    100.00 
      2005 |    100.00       0.00 |    100.00 
      2007 |    100.00       0.00 |    100.00 
      2008 |    100.00       0.00 |    100.00 
      2009 |    100.00       0.00 |    100.00 
      2010 |    100.00       0.00 |    100.00 
      2011 |    100.00       0.00 |    100.00 
      2012 |    100.00       0.00 |    100.00 
      2013 |    100.00       0.00 |    100.00 
      2014 |    100.00       0.00 |    100.00 
      2015 |    100.00       0.00 |    100.00 
      2016 |    100.00       0.00 |    100.00 
      2017 |    100.00       0.00 |    100.00 
      2018 |    100.00       0.00 |    100.00 
      2019 |    100.00       0.00 |    100.00 
      2020 |    100.00       0.00 |    100.00 
      2021 |    100.00       0.00 |    100.00 
      2022 |    100.00       0.00 |    100.00 
      2023 |    100.00       0.00 |    100.00 
      2024 |    100.00       0.00 |    100.00 
      2025 |    100.00       0.00 |    100.00 
-----------+----------------------+----------
     Total |    100.00       0.00 |    100.00 

. 
. di _n "=== educsup_orig vs educsup_ok, por anio ==="

=== educsup_orig vs educsup_ok, por anio ===

. generate byte dedu = (educsup_orig != educsup_ok) & !missing(educsup_ok)

. tabulate anio dedu, row nofreq

           |         dedu
      anio |         0          1 |     Total
-----------+----------------------+----------
      2001 |    100.00       0.00 |    100.00 
      2003 |     99.46       0.54 |    100.00 
      2005 |     99.52       0.48 |    100.00 
      2007 |     99.49       0.51 |    100.00 
      2008 |     99.49       0.51 |    100.00 
      2009 |     99.52       0.48 |    100.00 
      2010 |     99.49       0.51 |    100.00 
      2011 |     99.46       0.54 |    100.00 
      2012 |     99.38       0.62 |    100.00 
      2013 |     99.36       0.64 |    100.00 
      2014 |     99.29       0.71 |    100.00 
      2015 |     99.09       0.91 |    100.00 
      2016 |     98.91       1.09 |    100.00 
      2017 |     98.82       1.18 |    100.00 
      2018 |     98.77       1.23 |    100.00 
      2019 |     98.58       1.42 |    100.00 
      2020 |     98.46       1.54 |    100.00 
      2021 |     97.87       2.13 |    100.00 
      2022 |     97.67       2.33 |    100.00 
      2023 |     97.40       2.60 |    100.00 
      2024 |     97.09       2.91 |    100.00 
      2025 |     97.03       2.97 |    100.00 
-----------+----------------------+----------
     Total |     99.08       0.92 |    100.00 

. 
. *============================================================================
> ==*
. * F. Cifras puntuales citadas en el boletin
. *============================================================================
> ==*
. use `panel', clear

. 
. di _n "=== 2025: % de ocupados pobres SIN educacion superior (boletin: 97.8%)
>  ==="

=== 2025: % de ocupados pobres SIN educacion superior (boletin: 97.8%) ===

. preserve

. keep if anio == 2025 & pobreza == 1 & fexp < .
(1,503,838 observations deleted)

. quietly summarize educsup_orig [iw = fexp] if ocupado_orig == 1 & educsup_ori
> g < .

. di "  ORIGINAL  : " %6.2f 100*(1 - r(mean)) "%"
  ORIGINAL  :  97.87%

. quietly summarize educsup_ok [iw = fexp] if ocupado_ok == 1 & educsup_ok < .

. di "  CORREGIDO : " %6.2f 100*(1 - r(mean)) "%"
  CORREGIDO :  97.14%

. restore

. 
. di _n "=== 2018: cuanta poblacion contaba el codigo original como 'ocupada' =
> =="

=== 2018: cuanta poblacion contaba el codigo original como 'ocupada' ===

. preserve

. keep if anio == 2018 & fexp < .
(1,448,448 observations deleted)

. quietly summarize fexp if ocupado_orig == 1

. di "  ORIGINAL  : " %12.0fc r(sum) " personas (n = " r(N) ")"
  ORIGINAL  :   17,223,542 personas (n = 59350)

. quietly summarize fexp if ocupado_ok == 1

. di "  CORREGIDO : " %12.0fc r(sum) " personas (n = " r(N) ")"
  CORREGIDO :    7,731,032 personas (n = 28197)

. quietly summarize fexp

. di "  Base 2018 : " %12.0fc r(sum) " personas (n = " r(N) ")"
  Base 2018 :   17,223,542 personas (n = 59350)

. restore

. 
. di _n "=== 2018: composicion de esos 'ocupados' segun la condicion de activid
> ad ==="

=== 2018: composicion de esos 'ocupados' segun la condicion de actividad ===

. preserve

. keep if anio == 2018
(1,448,448 observations deleted)

. label define cn_lbl 0 "Menores de 15" 1 "Empleo adecuado" 2 "Subempleo tiempo
> " ///
>     3 "Subempleo ingresos" 4 "Otro empleo no pleno" 5 "Empleo no remunerado" 
> ///
>     6 "Empleo no clasificado" 7 "Desempleo abierto" 8 "Desempleo oculto" ///
>     9 "Inactivos (PEI)", replace

. label values cond_nueva cn_lbl

. tabulate cond_nueva if ocupado_orig == 1, missing

           cond_nueva |      Freq.     Percent        Cum.
----------------------+-----------------------------------
        Menores de 15 |     14,687       24.75       24.75
      Empleo adecuado |     11,748       19.79       44.54
     Subempleo tiempo |      3,762        6.34       50.88
   Subempleo ingresos |        858        1.45       52.33
 Otro empleo no pleno |      8,669       14.61       66.93
 Empleo no remunerado |      3,073        5.18       72.11
Empleo no clasificado |         87        0.15       72.26
    Desempleo abierto |        875        1.47       73.73
     Desempleo oculto |        185        0.31       74.04
      Inactivos (PEI) |     15,406       25.96      100.00
----------------------+-----------------------------------
                Total |     59,350      100.00

. restore

. 
. di _n "=== Observaciones con p24 == 999 (las que eliminaba el drop) ==="

=== Observaciones con p24 == 999 (las que eliminaba el drop) ===

. count if p24 == 999
  6

. levelsof anio, local(ys)
2001 2003 2005 2007 2008 2009 2010 2011 2012 2013 2014 2015 2016 2017 2018 2019
>  2020 2021 2022 2023 2024 2025

. foreach y of local ys {
  2.     quietly count if anio == `y' & p24 == 999
  3.     if r(N) > 0 di "  `y': " r(N) " casos"
  4. }
  2001: 1 casos
  2003: 3 casos
  2007: 2 casos

. 
end of do-file

OK  03_impacto.do  (   5.0 segundos)


------------------------------------------------------------------------------
>>> 04_descriptivos.do   (15:07:26)
------------------------------------------------------------------------------

. *----------------------------------------------------------------------------
> --*
. * 04_descriptivos.do — Composicion de los ocupados en situacion de pobreza
. *----------------------------------------------------------------------------
> --*
. * Produce las dos series que el boletin automatizado cita en el texto:
. *   composicion_horas_ocupados_pobres.xlsx  -> reparto por horas trabajadas
. *   composicion_educ_ocupados_pobres.xlsx   -> reparto por educacion superior
. *
. * Version corregida del fragmento suelto "descriptivos?texto".
. *
. * Correcciones:
. *   1. "gen cuarenta_h_mas = p24 >= 40" clasificaba como "40 horas o mas" a t
> odo
. *      aquel con p24 perdido, porque en Stata missing >= 40 es verdadero. Sob
> re
. *      los ocupados no cambia nada (todos tienen horas validas), pero sobre
. *      cualquier otra poblacion infla el grupo de forma grave: entre TODOS lo
> s
. *      pobres de 2025 pasaba de 437 a 2,891 casos.
. *   2. "replace a = . if inlist(., p27, p28)" era codigo muerto (0 cambios) y
. *      ademas estaba colocado antes del "replace a = 0". Se elimina y se orde
> na
. *      como en adec.do: primero el 0, despues el 1.
. *   3. Se explicita la restriccion a ocupados, que antes era implicita.
. *
. * Nota: p25, p27 y p28 solo existen desde 2007, asi que el reparto por horas
. * empieza en ese anio. El reparto por educacion cubre toda la serie.
. *----------------------------------------------------------------------------
> --*
. 
. do "00_config.do"

. *----------------------------------------------------------------------------
> --*
. * 00_config.do — Rutas y parametros comunes (Pobreza laboral, Boletin 3)
. *----------------------------------------------------------------------------
> --*
. * Detecta la raiz de Google Drive segun el usuario de la maquina, en lugar de
. * fijar "/Users/vero/...". Si se agrega un colaborador, basta con anadir su c
> aso.
. *----------------------------------------------------------------------------
> --*
. 
. clear all

. set more off

. version 15.1

. set varabbrev off

. 
. local u = c(username)

. 
. if "`u'" == "vero" {
.     global user_root "/Users/vero/Library/CloudStorage/GoogleDrive-observator
> io.pobreza@flacso.edu.ec/Mi unidad"
.     global gh_root   "/Users/vero/Documents/Observatorio GH/Observatorio-Desi
> gualdad-Pobreza"
. }

. else if "`u'" == "santiago" {
.     global user_root "/Users/santiago/Library/CloudStorage/GoogleDrive-observ
> atorio.pobreza@flacso.edu.ec/Mi unidad"
.     global gh_root   "/Users/santiago/Documents/GitHub/Observatorio-Desiguald
> ad-Pobreza"
. }

. else {
.     display as error "Usuario `u' no configurado en 00_config.do. Defina user
> _root y gh_root."
.     error 198
. }

. 
. capture confirm file "$user_root/Bases/ENEMDU/Procesadas/ingresos_pc/Nacional
> /ing_perca_2001_nac_precios2000.dta"

. if _rc {
.     display as error "No se encuentra la carpeta de bases en: $user_root"
.     error 601
. }

. 
. global nacional    "$user_root/Bases/ENEMDU/Procesadas/ingresos_pc/Nacional"

. global lineas_xlsx "$user_root/Bases/lineas_pobreza/lineas_de_pobreza_histori
> ca.xlsx"

. 
. * Salidas en carpeta propia: NO se sobrescriben los resultados publicados.
. global outdir   "$user_root/Boletín 3/4. Resultados/pobreza laboral/corregido
> "

. global paneldir "$user_root/Bases/ENEMDU/Procesadas/ingresos_pc/pobreza"

. 
. capture mkdir "$user_root/Boletín 3/4. Resultados/pobreza laboral"

. capture mkdir "$outdir"

. capture mkdir "$paneldir"

. 
. * Anios procesados: rondas de diciembre disponibles a nivel nacional.
. global anios "2001(2)2007 2008(1)2025"

. 
. display as text "Configuracion lista para usuario `u'."
Configuracion lista para usuario santiago.

. 
end of do-file

. use "$paneldir/panel_pobreza_laboral_final.dta", clear

. 
. local anio_horas 2007   // primer anio con p25/p27/p28

. 
. *--- Trabaja 40 horas o mas (horas ya trata el codigo 999 como perdido) ---*
. generate byte cuarenta_h_mas = horas >= 40 if !missing(horas)
(813,666 missing values generated)

. label variable cuarenta_h_mas "Trabaja 40 horas o mas a la semana"

. 
. *--- Desea trabajar mas horas y esta disponible (mismo criterio que adec.do) 
> ---*
. generate byte desea_disp = .
(1,507,798 missing values generated)

. replace desea_disp = 0 if p27 == 4 | p25 == 9
(462,252 real changes made)

. replace desea_disp = 1 if inrange(p27, 1, 3) & p28 == 1
(126,397 real changes made)

. label variable desea_disp "Desea trabajar mas horas y esta disponible"

. 
. generate byte grupo_horas = .
(1,507,798 missing values generated)

. replace grupo_horas = 1 if cuarenta_h_mas == 1
(461,054 real changes made)

. replace grupo_horas = 2 if cuarenta_h_mas == 0 & desea_disp == 1
(77,532 real changes made)

. replace grupo_horas = 3 if cuarenta_h_mas == 0 & desea_disp == 0
(119,997 real changes made)

. label define grupo_horas_lbl ///
>     1 "40 horas o más" ///
>     2 "Menos de 40 horas, desea y puede trabajar más" ///
>     3 "Menos de 40 horas, no desea o no puede trabajar más", replace

. label values grupo_horas grupo_horas_lbl

. label variable grupo_horas "Composición por horas trabajadas"

. 
. *============================================================================
> ==*
. * Reparto por horas trabajadas entre los ocupados pobres
. *============================================================================
> ==*
. preserve

. keep if ocupado_ok == 1 & pobreza == 1 & fexp < . & !missing(grupo_horas)
(1,346,429 observations deleted)

. keep if anio >= `anio_horas'
(28,997 observations deleted)

. 
. collapse (sum) personas = fexp, by(anio grupo_horas)

. bysort anio: egen double total = total(personas)

. generate double porcentaje = 100 * personas / total

. drop total

. format personas %12.0fc

. format porcentaje %6.2f

. 
. export excel using "$outdir/composicion_horas_ocupados_pobres.xlsx", ///
>     replace firstrow(var)
file /Users/santiago/Library/CloudStorage/GoogleDrive-observatorio.pobreza@flac
> so.edu.ec/Mi unidad/Boletín 3/4. Resultados/pobreza laboral/corregido/composi
> cion_horas_ocupados_pobres.xlsx saved

. 
. display as text _n "=== Reparto por horas, ocupados pobres (ultimo anio) ==="

=== Reparto por horas, ocupados pobres (ultimo anio) ===

. quietly summarize anio

. list grupo_horas personas porcentaje if anio == r(max), noobs abbreviate(20)

  +----------------------------------------------------------------+
  |                                         grupo_horas | personas |
  |                                      40 horas o más |  477,587 |
  |----------------------------------------------------------------|
  |                           porcentaje                           |
  |                                33.88                           |
  +----------------------------------------------------------------+

  +----------------------------------------------------------------+
  |                                         grupo_horas | personas |
  |       Menos de 40 horas, desea y puede trabajar más |  317,170 |
  |----------------------------------------------------------------|
  |                           porcentaje                           |
  |                                22.50                           |
  +----------------------------------------------------------------+

  +----------------------------------------------------------------+
  |                                         grupo_horas | personas |
  | Menos de 40 horas, no desea o no puede trabajar más |  614,816 |
  |----------------------------------------------------------------|
  |                           porcentaje                           |
  |                                43.62                           |
  +----------------------------------------------------------------+

. restore

. 
. *============================================================================
> ==*
. * Reparto por educacion superior entre los ocupados pobres
. *============================================================================
> ==*
. preserve

. keep if ocupado_ok == 1 & pobreza == 1 & fexp < . & !missing(educsup_ok)
(1,325,093 observations deleted)

. 
. collapse (sum) personas = fexp, by(anio educsup_ok)

. bysort anio: egen double total = total(personas)

. generate double porcentaje = 100 * personas / total

. drop total

. format personas %12.0fc

. format porcentaje %6.2f

. 
. export excel using "$outdir/composicion_educ_ocupados_pobres.xlsx", ///
>     replace firstrow(var)
file /Users/santiago/Library/CloudStorage/GoogleDrive-observatorio.pobreza@flac
> so.edu.ec/Mi unidad/Boletín 3/4. Resultados/pobreza laboral/corregido/composi
> cion_educ_ocupados_pobres.xlsx saved

. 
. display as text _n "=== Reparto por educación, ocupados pobres (ultimo anio) 
> ==="

=== Reparto por educación, ocupados pobres (ultimo anio) ===

. quietly summarize anio

. list educsup_ok personas porcentaje if anio == r(max), noobs abbreviate(24)

  +-------------------------------------------------+
  |             educsup_ok    personas   porcentaje |
  |-------------------------------------------------|
  | Sin educación superior   1,369,891        97.14 |
  | Con educación superior      40,337         2.86 |
  +-------------------------------------------------+

. restore

. 
end of do-file

OK  04_descriptivos.do  (   0.0 segundos)

. 
. *----------------------------------------------------------------------------
> --*
. * Resumen
. *----------------------------------------------------------------------------
> --*
. do "`codigo'/00_config.do"

. *----------------------------------------------------------------------------
> --*
. * 00_config.do — Rutas y parametros comunes (Pobreza laboral, Boletin 3)
. *----------------------------------------------------------------------------
> --*
. * Detecta la raiz de Google Drive segun el usuario de la maquina, en lugar de
. * fijar "/Users/vero/...". Si se agrega un colaborador, basta con anadir su c
> aso.
. *----------------------------------------------------------------------------
> --*
. 
. clear all

. set more off

. version 15.1

. set varabbrev off

. 
. local u = c(username)

. 
. if "`u'" == "vero" {
.     global user_root "/Users/vero/Library/CloudStorage/GoogleDrive-observator
> io.pobreza@flacso.edu.ec/Mi unidad"
.     global gh_root   "/Users/vero/Documents/Observatorio GH/Observatorio-Desi
> gualdad-Pobreza"
. }

. else if "`u'" == "santiago" {
.     global user_root "/Users/santiago/Library/CloudStorage/GoogleDrive-observ
> atorio.pobreza@flacso.edu.ec/Mi unidad"
.     global gh_root   "/Users/santiago/Documents/GitHub/Observatorio-Desiguald
> ad-Pobreza"
. }

. else {
.     display as error "Usuario `u' no configurado en 00_config.do. Defina user
> _root y gh_root."
.     error 198
. }

. 
. capture confirm file "$user_root/Bases/ENEMDU/Procesadas/ingresos_pc/Nacional
> /ing_perca_2001_nac_precios2000.dta"

. if _rc {
.     display as error "No se encuentra la carpeta de bases en: $user_root"
.     error 601
. }

. 
. global nacional    "$user_root/Bases/ENEMDU/Procesadas/ingresos_pc/Nacional"

. global lineas_xlsx "$user_root/Bases/lineas_pobreza/lineas_de_pobreza_histori
> ca.xlsx"

. 
. * Salidas en carpeta propia: NO se sobrescriben los resultados publicados.
. global outdir   "$user_root/Boletín 3/4. Resultados/pobreza laboral/corregido
> "

. global paneldir "$user_root/Bases/ENEMDU/Procesadas/ingresos_pc/pobreza"

. 
. capture mkdir "$user_root/Boletín 3/4. Resultados/pobreza laboral"

. capture mkdir "$outdir"

. capture mkdir "$paneldir"

. 
. * Anios procesados: rondas de diciembre disponibles a nivel nacional.
. global anios "2001(2)2007 2008(1)2025"

. 
. display as text "Configuracion lista para usuario `u'."
Configuracion lista para usuario santiago.

. 
end of do-file

. 
. display as text _n(2) "{hline 78}"


------------------------------------------------------------------------------

. display as text "RESUMEN"
RESUMEN

. display as text "{hline 78}"
------------------------------------------------------------------------------

. display as text "Etapas completadas:`corridas'"
Etapas completadas: 01_panel 05_validacion 02_indicadores 03_impacto 04_descrip
> tivos

. 
. if "`fallidas'" != "" {
.     display as error "Etapas con error:`fallidas'"
. }

. else {
.     display as result "Todas las etapas solicitadas terminaron sin errores."
Todas las etapas solicitadas terminaron sin errores.
.     display as text _n "Salidas:"

Salidas:
.     display as text "  Series y graficos : $outdir"
  Series y graficos : /Users/santiago/Library/CloudStorage/GoogleDrive-observat
> orio.pobreza@flacso.edu.ec/Mi unidad/Boletín 3/4. Resultados/pobreza laboral/
> corregido
.     display as text "  Tablas de impacto : $outdir/impacto_*.xlsx"
  Tablas de impacto : /Users/santiago/Library/CloudStorage/GoogleDrive-observat
> orio.pobreza@flacso.edu.ec/Mi unidad/Boletín 3/4. Resultados/pobreza laboral/
> corregido/impacto_*.xlsx
.     display as text "  Panel armonizado  : $paneldir"
  Panel armonizado  : /Users/santiago/Library/CloudStorage/GoogleDrive-observat
> orio.pobreza@flacso.edu.ec/Mi unidad/Bases/ENEMDU/Procesadas/ingresos_pc/pobr
> eza
.     display as text _n "Los archivos publicados en" _n ///
>                     "  $user_root/Boletín 3/4. Resultados/pobreza laboral" _n
>  ///
>                     "no se modifican: todo se escribe en la subcarpeta 'corre
> gido'."

Los archivos publicados en
  /Users/santiago/Library/CloudStorage/GoogleDrive-observatorio.pobreza@flacso.
> edu.ec/Mi unidad/Boletín 3/4. Resultados/pobreza laboral
no se modifican: todo se escribe en la subcarpeta 'corregido'.
. }

. 
. display as text _n "Fin: `c(current_date)' `c(current_time)'"

Fin: 15 Sep 2026 15:07:26

. display as text "{hline 78}"
------------------------------------------------------------------------------

. 
. capture log close runall

. 
. * Se propaga el fallo a quien invoque este master (master_boletin3.do, el
. * generador del boletin o "stata -b"). Sin esto, las etapas internas quedan
. * capturadas y el llamador creeria que todo salio bien.
. if "`fallidas'" != "" exit 1

. 
end of do-file

OK  run_all.do  (  16.0 segundos)


------------------------------------------------------------------------------
>>> [homicidios] graficos_homicidios_nna.do   (15:07:26)
------------------------------------------------------------------------------

. clear all

. set more off

. 
. * ===========================================================================
> ==
. * Gráfico: Tasa de homicidios de NNA por cada 100.000, por etnia en Ecuador
. * Fuente: Ministerio del Interior (datos abiertos), INEC (proyecciones)
. * ===========================================================================
> ==
. 
. * Rutas segun el usuario de la maquina, en lugar de una ruta fija.
. local u = c(username)

. if "`u'" == "vero" {
.     global root "/Users/vero/Documents/Observatorio GH/Observatorio-Desiguald
> ad-Pobreza/Boletín 3/3. homicidios_nna"
.     global out  "/Users/vero/Library/CloudStorage/GoogleDrive-observatorio.po
> breza@flacso.edu.ec/Mi unidad/Boletín 3/4. Resultados/homicidios infantiles"
. }

. else if "`u'" == "santiago" {
.     global root "/Users/santiago/Documents/GitHub/Observatorio-Desigualdad-Po
> breza/Boletín 3/3. homicidios_nna"
.     global out  "/Users/santiago/Library/CloudStorage/GoogleDrive-observatori
> o.pobreza@flacso.edu.ec/Mi unidad/Boletín 3/4. Resultados/homicidios infantil
> es"
. }

. else {
.     display as error "Usuario `u' no configurado: defina los globals root y o
> ut."
.     error 198
. }

. 
. cap mkdir "$out"

. 
. * Los .csv de insumo no estan versionados en el repositorio. Si faltan, se av
> isa
. * con el nombre exacto del archivo en lugar de fallar con un r(601) opaco.
. foreach f in datos_homicidios_nna datos_homicidios_jovenes {
  2.     capture confirm file "$root/`f'.csv"
  3.     if _rc {
  4.         display as error "Falta el archivo de datos: $root/`f'.csv"
  5.         display as error "Sin el, no se pueden regenerar los graficos de h
> omicidios."
  6.         error 601
  7.     }
  8. }
Falta el archivo de datos: /Users/santiago/Documents/GitHub/Observatorio-Desigu
> aldad-Pobreza/Boletín 3/3. homicidios_nna/datos_homicidios_nna.csv
Sin el, no se pueden regenerar los graficos de homicidios.
file not found
r(601);

end of do-file

[opcional] graficos_homicidios_nna.do fallo con r(601). Se continua.

. 
. *----------------------------------------------------------------------------
> --*
. * Generacion del Word
. *----------------------------------------------------------------------------
> --*
. local rc_word 0

. 
. if `hacer_word' {
. 
.     display as text _n(2) "{hline 78}"


------------------------------------------------------------------------------
.     display as text ">>> [word] generar_boletin.py   (`c(current_time)')"
>>> [word] generar_boletin.py   (15:07:26)
.     display as text "{hline 78}"
------------------------------------------------------------------------------
. 
.     local python "`generador'/.venv/bin/python"
. 
.     capture confirm file "`python'"
.     if _rc {
.         display as error "No existe el entorno de Python del generador."
.         display as error "Creelo una sola vez con:"
.         display as error `"    cd "`generador'""'
.         display as error "    python3 -m venv .venv"
.         display as error "    .venv/bin/pip install -r requirements.txt"
.         local rc_word 1
.         local fallidas "`fallidas' generar_boletin.py"
.     }
.     else {
.         tempfile salida_py codigo_py
.         * Se redirige a un archivo y despues se vuelca al log, para que la sa
> lida
.         * de Python quede registrada tambien en modo batch.
.         * No se usa "echo $?" porque Stata expandiria el $ como macro global:
.         * se escribe OK o FALLO segun el exito del comando.
.         shell cd "`generador'" && "`python'" generar_boletin.py > "`salida_py
> '" 2>&1 && echo OK > "`codigo_py'" || echo FALLO > "`codigo_py'"

. 
.         capture noisily type "`salida_py'"
Leyendo resultados de: /Users/santiago/Library/CloudStorage/GoogleDrive-observa
> torio.pobreza@flacso.edu.ec/Mi unidad/Boletín 3/4. Resultados/informalidad
  33 series cargadas.

Documento generado: /Users/santiago/Library/CloudStorage/GoogleDrive-observator
> io.pobreza@flacso.edu.ec/Mi unidad/Boletín 3/5. Redacción/Boletin_3_automatiz
> ado.docx
Cifras usadas en el texto: /Users/santiago/Library/CloudStorage/GoogleDrive-obs
> ervatorio.pobreza@flacso.edu.ec/Mi unidad/Boletín 3/5. Redacción/Boletin_3_au
> tomatizado_indicadores.json
. 
.         local rc_word 1
.         capture {
. 
.         if `rc_word' {
.             display as error _n "!!! generar_boletin.py fallo con codigo `rc_
> word'."
.             local fallidas "`fallidas' generar_boletin.py"
.         }
.         else {
.             display as result _n "OK  generar_boletin.py"

OK  generar_boletin.py
.             local ok_lista "`ok_lista' generar_boletin.py"
.         }
.     }
. }

. 
. *----------------------------------------------------------------------------
> --*
. * Resumen
. *----------------------------------------------------------------------------
> --*
. display as text _n(2) "{hline 78}"


------------------------------------------------------------------------------

. display as text "RESUMEN"
RESUMEN

. display as text "{hline 78}"
------------------------------------------------------------------------------

. display as text "Completados:`ok_lista'"
Completados: analisis_descriptivo.do run_all.do generar_boletin.py

. 
. if "`fallidas'" != "" {
.     display as error "Con error: `fallidas'"
Con error:  graficos_homicidios_nna.do(opcional)
.     display as text _n "El detalle del error esta en esta misma bitacora:"

El detalle del error esta en esta misma bitacora:
.     display as text "  `b3'/logs/master_boletin3_`marca'.log"
  /Users/santiago/Documents/GitHub/Observatorio-Desigualdad-Pobreza/Boletín 3/l
> ogs/master_boletin3_15Sep2026_1506.log
. }

. else {
.     display as result "Todas las etapas solicitadas terminaron sin errores."
. }

. 
. display as text _n "Salidas:"

Salidas:

. display as text "  Graficos 1-8, Tablas  : 4. Resultados/informalidad"
  Graficos 1-8, Tablas  : 4. Resultados/informalidad

. display as text "  Graficos 9-11, series : 4. Resultados/pobreza laboral/corr
> egido"
  Graficos 9-11, series : 4. Resultados/pobreza laboral/corregido

. display as text "  Documento             : 5. Redacción/Boletin_3_automatizad
> o.docx"
  Documento             : 5. Redacción/Boletin_3_automatizado.docx

. 
. display as text _n "Fin: `c(current_date)' `c(current_time)'"

Fin: 15 Sep 2026 15:07:27

. display as text "{hline 78}"
------------------------------------------------------------------------------

. 
. capture log close master3
