
  ___  ____  ____  ____  ____ ®
 /__    /   ____/   /   ____/      StataNow 19.5
___/   /   /___/   /   /___/       SE—Standard Edition

 Statistics and Data Science       Copyright 1985-2025 StataCorp LLC
                                   StataCorp
                                   4905 Lakeway Drive
                                   College Station, Texas 77845 USA
                                   800-782-8272        https://www.stata.com
                                   979-696-4600        service@stata.com

Stata license: Unlimited-user network, expiring 15 Aug 2028
Serial number: 401909300808
  Licensed to: Santiago Valdivieso
               MIT

Notes:
      1. Stata is running in batch mode.
      2. Unicode is supported; see help unicode_advice.
      3. Maximum number of variables is set to 5,000 but can be increased;
          see help set_maxvar.

. do master_boletin3.do 

. *----------------------------------------------------------------------------
> --*
. * master_boletin3.do — Corre todos los gráficos del Boletín 3 y genera el Wor
> d
. *----------------------------------------------------------------------------
> --*
. * Uso:
. *     do "master_boletin3.do"
. *
. * Se puede ejecutar desde cualquier directorio: el master se ubica solo.
. * Para saltar etapas, cambie los interruptores de abajo a 0.
. *
. * Etapas:
. *   armonizacion  los 4 componentes (RUC, no remunerado, seguridad social y
. *                 empleo adecuado), el diseno muestral, las 4 desagregaciones
. *                 y merge_informal.do                      -> bases armonizad
> as
. *   informalidad  analisis_descriptivo.do                  -> Graficos 1-8, T
> ablas 1-2
. *   ic            analisis_descriptivo_ic.do               -> graficos con IC
. *   pobreza       2. Pobreza laboral/corregido/run_all.do  -> Graficos 9-11 y
>  series
. *   homicidios    graficos_homicidios_nna.do               -> Grafico 12
. *   word          generar_boletin.py                       -> el .docx
. *
. * Notas:
. *   - "armonizacion" reconstruye los historicos desde las bases de la ENEMDU.
. *     Es la parte lenta (decenas de minutos), pero tiene que correr cada vez 
> que
. *     se corrige un componente: si no, el .do queda arreglado y el .dta viejo
> , y
. *     la correccion nunca llega a los resultados. Poner el interruptor en 0 s
> olo
. *     para una corrida rapida cuando no se toco ningun armonizado.
. *   - "ic" tampoco: necesita estrato_svy y upm_svy, que crea la armonizacion,
>  y
. *     no produce ninguna de las 12 figuras del boletin.
. *   - "homicidios" esta marcada como OPCIONAL: sus .csv de insumo no estan en
>  el
. *     repositorio, asi que si falla se avisa y se continua.
. *----------------------------------------------------------------------------
> --*
. 
. clear all

. set more off

. version 15.1

. 
. *----------------------------------------------------------------------------
> --*
. * Interruptores
. *----------------------------------------------------------------------------
> --*
. local hacer_armonizacion 1

. local hacer_informalidad 1

. local hacer_ic           0

. local hacer_pobreza      1

. local hacer_homicidios   1

. local hacer_word         1

. 
. * Etapas que pueden fallar sin detener la cadena.
. local opcionales "homicidios ic"

. 
. *----------------------------------------------------------------------------
> --*
. * Rutas
. *----------------------------------------------------------------------------
> --*
. local u = c(username)

. 
. if "`u'" == "vero" {
.     local gh_root "/Users/vero/Documents/Observatorio GH/Observatorio-Desigua
> ldad-Pobreza"
. }

. else if "`u'" == "santiago" {
.     local gh_root "/Users/santiago/Documents/GitHub/Observatorio-Desigualdad-
> Pobreza"
. }

. else {
.     display as error "Usuario `u' no configurado en master_boletin3.do."
.     display as error "Agregue su caso definiendo gh_root."
.     error 198
. }

. 
. local b3      "`gh_root'/Boletín 3"

. local analisis "`b3'/1. Infomalidad/3. Analisis"

. local armoniz  "`b3'/1. Infomalidad/2. Armonización de variables/main"

. local generador "`b3'/4. Boletin automatizado"

. local pobreza   "`b3'/2. Pobreza laboral/corregido"

. local homicidios "`b3'/3. homicidios_nna"

. 
. capture confirm file "`generador'/generar_boletin.py"

. if _rc {
.     display as error "No se encuentra el generador en: `generador'"
.     display as error "Revise gh_root en este archivo."
.     error 601
. }

. 
. local dir_inicial "`c(pwd)'"

. 
. *----------------------------------------------------------------------------
> --*
. * Bitacora
. *----------------------------------------------------------------------------
> --*
. * Log con NOMBRE: un "log close _all" cerraria tambien el log de quien invoqu
> e
. * este master (por ejemplo, Stata en modo batch).
. capture log close master3

. local marca = subinstr("`c(current_date)'", " ", "", .) + "_" + ///
>               subinstr(substr("`c(current_time)'", 1, 5), ":", "", .)

. capture mkdir "`b3'/logs"

. log using "`b3'/logs/master_boletin3_`marca'.log", replace text name(master3)
(file
    /Users/santiago/Documents/GitHub/Observatorio-Desigualdad-Pobreza/Boletín
    3/logs/master_boletin3_16Sep2026_2147.log not found)
-------------------------------------------------------------------------------
      name:  master3
       log:  /Users/santiago/Documents/GitHub/Observatorio-Desigualdad-Pobreza/
> Boletín 3/logs/master_boletin3_16Sep2026_2147.log
  log type:  text
 opened on:  16 Sep 2026, 21:47:52

. 
. display as text _n(2) "{hline 78}"


------------------------------------------------------------------------------

. display as text "BOLETIN 3 — corrida completa"
BOLETIN 3 — corrida completa

. display as text "Inicio: `c(current_date)' `c(current_time)'"
Inicio: 16 Sep 2026 21:47:52

. display as text "{hline 78}"
------------------------------------------------------------------------------

. 
. *----------------------------------------------------------------------------
> --*
. * Etapas de Stata
. *----------------------------------------------------------------------------
> --*
. local fallidas ""

. local ok_lista ""

. local etapa_rota ""

. 
. * Cada elemento es "etapa|ruta del do-file".
. * Las comillas van literales en el foreach: si la lista se guardara antes en 
> un
. * local, Stata las descartaria y partiria las rutas que tienen espacios.
. foreach tarea in ///
>     "armonizacion|`armoniz'/componentes/armonizacion_institucion_formal.do" /
> //
>     "armonizacion|`armoniz'/componentes/familiar_no_remunerado.do" ///
>     "armonizacion|`armoniz'/componentes/iess_issfa_isspol.do" ///
>     "armonizacion|`armoniz'/componentes/adec.do" ///
>     "armonizacion|`armoniz'/componentes/diseno_muestral.do" ///
>     "armonizacion|`armoniz'/desagregaciones/armonizacion_educacion.do" ///
>     "armonizacion|`armoniz'/desagregaciones/armonizacion_etnia.do" ///
>     "armonizacion|`armoniz'/desagregaciones/armonizacion_pea.do" ///
>     "armonizacion|`armoniz'/desagregaciones/rama/master_rama.do" ///
>     "armonizacion|`analisis'/merge_informal.do" ///
>     "informalidad|`analisis'/analisis_descriptivo.do" ///
>     "ic|`analisis'/analisis_descriptivo_ic.do" ///
>     "pobreza|`pobreza'/run_all.do" ///
>     "homicidios|`homicidios'/graficos_homicidios_nna.do" {
  2. 
.     gettoken etapa resto : tarea, parse("|")
  3.     local archivo = substr("`resto'", 2, .)
  4.     local nombre = substr("`archivo'", strrpos("`archivo'", "/") + 1, .)
  5. 
.     if !`hacer_`etapa'' continue
  6. 
.     * Si un do-file anterior de la MISMA etapa fallo, no tiene sentido seguir
> :
.     * los que vienen despues dependen de el.
.     if "`etapa'" == "`etapa_rota'" {
  7.         display as text _n "--- `nombre': se omite (`etapa' ya fallo) ---"
  8.         continue
  9.     }
 10. 
.     display as text _n(2) "{hline 78}"
 11.     display as text ">>> [`etapa'] `nombre'   (`c(current_time)')"
 12.     display as text "{hline 78}"
 13. 
.     * Reloj de pared: "clear all" dentro de cada do-file borra los timers.
.     local t0 = clock("`c(current_date)' `c(current_time)'", "DMY hms")
 14.     capture noisily do "`archivo'"
 15.     local rc = _rc
 16.     local t1 = clock("`c(current_date)' `c(current_time)'", "DMY hms")
 17.     local seg = (`t1' - `t0') / 1000
 18. 
.     * Los do-files pueden dejar el directorio de trabajo en otro lado.
.     quietly cd "`dir_inicial'"
 19. 
.     if `rc' {
 20.         local es_opcional : list posof "`etapa'" in opcionales
 21.         if `es_opcional' {
 22.             display as error _n "[opcional] `nombre' fallo con r(`rc'). Se
>  continua."
 23.             local fallidas "`fallidas' `nombre'(opcional)"
 24.         }
 25.         else {
 26.             display as error _n "!!! `nombre' fallo con r(`rc')."
 27.             local fallidas "`fallidas' `nombre'"
 28.             local etapa_rota "`etapa'"
 29.         }
 30.     }
 31.     else {
 32.         display as result _n "OK  `nombre'  (" %6.1f `seg' " segundos)"
 33.         local ok_lista "`ok_lista' `nombre'"
 34.     }
 35. }


------------------------------------------------------------------------------
>>> [armonizacion] armonizacion_institucion_formal.do   (21:47:52)
------------------------------------------------------------------------------

. *============================================================================
> ==*
. * ARMONIZACIÓN: ESTABLECIMIENTO TIENE RUC (2001-2025)                        
> *
. * tiene_ruc = 1 si el establecimiento tiene RUC, 0 en otro caso              
>  *
. * "No sabe" se codifica como missing (.)                                     
>  *
. *============================================================================
> ==*
. 
. * Definición de rutas globales para facilitar la portabilidad del código
. global user_root "/Users/santiago/Library/CloudStorage/GoogleDrive-observator
> io.pobreza@flacso.edu.ec/Mi unidad/"

. global bases "$user_root/Bases"

. global raw "$bases/ENEMDU/Procesadas/Armonizacion/Variables base/Mensuales"

. global salarios "$bases/Salarios"

. global out "$bases/ENEMDU/Procesadas/analisis informalidad/Santiago"

. global gh "/Users/santiago/Documents/GH/Observatorio-Desigualdad-Pobreza/"

. global out_plot "$user_root/Boletín 3/2. Armonización de variables/Gráficos d
> e control"

. 
. global important_variable tiene_ruc

. 
. use "$raw/empleo1990.dta" in 1, clear 

. destring area, replace
area: all characters numeric; replaced as byte

. drop in 1
(1 observation deleted)

. 
. tempfile ruc_acumulado

. save `ruc_acumulado', replace
(dataset contains 0 observations)
(file /var/folders/v8/j2_3wzqd1rqc2l_95p5k_2l00000gn/T//St28152.000001 not
    found)
file /var/folders/v8/j2_3wzqd1rqc2l_95p5k_2l00000gn/T//St28152.000001 saved
    as .dta format

. 
. foreach y of numlist 2001(1)2025 {
  2. 
.     di "*****************   `y'   ************************"
  3. 
.     use "$raw/empleo`y'.dta", clear 
  4.     
.     rename *, lower
  5.     
.     * Inicializar variable armonizada de RUC
.     gen tiene_ruc = .
  6.     
.     *------------------------------------------------------------------------
> --*
.     * PERÍODO 1990-2000: NO DISPONIBLE
.     *------------------------------------------------------------------------
> --*
.     if (inrange(`y', 1990, 2000)) {
  7.         * No hay información de RUC en estos años
.         replace tiene_ruc = .
  8.     }
  9.     
.     *------------------------------------------------------------------------
> --*
.     * 2001: Variable pe51 (el establecimiento tiene ruc)
.     * 1 si / 2 no
.     *------------------------------------------------------------------------
> --*
.     if (`y' == 2001) {
 10.         capture confirm variable pe51
 11.         if !_rc {
 12.             *replace tiene_ruc = 1 if pe51 == 1  // Sí
.             *replace tiene_ruc = 0 if pe51 == 2  // No
.             *replace tiene_ruc = . if missing(pe51)
.                         gen no_tiene_ruc = (pe51 == 2) if inlist(pe51, 1, 2)
 13.                         replace no_tiene_ruc = . if inrange(condact, 5, 8)
>                       
 14.                         replace tiene_ruc = (no_tiene_ruc * - 1) + 1
 15.                         gen institucion_formal = cond(catetrab == 1, 1, ti
> ene_ruc)
 16.                         replace institucion_formal = 1 if pertrabn == 2
 17. 
.         }
 18.     }
 19.     
.     *------------------------------------------------------------------------
> --*
.     * 2002: Variable pe49 (el establecimiento donde trabaja tiene ruc)
.     * 1 si / 2 no / 9 no sabe
.     *------------------------------------------------------------------------
> --*
.     if (`y' == 2002) {
 20. 
.         capture confirm variable pe49
 21.         if !_rc {
 22.            * replace tiene_ruc = 1 if pe49 == 1  // Sí
.            * replace tiene_ruc = 0 if pe49 == 2  // No
.            * replace tiene_ruc = . if pe49 == 9  // No sabe → missing
.            * replace tiene_ruc = . if missing(pe49)
.                    
.                         gen no_tiene_ruc = (pe49 == 2) if inlist(pe49, 1, 2)
 23.                         replace no_tiene_ruc = . if inrange(condact, 5, 8)
>  | pe49 == 9          
 24.                         replace tiene_ruc = (no_tiene_ruc * - 1) + 1
 25.                         gen institucion_formal = cond(catetrab == 1, 1, ti
> ene_ruc)
 26.                         replace institucion_formal = 1 if pertrabn == 2
 27.                         
.         }
 28.     }
 29.     
.     *------------------------------------------------------------------------
> --*
.     * PERÍODO 2003-2006: Variable pe49 (establecimiento tiene ruc)
.     * 1 si / 2 no / 3 no sabe
.     *------------------------------------------------------------------------
> --*
.     if (inrange(`y', 2003, 2006)) {
 30.                         
.         capture confirm variable pe49
 31.         if !_rc {
 32.                         
.             *replace tiene_ruc = 1 if pe49 == 1  // Sí
.             *replace tiene_ruc = 0 if pe49 == 2  // No
.             *replace tiene_ruc = . if pe49 == 3  // No sabe → missing
.             *replace tiene_ruc = . if missing(pe49)
.                         gen no_tiene_ruc = pe49 == 2
 33.                         replace no_tiene_ruc = . if inrange(condact, 5, 8)
>  | pe49 == 3 | missing(pe49)          
 34.                         replace tiene_ruc = (no_tiene_ruc * - 1) + 1
 35.                         gen institucion_formal = cond(catetrab == 1, 1, ti
> ene_ruc)
 36.                         replace institucion_formal = 1 if pertrabn == 2
 37.                         
.         }
 38.     }
 39.     
.     *------------------------------------------------------------------------
> --*
.     * PERÍODO 2007-2025: Variable p49 (El establecimiento tiene RUC)
.     * 1 Si / 2 No / 3 No sabe
.     *------------------------------------------------------------------------
> --*
.     if (`y' >= 2007) {
 40.                 
.         capture confirm variable p49
 41.         if !_rc {
 42.             *replace tiene_ruc = 1 if p49 == 1  // Sí
.             *replace tiene_ruc = 0 if p49 == 2  // No
.             *replace tiene_ruc = . if p49 == 3  // No sabe → missing
.             *replace tiene_ruc = . if missing(p49)
.                         
.                         cap confirm variable condactn 
 43.                         if !_rc local condact_var condactn
 44.                         else    local condact_var condact
 45.                         
.                         gen no_tiene_ruc = p49 == 2 if p49 != 3 & !missing(p4
> 9) & empleo == 1
 46.                         replace tiene_ruc = (no_tiene_ruc * - 1) + 1
 47. 
.                         gen institucion_formal = cond(p47a == 2, 1, tiene_ruc
> ) ///
>                         if empleo == 1
 48.                         
.         }
 49.     }
 50.     
.     * Etiquetar variable RUC
.     label define lbl_ruc 0 "No tiene RUC" 1 "Tiene RUC", replace
 51.     label values tiene_ruc lbl_ruc
 52.     label variable tiene_ruc "Establecimiento tiene RUC (armonizado)"
 53.         
.          * Etiquetar variable institucion formal
.     label define lbl_if 0 "No Institucion Formal" 1 "Institucion Formal", rep
> lace
 54.     label values institucion_formal lbl_if
 55.     label variable institucion_formal "Trabaja en institucion formal"
 56. 
.     
.     * do "$gh/Generales/id_persona_loop.do"
.     
.     capture confirm variable area 
 57.     if  !_rc {
 58.         local area_var area
 59.         destring area, replace 
 60.     }
 61.     else local area_var 
 62.     
.     keep id_persona $important_variable anio `area_var' institucion_formal no
> _tiene_ruc fexp
 63.     
.     append using `ruc_acumulado'
 64.     
.     keep id_persona $important_variable anio `area_var' institucion_formal  n
> o_tiene_ruc fexp
 65.         
.     save `ruc_acumulado', replace
 66.     
.     di "*************** `y' *****************"
 67.     
.     count if id_persona == ""
 68.     local n = r(N)
 69.     
.     if (`n' != 0) asd
 70. 
. }
*****************   2001   ************************
  (all newnames==oldnames)
(60,749 missing values generated)
(51,155 missing values generated)
(11 real changes made, 11 to missing)
(9,583 real changes made)
(48,891 missing values generated)
(1,957 real changes made)
area already numeric; no replace
(variable id_persona was str18, now str19 to accommodate using data's values)
(label peamsiu already defined)
(label condact already defined)
(label LABD already defined)
(label pertrabn already defined)
(label condina already defined)
(label motnobus already defined)
(label LABC already defined)
(label ratmeh already defined)
(label pornot already defined)
(label actayuda already defined)
(label LABB already defined)
(label nivinst already defined)
(label sexo already defined)
(label reljefe already defined)
file /var/folders/v8/j2_3wzqd1rqc2l_95p5k_2l00000gn/T//St28152.000001 saved
    as .dta format
*************** 2001 *****************
  0
*****************   2002   ************************
  (all newnames==oldnames)
(24,799 missing values generated)
(15,696 missing values generated)
(70 real changes made, 70 to missing)
(9,033 real changes made)
(14,558 missing values generated)
(106 real changes made)
area already numeric; no replace
(variable id_persona was str18, now str19 to accommodate using data's values)
(label lbl_if already defined)
(label lbl_ruc already defined)
file /var/folders/v8/j2_3wzqd1rqc2l_95p5k_2l00000gn/T//St28152.000001 saved
    as .dta format
*************** 2002 *****************
  0
*****************   2003   ************************
  (all newnames==oldnames)
(82,317 missing values generated)
(55,508 real changes made, 55,508 to missing)
(26,809 real changes made)
(52,430 missing values generated)
(318 real changes made)
area already numeric; no replace
(label lbl_if already defined)
(label lbl_ruc already defined)
file /var/folders/v8/j2_3wzqd1rqc2l_95p5k_2l00000gn/T//St28152.000001 saved
    as .dta format
*************** 2003 *****************
  0
*****************   2004   ************************
  (all newnames==oldnames)
(83,043 missing values generated)
(51,397 real changes made, 51,397 to missing)
(31,646 real changes made)
(48,316 missing values generated)
(317 real changes made)
area already numeric; no replace
(variable id_persona was str20, now str21 to accommodate using data's values)
(label lbl_if already defined)
(label lbl_ruc already defined)
file /var/folders/v8/j2_3wzqd1rqc2l_95p5k_2l00000gn/T//St28152.000001 saved
    as .dta format
*************** 2004 *****************
  0
*****************   2005   ************************
  (all newnames==oldnames)
(77,050 missing values generated)
(49,258 real changes made, 49,258 to missing)
(27,792 real changes made)
(46,410 missing values generated)
(226 real changes made)
area already numeric; no replace
(variable id_persona was str20, now str21 to accommodate using data's values)
(label lbl_if already defined)
(label lbl_ruc already defined)
file /var/folders/v8/j2_3wzqd1rqc2l_95p5k_2l00000gn/T//St28152.000001 saved
    as .dta format
*************** 2005 *****************
  0
*****************   2006   ************************
  (all newnames==oldnames)
(77,964 missing values generated)
(48,587 real changes made, 48,587 to missing)
(29,377 real changes made)
(45,704 missing values generated)
(2,278 real changes made)
area already numeric; no replace
(variable id_persona was str20, now str21 to accommodate using data's values)
(label lbl_if already defined)
(label lbl_ruc already defined)
file /var/folders/v8/j2_3wzqd1rqc2l_95p5k_2l00000gn/T//St28152.000001 saved
    as .dta format
*************** 2006 *****************
  0
*****************   2007   ************************
  (all newnames==oldnames)
(76,921 missing values generated)
(52,950 missing values generated)
(23,971 real changes made)
(47,887 missing values generated)
area already numeric; no replace
(variable id_persona was str20, now str21 to accommodate using data's values)
(label lbl_if already defined)
(label lbl_ruc already defined)
file /var/folders/v8/j2_3wzqd1rqc2l_95p5k_2l00000gn/T//St28152.000001 saved
    as .dta format
*************** 2007 *****************
  0
*****************   2008   ************************
  (all newnames==oldnames)
(78,742 missing values generated)
(54,731 missing values generated)
(24,011 real changes made)
(49,545 missing values generated)
area already numeric; no replace
(variable id_persona was str20, now str21 to accommodate using data's values)
(label lbl_if already defined)
(label lbl_ruc already defined)
(label area already defined)
file /var/folders/v8/j2_3wzqd1rqc2l_95p5k_2l00000gn/T//St28152.000001 saved
    as .dta format
*************** 2008 *****************
  0
*****************   2009   ************************
  (all newnames==oldnames)
(78,878 missing values generated)
(54,833 missing values generated)
(24,045 real changes made)
(49,740 missing values generated)
area already numeric; no replace
(variable id_persona was str20, now str21 to accommodate using data's values)
(label lbl_if already defined)
(label lbl_ruc already defined)
(label area already defined)
file /var/folders/v8/j2_3wzqd1rqc2l_95p5k_2l00000gn/T//St28152.000001 saved
    as .dta format
*************** 2009 *****************
  0
*****************   2010   ************************
  (all newnames==oldnames)
(82,774 missing values generated)
(57,168 missing values generated)
(25,606 real changes made)
(51,408 missing values generated)
area already numeric; no replace
(variable id_persona was str20, now str21 to accommodate using data's values)
(label lbl_if already defined)
(label lbl_ruc already defined)
(label area already defined)
file /var/folders/v8/j2_3wzqd1rqc2l_95p5k_2l00000gn/T//St28152.000001 saved
    as .dta format
*************** 2010 *****************
  0
*****************   2011   ************************
  (all newnames==oldnames)
(69,653 missing values generated)
(48,477 missing values generated)
(21,176 real changes made)
(43,393 missing values generated)
area already numeric; no replace
(variable id_persona was str20, now str21 to accommodate using data's values)
(label lbl_if already defined)
(label lbl_ruc already defined)
(label area already defined)
file /var/folders/v8/j2_3wzqd1rqc2l_95p5k_2l00000gn/T//St28152.000001 saved
    as .dta format
*************** 2011 *****************
  0
*****************   2012   ************************
  (all newnames==oldnames)
(73,686 missing values generated)
(51,265 missing values generated)
(22,421 real changes made)
(45,750 missing values generated)
area already numeric; no replace
(variable id_persona was str20, now str21 to accommodate using data's values)
(label lbl_if already defined)
(label lbl_ruc already defined)
(label area already defined)
file /var/folders/v8/j2_3wzqd1rqc2l_95p5k_2l00000gn/T//St28152.000001 saved
    as .dta format
*************** 2012 *****************
  0
*****************   2013   ************************
  (all newnames==oldnames)
(81,386 missing values generated)
(57,335 missing values generated)
(24,051 real changes made)
(51,580 missing values generated)
area already numeric; no replace
(variable id_persona was str20, now str21 to accommodate using data's values)
(label lbl_if already defined)
(label lbl_ruc already defined)
(label area already defined)
file /var/folders/v8/j2_3wzqd1rqc2l_95p5k_2l00000gn/T//St28152.000001 saved
    as .dta format
*************** 2013 *****************
  0
*****************   2014   ************************
  (all newnames==oldnames)
(116,505 missing values generated)
(79,632 missing values generated)
(36,873 real changes made)
(69,922 missing values generated)
area already numeric; no replace
(variable area was byte, now double to accommodate using data's values)
(variable id_persona was str20, now str21 to accommodate using data's values)
(label lbl_if already defined)
(label lbl_ruc already defined)
file /var/folders/v8/j2_3wzqd1rqc2l_95p5k_2l00000gn/T//St28152.000001 saved
    as .dta format
*************** 2014 *****************
  0
*****************   2015   ************************
  (all newnames==oldnames)
(112,821 missing values generated)
(77,066 missing values generated)
(35,755 real changes made)
(67,340 missing values generated)
area already numeric; no replace
(variable area was byte, now double to accommodate using data's values)
(variable id_persona was str20, now str21 to accommodate using data's values)
(label lbl_if already defined)
(label lbl_ruc already defined)
file /var/folders/v8/j2_3wzqd1rqc2l_95p5k_2l00000gn/T//St28152.000001 saved
    as .dta format
*************** 2015 *****************
  0
*****************   2016   ************************
  (all newnames==oldnames)
(114,086 missing values generated)
(75,180 missing values generated)
(38,906 real changes made)
(65,736 missing values generated)
area already numeric; no replace
(variable area was byte, now double to accommodate using data's values)
(variable id_persona was str20, now str21 to accommodate using data's values)
(label lbl_if already defined)
(label lbl_ruc already defined)
file /var/folders/v8/j2_3wzqd1rqc2l_95p5k_2l00000gn/T//St28152.000001 saved
    as .dta format
*************** 2016 *****************
  0
*****************   2017   ************************
  (all newnames==oldnames)
(110,283 missing values generated)
(71,214 missing values generated)
(39,069 real changes made)
(61,973 missing values generated)
area already numeric; no replace
(variable area was byte, now double to accommodate using data's values)
(variable id_persona was str20, now str21 to accommodate using data's values)
(label lbl_if already defined)
(label lbl_ruc already defined)
(label labels0 already defined)
file /var/folders/v8/j2_3wzqd1rqc2l_95p5k_2l00000gn/T//St28152.000001 saved
    as .dta format
*************** 2017 *****************
  0
*****************   2018   ************************
  (all newnames==oldnames)
(59,350 missing values generated)
(38,016 missing values generated)
(21,334 real changes made)
(33,211 missing values generated)
area already numeric; no replace
(variable area was byte, now double to accommodate using data's values)
(variable id_persona was str20, now str21 to accommodate using data's values)
(label lbl_if already defined)
(label lbl_ruc already defined)
(label labels0 already defined)
file /var/folders/v8/j2_3wzqd1rqc2l_95p5k_2l00000gn/T//St28152.000001 saved
    as .dta format
*************** 2018 *****************
  0
*****************   2019   ************************
  (all newnames==oldnames)
(59,208 missing values generated)
(37,712 missing values generated)
(21,496 real changes made)
(32,999 missing values generated)
area already numeric; no replace
(variable area was byte, now double to accommodate using data's values)
(variable id_persona was str20, now str21 to accommodate using data's values)
(label lbl_if already defined)
(label lbl_ruc already defined)
(label labels0 already defined)
file /var/folders/v8/j2_3wzqd1rqc2l_95p5k_2l00000gn/T//St28152.000001 saved
    as .dta format
*************** 2019 *****************
  0
*****************   2020   ************************
  (all newnames==oldnames)
(30,646 missing values generated)
(19,633 missing values generated)
(11,013 real changes made)
(17,324 missing values generated)
area already numeric; no replace
(variable area was byte, now double to accommodate using data's values)
(variable id_persona was str20, now str21 to accommodate using data's values)
(label lbl_if already defined)
(label lbl_ruc already defined)
(label labels0 already defined)
file /var/folders/v8/j2_3wzqd1rqc2l_95p5k_2l00000gn/T//St28152.000001 saved
    as .dta format
*************** 2020 *****************
  0
*****************   2021   ************************
  (all newnames==oldnames)
(30,026 missing values generated)
(18,667 missing values generated)
(11,359 real changes made)
(16,021 missing values generated)
area already numeric; no replace
(variable area was byte, now double to accommodate using data's values)
(variable id_persona was str20, now str21 to accommodate using data's values)
(label lbl_if already defined)
(label lbl_ruc already defined)
(label labels0 already defined)
file /var/folders/v8/j2_3wzqd1rqc2l_95p5k_2l00000gn/T//St28152.000001 saved
    as .dta format
*************** 2021 *****************
  0
*****************   2022   ************************
  (all newnames==oldnames)
(28,993 missing values generated)
(18,208 missing values generated)
(10,785 real changes made)
(15,581 missing values generated)
area already numeric; no replace
(variable area was byte, now double to accommodate using data's values)
(variable id_persona was str20, now str21 to accommodate using data's values)
(label lbl_if already defined)
(label lbl_ruc already defined)
(label labels0 already defined)
file /var/folders/v8/j2_3wzqd1rqc2l_95p5k_2l00000gn/T//St28152.000001 saved
    as .dta format
*************** 2022 *****************
  0
*****************   2023   ************************
  (all newnames==oldnames)
(28,306 missing values generated)
(17,572 missing values generated)
(10,734 real changes made)
(15,108 missing values generated)
area already numeric; no replace
(variable area was byte, now double to accommodate using data's values)
(variable id_persona was str20, now str21 to accommodate using data's values)
(label lbl_if already defined)
(label lbl_ruc already defined)
(label labels0 already defined)
file /var/folders/v8/j2_3wzqd1rqc2l_95p5k_2l00000gn/T//St28152.000001 saved
    as .dta format
*************** 2023 *****************
  0
*****************   2024   ************************
  (all newnames==oldnames)
(27,610 missing values generated)
(17,072 missing values generated)
(10,538 real changes made)
(14,715 missing values generated)
area already numeric; no replace
(variable id_persona was str20, now str21 to accommodate using data's values)
(label lbl_if already defined)
(label lbl_ruc already defined)
file /var/folders/v8/j2_3wzqd1rqc2l_95p5k_2l00000gn/T//St28152.000001 saved
    as .dta format
*************** 2024 *****************
  0
*****************   2025   ************************
  (all newnames==oldnames)
(27,808 missing values generated)
(17,475 missing values generated)
(10,333 real changes made)
(15,028 missing values generated)
area already numeric; no replace
(variable area was byte, now double to accommodate using data's values)
(variable id_persona was str20, now str21 to accommodate using data's values)
(label lbl_if already defined)
(label lbl_ruc already defined)
file /var/folders/v8/j2_3wzqd1rqc2l_95p5k_2l00000gn/T//St28152.000001 saved
    as .dta format
*************** 2025 *****************
  0

. 
. save "$out/historico_ruc.dta", replace
file
    /Users/santiago/Library/CloudStorage/GoogleDrive-observatorio.pobreza@fla
    > cso.edu.ec/Mi unidad//Bases/ENEMDU/Procesadas/analisis
    informalidad/Santiago/historico_ruc.dta saved

. 
. use "$out/historico_ruc.dta", clear

. 
. * Verificación
. tab anio tiene_ruc [iw = fexp], nofreq row

           | Establecimiento tiene
           |   RUC (armonizado)
      anio | No tiene   Tiene RUC |     Total
-----------+----------------------+----------
      2001 |     80.17      19.83 |    100.00 
      2002 |     52.07      47.93 |    100.00 
      2003 |     62.45      37.55 |    100.00 
      2004 |     64.32      35.68 |    100.00 
      2005 |     61.74      38.26 |    100.00 
      2006 |     68.35      31.65 |    100.00 
      2007 |     64.59      35.41 |    100.00 
      2008 |     61.53      38.47 |    100.00 
      2009 |     61.84      38.16 |    100.00 
      2010 |     59.94      40.06 |    100.00 
      2011 |     60.98      39.02 |    100.00 
      2012 |     57.72      42.28 |    100.00 
      2013 |     57.31      42.69 |    100.00 
      2014 |     57.24      42.76 |    100.00 
      2015 |     58.35      41.65 |    100.00 
      2016 |     61.25      38.75 |    100.00 
      2017 |     59.49      40.51 |    100.00 
      2018 |     61.86      38.14 |    100.00 
      2019 |     62.92      37.08 |    100.00 
      2020 |     66.80      33.20 |    100.00 
      2021 |     65.72      34.28 |    100.00 
      2022 |     67.27      32.73 |    100.00 
      2023 |     68.36      31.64 |    100.00 
      2024 |     70.92      29.08 |    100.00 
      2025 |     67.12      32.88 |    100.00 
-----------+----------------------+----------
     Total |     63.36      36.64 |    100.00 

. tab anio institucion_formal [iw = fexp], nofreq row

           |      Trabaja en
           |  institucion formal
      anio | No Instit  Instituci |     Total
-----------+----------------------+----------
      2001 |     54.32      45.68 |    100.00 
      2002 |     44.97      55.03 |    100.00 
      2003 |     55.07      44.93 |    100.00 
      2004 |     57.83      42.17 |    100.00 
      2005 |     55.95      44.05 |    100.00 
      2006 |     56.52      43.48 |    100.00 
      2007 |     52.42      47.58 |    100.00 
      2008 |     49.75      50.25 |    100.00 
      2009 |     50.05      49.95 |    100.00 
      2010 |     47.57      52.43 |    100.00 
      2011 |     47.89      52.11 |    100.00 
      2012 |     45.60      54.40 |    100.00 
      2013 |     44.80      55.20 |    100.00 
      2014 |     43.81      56.19 |    100.00 
      2015 |     44.42      55.58 |    100.00 
      2016 |     47.86      52.14 |    100.00 
      2017 |     47.38      52.62 |    100.00 
      2018 |     49.97      50.03 |    100.00 
      2019 |     51.14      48.86 |    100.00 
      2020 |     55.17      44.83 |    100.00 
      2021 |     53.96      46.04 |    100.00 
      2022 |     55.62      44.38 |    100.00 
      2023 |     57.40      42.60 |    100.00 
      2024 |     60.14      39.86 |    100.00 
      2025 |     56.41      43.59 |    100.00 
-----------+----------------------+----------
     Total |     51.72      48.28 |    100.00 

. 
end of do-file

OK  armonizacion_institucion_formal.do  (   5.0 segundos)


------------------------------------------------------------------------------
>>> [armonizacion] familiar_no_remunerado.do   (21:47:57)
------------------------------------------------------------------------------

. *============================================================================
> ==*
. * HARMONIZACIÓN: TRABAJADOR FAMILIAR NO REMUNERADO (1990-2024)               
>   *
. * no_remunerado = 1 si es trabajador familiar no remunerado, 0 en otro caso  
>   *
. *============================================================================
> ==*
. * Definición de rutas globales para facilitar la portabilidad del código
. * Raiz del Drive segun el usuario que corre el script: antes estaba fija en
. * la carpeta de vero, asi que el do-file no arrancaba en otras maquinas.
. if "`c(username)'" == "vero" global user_root "/Users/vero/Library/CloudStora
> ge/GoogleDrive-observatorio.pobreza@flacso.edu.ec/Mi unidad/"

. else                         global user_root "/Users/santiago/Library/CloudS
> torage/GoogleDrive-observatorio.pobreza@flacso.edu.ec/Mi unidad/"

. global bases "$user_root/Bases"

. global raw "$bases/ENEMDU/Procesadas/Armonizacion/Variables base/Mensuales"

. global salarios "$bases/Salarios"

. global out "$bases/ENEMDU/Procesadas/analisis informalidad/Santiago"

. global out_plot "$user_root/Boletín 3/2. Armonización de variables/Gráfico
> s de control"

. global gh "/Users/vero/Documents/Observatorio GH/Observatorio-Desigualdad-Pob
> reza/"

. 
. global important_variable no_remunerado

. 
. use "$raw/empleo1990.dta" in 1, clear 

. destring area, replace
area: all characters numeric; replaced as byte

. drop in 1
(1 observation deleted)

. tempfile no_rem_acumulado

. save `no_rem_acumulado', replace
(dataset contains 0 observations)
(file /var/folders/v8/j2_3wzqd1rqc2l_95p5k_2l00000gn/T//St28152.000001 not
    found)
file /var/folders/v8/j2_3wzqd1rqc2l_95p5k_2l00000gn/T//St28152.000001 saved
    as .dta format

. 
. foreach y of numlist 1990(1)2025 {
  2.     di "*****************   `y'   ************************"
  3.     use "$raw/empleo`y'.dta", clear 
  4.     
.     rename *, lower
  5.     
.    * gen anio = `y'
.     
.     gen no_remunerado = 0
  6.     
.     *------------------------------------------------------------------------
> --*
.     * PERÍODO 1990-1999: 'catetrab'; desde 1991 también 'cates'
.     * Código 5 = trabajador familiar no remunerado
.     *
.     * OJO: el corte va en 1999, no en 2000. El año 2000 ya trae la codificaci
> ón
.     * de 2001 y se procesa más abajo (ver la nota de esa rama).
.     *------------------------------------------------------------------------
> --*
.     if (inrange(`y', 1990, 1999)) {
  7.         capture confirm variable catetrab
  8.         local has_catetrab = !_rc
  9.         capture confirm variable cates
 10.         local has_cates = !_rc
 11.         
.         replace no_remunerado = 1 if catetrab == 5
 12.         if `y' >= 1991 & `has_cates' {
 13.             replace no_remunerado = 1 if cates == 5
 14.         }
 15. 
.         * Desde 1991, usar ambas ocupaciones con el mismo criterio de 2001 en
>  adelante.
.         * Una ocupación remunerada impide clasificar a la persona como no rem
> unerada.
.         replace no_remunerado = 0 if !missing(catetrab) & catetrab != 5
 16.         if `y' >= 1991 & `has_cates' {
 17.             replace no_remunerado = 0 if !missing(cates) & cates != 5
 18.         }
 19.                 
.         if `has_catetrab' & `has_cates' {
 20.             replace no_remunerado = . if missing(catetrab) & missing(cates
> )
 21.         }
 22.         else if `has_catetrab' {
 23.             replace no_remunerado = . if missing(catetrab)
 24.         }
 25.         else if `has_cates' {
 26.             replace no_remunerado = . if missing(cates)
 27.         }
 28.     }
 29.     
.     *------------------------------------------------------------------------
> --*
.     * PERÍODO 2000-2001: 'catetrab' / 'cates' con nueva codificación
.     * Código 6 = trab. fam. no remunerado
.     * Código 11 = trab. fam. agrop. no remunerado
.     *
.     * El año 2000 entra aquí, y no en la rama de los noventa, porque su
.     * 'catetrab' ya viene con esta codificación aunque conserve pegada la
.     * etiqueta de valores vieja (que sólo define los códigos 3-9). Procesarlo
.     * con la regla de los noventa ("código 5") marcaba como no remunerados a
.     * los CUENTA PROPIA, que en esta codificación son justamente el 5: el
.     * indicador saltaba al 21,8% en 2000 frente al 4,9% de 1999 y el 8,6% de
.     * 2003. Con esta rama baja al 9,7%, que es lo que corresponde.
.     *
.     * La evidencia está en componentes/verificacion_catetrab_2000.do:
.     *   - en 2000 los códigos 1, 2, 10, 11 y 12 no tienen etiqueta (14.876 ob
> s);
.     *   - su distribución calca la de 2001 y no la de 1999;
.     *   - el 93,8% del código 5 declara ingreso laboral (o sea, es remunerado
> ),
.     *     mientras que los que no declaran ingreso son los códigos 6 y 11.
.     *------------------------------------------------------------------------
> --*
.     if (inlist(`y', 2000, 2001)) {
 30.         capture confirm variable catetrab
 31.         local has_catetrab = !_rc
 32.         capture confirm variable cates
 33.         local has_cates = !_rc
 34. 
.         * En 2001, cates = 0 también indica secundaria no aplicable.
.         * No debe interpretarse como una categoría ocupacional remunerada.
.         * (En 2000 no hay ceros, así que la línea no lo toca.)
.         if `has_cates' replace cates = . if cates == 0
 35.         
.                 replace no_remunerado = 1 if inlist(catetrab, 6, 11)
 36.                 replace no_remunerado = 1 if inlist(cates, 6, 11)
 37.                 
.                 replace no_remunerado = 0 if !missing(catetrab) & !inlist(cat
> etrab, 6, 11)
 38.                 replace no_remunerado = 0 if !missing(cates)    & !inlist(
> cates, 6, 11)
 39.                         
.         if `has_catetrab' & `has_cates' {
 40.             replace no_remunerado = . if missing(catetrab) & missing(cates
> )
 41.         }
 42.         else if `has_catetrab' {
 43.             replace no_remunerado = . if missing(catetrab)
 44.         }
 45.         else if `has_cates' {
 46.             replace no_remunerado = . if missing(cates)
 47.         }
 48.     }
 49.     
.     *------------------------------------------------------------------------
> --*
.     * PERÍODO 2002: 'catetrab' / 'cates' (misma codificación que 2001)
.     * Código 6 = trab. del hogar no remunerado
.     * Código 11 = trab. fam. agrop. no remunerado
.     *------------------------------------------------------------------------
> --*
.     if (`y' == 2002) {
 50.         capture confirm variable catetrab
 51.         local has_catetrab = !_rc
 52.         capture confirm variable cates
 53.         local has_cates = !_rc
 54. 
.         * En 2002, cates = 0 no es una categoría ocupacional válida.
.         * Tratar la secundaria no aplicable como faltante para que no anule l
> a principal.
.         if `has_cates' replace cates = . if cates == 0
 55.         
.                 replace no_remunerado = 1 if inlist(catetrab, 6, 11)
 56.                 replace no_remunerado = 1 if inlist(cates, 6, 11)
 57.                 
.                 replace no_remunerado = 0 if !missing(catetrab) & !inlist(cat
> etrab, 6, 11)
 58.                 replace no_remunerado = 0 if !missing(cates) & !inlist(cat
> es, 6, 11)
 59.                 
.         if `has_catetrab' & `has_cates' {
 60.             replace no_remunerado = . if missing(catetrab) & missing(cates
> )
 61.         }
 62.         else if `has_catetrab' {
 63.             replace no_remunerado = . if missing(catetrab)
 64.         }
 65.         else if `has_cates' {
 66.             replace no_remunerado = . if missing(cates)
 67.         }
 68.     }
 69.     
.     *------------------------------------------------------------------------
> --*
.     * PERÍODO 2003-2006: 'catetrab' / 'cates' con codificación reducida
.     * Código 8 = trab. familiar no remunerado
.     *------------------------------------------------------------------------
> --*
.     if (inrange(`y', 2003, 2006)) {
 70.         capture confirm variable catetrab
 71.         local has_catetrab = !_rc
 72.         capture confirm variable cates
 73.         local has_cates = !_rc
 74.         
.                 replace no_remunerado = 1 if catetrab == 8
 75.                 replace no_remunerado = 1 if cates == 8
 76.                 
.                 replace no_remunerado = 0 if !missing(catetrab) & catetrab !=
>  8
 77.                 replace no_remunerado = 0 if !missing(cates)    & cates   
>  != 8
 78.                 
.         if `has_catetrab' & `has_cates' {
 79.             replace no_remunerado = . if missing(catetrab) & missing(cates
> )
 80.         }
 81.         else if `has_catetrab' {
 82.             replace no_remunerado = . if missing(catetrab)
 83.         }
 84.         else if `has_cates' {
 85.             replace no_remunerado = . if missing(cates)
 86.         }
 87.     }
 88.     
.     *------------------------------------------------------------------------
> --*
.     * PERÍODO 2007-2024: variables p42 (ocupación principal) y p54 (secundari
> a)
.     * Código 7 = Trabajador del hogar no remunerado
.     * Código 8 = Trabajador no del hogar no remunerado
.     * Código 9 = Ayudante no remunerado de asalariado/jornalero
.     *------------------------------------------------------------------------
> --*
.     if (`y' >= 2007) {
 89.         capture confirm variable p42
 90.         local has_p42 = !_rc
 91.         capture confirm variable p54
 92.         local has_p54 = !_rc
 93.         
.                 replace no_remunerado = 1 if inlist(p42, 7, 8, 9) 
 94.                 replace no_remunerado = 1 if inlist(p54, 7, 8, 9) 
 95.                 replace no_remunerado = 0 if !missing(p54) & !inlist(p54, 
> 7, 8, 9) 
 96.                 replace no_remunerado = 0 if !missing(p42) & !inlist(p42, 
> 7, 8, 9) 
 97.                         
.         if `has_p42' & `has_p54' {
 98.             replace no_remunerado = . if missing(p42) & missing(p54)
 99.         }
100.         else if `has_p42' {
101.             replace no_remunerado = . if missing(p42)
102.         }
103.         else if `has_p54' {
104.             replace no_remunerado = . if missing(p54)
105.         }
106.     }
107.     
.     label define lbl_norem 0 "Remunerado / Otra categoría" 1 "Trabajador no r
> emunerado", replace
108.     label values no_remunerado lbl_norem
109.     label variable no_remunerado "Trabajador no remunerado (armonizado)"
110.     
.         
.     *do "$gh/Generales/id_persona_loop.do"
.     
.         capture confirm variable area 
111.         if  !_rc {
112.                       local area_var area
113.                           destring area, replace 
114.                           
.         }
115.         else      local area_var 
116.         
.     keep id_persona $important_variable anio `area_var' fexp edad condact*
117.         
.     append using `no_rem_acumulado'
118.         
.         keep id_persona $important_variable anio `area_var' fexp edad condact
> *
119. 
.     save `no_rem_acumulado', replace
120.     
.     di "*************** `y' *****************"
121.     
.     count if id_persona == ""
122.     local n = r(N)
123.     
.     *if (`n' != 0) asd
. }
*****************   1990   ************************
  (all newnames==oldnames)
(1,039 real changes made)
(0 real changes made)
(22,806 real changes made, 22,806 to missing)
area: all characters numeric; replaced as byte
(label peamsiu already defined)
(label condact already defined)
(label LABD already defined)
(label otrosi already defined)
(label jubil already defined)
(label rentas already defined)
(label formapag already defined)
(label pertrabn already defined)
(label catetrab already defined)
(label tiemnot already defined)
(label condina already defined)
(label motnobus already defined)
(label tiembus already defined)
(label LABC already defined)
(label trabn already defined)
(label ratmeh already defined)
(label pornot already defined)
(label hortrasa already defined)
(label actayuda already defined)
(label cuanvic already defined)
(label LABB already defined)
(label nivinst already defined)
(label sexo already defined)
(label edad already defined)
(label reljefe already defined)
(label resumen already defined)
file /var/folders/v8/j2_3wzqd1rqc2l_95p5k_2l00000gn/T//St28152.000001 saved
    as .dta format
*************** 1990 *****************
  0
*****************   1991   ************************
  (all newnames==oldnames)
(1,102 real changes made)
(39 real changes made)
(39 real changes made)
(11 real changes made)
(22,954 real changes made, 22,954 to missing)
(variable id_persona was str18, now str19 to accommodate using data's values)
(label lbl_norem already defined)
(label condact already defined)
(label edad already defined)
file /var/folders/v8/j2_3wzqd1rqc2l_95p5k_2l00000gn/T//St28152.000001 saved
    as .dta format
*************** 1991 *****************
  0
*****************   1992   ************************
  (all newnames==oldnames)
(1,189 real changes made)
(51 real changes made)
(51 real changes made)
(11 real changes made)
(21,396 real changes made, 21,396 to missing)
(variable id_persona was str18, now str19 to accommodate using data's values)
(label lbl_norem already defined)
(label edad already defined)
(label condact already defined)
file /var/folders/v8/j2_3wzqd1rqc2l_95p5k_2l00000gn/T//St28152.000001 saved
    as .dta format
*************** 1992 *****************
  0
*****************   1993   ************************
  (all newnames==oldnames)
(1,034 real changes made)
(29 real changes made)
(29 real changes made)
(8 real changes made)
(21,514 real changes made, 21,514 to missing)
(variable id_persona was str18, now str19 to accommodate using data's values)
(label lbl_norem already defined)
(label edad already defined)
(label condact already defined)
file /var/folders/v8/j2_3wzqd1rqc2l_95p5k_2l00000gn/T//St28152.000001 saved
    as .dta format
*************** 1993 *****************
  0
*****************   1994   ************************
  (all newnames==oldnames)
(1,000 real changes made)
(28 real changes made)
(28 real changes made)
(6 real changes made)
(21,620 real changes made, 21,620 to missing)
(variable id_persona was str18, now str19 to accommodate using data's values)
(label lbl_norem already defined)
(label edad already defined)
(label condact already defined)
file /var/folders/v8/j2_3wzqd1rqc2l_95p5k_2l00000gn/T//St28152.000001 saved
    as .dta format
*************** 1994 *****************
  0
*****************   1995   ************************
  (all newnames==oldnames)
(1,092 real changes made)
(39 real changes made)
(39 real changes made)
(7 real changes made)
(21,080 real changes made, 21,080 to missing)
(variable id_persona was str18, now str19 to accommodate using data's values)
(label lbl_norem already defined)
(label edad already defined)
(label condact already defined)
file /var/folders/v8/j2_3wzqd1rqc2l_95p5k_2l00000gn/T//St28152.000001 saved
    as .dta format
*************** 1995 *****************
  0
*****************   1996   ************************
  (all newnames==oldnames)
(1,083 real changes made)
(45 real changes made)
(45 real changes made)
(0 real changes made)
(21,488 real changes made, 21,488 to missing)
(variable id_persona was str18, now str19 to accommodate using data's values)
(label lbl_norem already defined)
(label edad already defined)
(label condact already defined)
file /var/folders/v8/j2_3wzqd1rqc2l_95p5k_2l00000gn/T//St28152.000001 saved
    as .dta format
*************** 1996 *****************
  0
*****************   1997   ************************
  (all newnames==oldnames)
(847 real changes made)
(42 real changes made)
(42 real changes made)
(4 real changes made)
(20,951 real changes made, 20,951 to missing)
(variable id_persona was str18, now str19 to accommodate using data's values)
(label lbl_norem already defined)
(label edad already defined)
(label condact already defined)
file /var/folders/v8/j2_3wzqd1rqc2l_95p5k_2l00000gn/T//St28152.000001 saved
    as .dta format
*************** 1997 *****************
  0
*****************   1998   ************************
  (all newnames==oldnames)
(1,243 real changes made)
(59 real changes made)
(59 real changes made)
(2 real changes made)
(22,699 real changes made, 22,699 to missing)
(label lbl_norem already defined)
(label edad already defined)
(label condact already defined)
file /var/folders/v8/j2_3wzqd1rqc2l_95p5k_2l00000gn/T//St28152.000001 saved
    as .dta format
*************** 1998 *****************
  0
*****************   1999   ************************
  (all newnames==oldnames)
(1,095 real changes made)
(55 real changes made)
(55 real changes made)
(7 real changes made)
(22,172 real changes made, 22,172 to missing)
(variable id_persona was str18, now str19 to accommodate using data's values)
(label lbl_norem already defined)
(label edad already defined)
(label condact already defined)
file /var/folders/v8/j2_3wzqd1rqc2l_95p5k_2l00000gn/T//St28152.000001 saved
    as .dta format
*************** 1999 *****************
  0
*****************   2000   ************************
  (all newnames==oldnames)
(0 real changes made)
(3,485 real changes made)
(84 real changes made)
(84 real changes made)
(31 real changes made)
(35,181 real changes made, 35,181 to missing)
area already numeric; no replace
(variable id_persona was str18, now str19 to accommodate using data's values)
(label lbl_norem already defined)
(label edad already defined)
(label condact already defined)
file /var/folders/v8/j2_3wzqd1rqc2l_95p5k_2l00000gn/T//St28152.000001 saved
    as .dta format
*************** 2000 *****************
  0
*****************   2001   ************************
  (all newnames==oldnames)
(2 real changes made, 2 to missing)
(6,019 real changes made)
(328 real changes made)
(328 real changes made)
(113 real changes made)
(30,001 real changes made, 30,001 to missing)
area already numeric; no replace
(variable id_persona was str18, now str19 to accommodate using data's values)
(label lbl_norem already defined)
(label condact already defined)
file /var/folders/v8/j2_3wzqd1rqc2l_95p5k_2l00000gn/T//St28152.000001 saved
    as .dta format
*************** 2001 *****************
  0
*****************   2002   ************************
  (all newnames==oldnames)
(24,423 real changes made, 24,423 to missing)
(565 real changes made)
(41 real changes made)
(41 real changes made)
(4 real changes made)
(0 real changes made)
area already numeric; no replace
(variable id_persona was str18, now str19 to accommodate using data's values)
(label lbl_norem already defined)
(label condact already defined)
file /var/folders/v8/j2_3wzqd1rqc2l_95p5k_2l00000gn/T//St28152.000001 saved
    as .dta format
*************** 2002 *****************
  0
*****************   2003   ************************
  (all newnames==oldnames)
(5,486 real changes made)
(172 real changes made)
(172 real changes made)
(43 real changes made)
(44,932 real changes made, 44,932 to missing)
area already numeric; no replace
(label lbl_norem already defined)
(label condact already defined)
file /var/folders/v8/j2_3wzqd1rqc2l_95p5k_2l00000gn/T//St28152.000001 saved
    as .dta format
*************** 2003 *****************
  0
*****************   2004   ************************
  (all newnames==oldnames)
(7,439 real changes made)
(534 real changes made)
(534 real changes made)
(111 real changes made)
(41,911 real changes made, 41,911 to missing)
area already numeric; no replace
(variable id_persona was str20, now str21 to accommodate using data's values)
(label lbl_norem already defined)
(label condact already defined)
file /var/folders/v8/j2_3wzqd1rqc2l_95p5k_2l00000gn/T//St28152.000001 saved
    as .dta format
*************** 2004 *****************
  0
*****************   2005   ************************
  (all newnames==oldnames)
(5,358 real changes made)
(221 real changes made)
(221 real changes made)
(84 real changes made)
(40,423 real changes made, 40,423 to missing)
area already numeric; no replace
(variable id_persona was str20, now str21 to accommodate using data's values)
(label lbl_norem already defined)
(label LABB already defined)
(label condact already defined)
file /var/folders/v8/j2_3wzqd1rqc2l_95p5k_2l00000gn/T//St28152.000001 saved
    as .dta format
*************** 2005 *****************
  0
*****************   2006   ************************
  (all newnames==oldnames)
(7,615 real changes made)
(640 real changes made)
(640 real changes made)
(37 real changes made)
(38,560 real changes made, 38,560 to missing)
area already numeric; no replace
(variable id_persona was str20, now str21 to accommodate using data's values)
(label lbl_norem already defined)
(label LABB already defined)
(label condact already defined)
file /var/folders/v8/j2_3wzqd1rqc2l_95p5k_2l00000gn/T//St28152.000001 saved
    as .dta format
*************** 2006 *****************
  0
*****************   2007   ************************
  (all newnames==oldnames)
(5,778 real changes made)
(392 real changes made)
(73 real changes made)
(392 real changes made)
(40,326 real changes made, 40,326 to missing)
area already numeric; no replace
(variable id_persona was str20, now str21 to accommodate using data's values)
(label lbl_norem already defined)
file /var/folders/v8/j2_3wzqd1rqc2l_95p5k_2l00000gn/T//St28152.000001 saved
    as .dta format
*************** 2007 *****************
  0
*****************   2008   ************************
  (all newnames==oldnames)
(4,793 real changes made)
(221 real changes made)
(49 real changes made)
(221 real changes made)
(42,960 real changes made, 42,960 to missing)
area already numeric; no replace
(variable id_persona was str20, now str21 to accommodate using data's values)
(label lbl_norem already defined)
(label area already defined)
(label p03 already defined)
(label CONDACT already defined)
(label CONDACTN already defined)
file /var/folders/v8/j2_3wzqd1rqc2l_95p5k_2l00000gn/T//St28152.000001 saved
    as .dta format
*************** 2008 *****************
  0
*****************   2009   ************************
  (all newnames==oldnames)
(4,863 real changes made)
(140 real changes made)
(68 real changes made)
(140 real changes made)
(42,775 real changes made, 42,775 to missing)
area already numeric; no replace
(variable id_persona was str20, now str21 to accommodate using data's values)
(label lbl_norem already defined)
(label CONDACTN already defined)
(label CONDACT already defined)
(label p03 already defined)
(label area already defined)
file /var/folders/v8/j2_3wzqd1rqc2l_95p5k_2l00000gn/T//St28152.000001 saved
    as .dta format
*************** 2009 *****************
  0
*****************   2010   ************************
  (all newnames==oldnames)
(4,564 real changes made)
(132 real changes made)
(34 real changes made)
(132 real changes made)
(45,758 real changes made, 45,758 to missing)
area already numeric; no replace
(variable id_persona was str20, now str21 to accommodate using data's values)
(label lbl_norem already defined)
(label CONDACTN already defined)
(label CONDACT already defined)
(label p03 already defined)
(label area already defined)
file /var/folders/v8/j2_3wzqd1rqc2l_95p5k_2l00000gn/T//St28152.000001 saved
    as .dta format
*************** 2010 *****************
  0
*****************   2011   ************************
  (all newnames==oldnames)
(3,117 real changes made)
(94 real changes made)
(15 real changes made)
(94 real changes made)
(38,603 real changes made, 38,603 to missing)
area already numeric; no replace
(variable id_persona was str20, now str21 to accommodate using data's values)
(label lbl_norem already defined)
(label CONDACTN already defined)
(label CONDACT already defined)
(label p03 already defined)
(label area already defined)
file /var/folders/v8/j2_3wzqd1rqc2l_95p5k_2l00000gn/T//St28152.000001 saved
    as .dta format
*************** 2011 *****************
  0
*****************   2012   ************************
  (all newnames==oldnames)
(3,647 real changes made)
(187 real changes made)
(35 real changes made)
(187 real changes made)
(40,714 real changes made, 40,714 to missing)
area already numeric; no replace
(variable id_persona was str20, now str21 to accommodate using data's values)
(label lbl_norem already defined)
(label CONDACTN already defined)
(label CONDACT already defined)
(label p03 already defined)
(label area already defined)
file /var/folders/v8/j2_3wzqd1rqc2l_95p5k_2l00000gn/T//St28152.000001 saved
    as .dta format
*************** 2012 *****************
  0
*****************   2013   ************************
  (all newnames==oldnames)
(4,080 real changes made)
(141 real changes made)
(51 real changes made)
(141 real changes made)
(46,063 real changes made, 46,063 to missing)
area already numeric; no replace
(variable id_persona was str20, now str21 to accommodate using data's values)
(label lbl_norem already defined)
(label CONDACTN already defined)
(label CONDACT already defined)
(label p03 already defined)
(label area already defined)
file /var/folders/v8/j2_3wzqd1rqc2l_95p5k_2l00000gn/T//St28152.000001 saved
    as .dta format
*************** 2013 *****************
  0
*****************   2014   ************************
  (all newnames==oldnames)
(7,650 real changes made)
(541 real changes made)
(129 real changes made)
(541 real changes made)
(62,761 real changes made, 62,761 to missing)
area already numeric; no replace
(variable area was byte, now double to accommodate using data's values)
(variable edad was byte, now double to accommodate using data's values)
(variable condact was byte, now double to accommodate using data's values)
(variable condactn was byte, now double to accommodate using data's values)
(variable id_persona was str20, now str21 to accommodate using data's values)
(label lbl_norem already defined)
file /var/folders/v8/j2_3wzqd1rqc2l_95p5k_2l00000gn/T//St28152.000001 saved
    as .dta format
*************** 2014 *****************
  0
*****************   2015   ************************
  (all newnames==oldnames)
(7,867 real changes made)
(539 real changes made)
(105 real changes made)
(539 real changes made)
(60,058 real changes made, 60,058 to missing)
area already numeric; no replace
(variable area was byte, now double to accommodate using data's values)
(variable edad was byte, now double to accommodate using data's values)
(variable condact was byte, now double to accommodate using data's values)
(variable condactn was byte, now double to accommodate using data's values)
(variable id_persona was str20, now str21 to accommodate using data's values)
(label lbl_norem already defined)
(label labels258 already defined)
(label labels111 already defined)
(label labels6 already defined)
file /var/folders/v8/j2_3wzqd1rqc2l_95p5k_2l00000gn/T//St28152.000001 saved
    as .dta format
*************** 2015 *****************
  0
*****************   2016   ************************
  (all newnames==oldnames)
(10,022 real changes made)
(760 real changes made)
(178 real changes made)
(760 real changes made)
(57,935 real changes made, 57,935 to missing)
area already numeric; no replace
(variable area was byte, now double to accommodate using data's values)
(variable edad was byte, now double to accommodate using data's values)
(variable condactn was byte, now double to accommodate using data's values)
(variable id_persona was str20, now str21 to accommodate using data's values)
(label lbl_norem already defined)
(label labels5 already defined)
file /var/folders/v8/j2_3wzqd1rqc2l_95p5k_2l00000gn/T//St28152.000001 saved
    as .dta format
*************** 2016 *****************
  0
*****************   2017   ************************
  (all newnames==oldnames)
(9,253 real changes made)
(669 real changes made)
(146 real changes made)
(669 real changes made)
(55,296 real changes made, 55,296 to missing)
area already numeric; no replace
(variable area was byte, now double to accommodate using data's values)
(variable edad was byte, now double to accommodate using data's values)
(variable condactn was byte, now double to accommodate using data's values)
(variable id_persona was str20, now str21 to accommodate using data's values)
(label labels245 already defined)
(label lbl_norem already defined)
(label labels228 already defined)
(label labels6 already defined)
(label labels0 already defined)
file /var/folders/v8/j2_3wzqd1rqc2l_95p5k_2l00000gn/T//St28152.000001 saved
    as .dta format
*************** 2017 *****************
  0
*****************   2018   ************************
  (all newnames==oldnames)
(4,127 real changes made)
(384 real changes made)
(76 real changes made)
(384 real changes made)
(29,912 real changes made, 29,912 to missing)
area already numeric; no replace
(variable area was byte, now double to accommodate using data's values)
(variable edad was byte, now double to accommodate using data's values)
(variable id_persona was str20, now str21 to accommodate using data's values)
(variable condact was byte, now double to accommodate using data's values)
(label lbl_norem already defined)
(label labels0 already defined)
(label labels6 already defined)
file /var/folders/v8/j2_3wzqd1rqc2l_95p5k_2l00000gn/T//St28152.000001 saved
    as .dta format
*************** 2018 *****************
  0
*****************   2019   ************************
  (all newnames==oldnames)
(4,810 real changes made)
(332 real changes made)
(97 real changes made)
(332 real changes made)
(29,332 real changes made, 29,332 to missing)
area already numeric; no replace
(variable area was byte, now double to accommodate using data's values)
(variable edad was byte, now double to accommodate using data's values)
(variable condact was byte, now double to accommodate using data's values)
(variable id_persona was str20, now str21 to accommodate using data's values)
(label lbl_norem already defined)
(label labels0 already defined)
(label labels5 already defined)
(label labels118 already defined)
file /var/folders/v8/j2_3wzqd1rqc2l_95p5k_2l00000gn/T//St28152.000001 saved
    as .dta format
*************** 2019 *****************
  0
*****************   2020   ************************
  (all newnames==oldnames)
(2,626 real changes made)
(161 real changes made)
(72 real changes made)
(161 real changes made)
(15,305 real changes made, 15,305 to missing)
area already numeric; no replace
(variable area was byte, now double to accommodate using data's values)
(variable edad was byte, now double to accommodate using data's values)
(variable condact was byte, now double to accommodate using data's values)
(variable id_persona was str20, now str21 to accommodate using data's values)
(label lbl_norem already defined)
(label labels0 already defined)
(label labels6 already defined)
(label labels115 already defined)
file /var/folders/v8/j2_3wzqd1rqc2l_95p5k_2l00000gn/T//St28152.000001 saved
    as .dta format
*************** 2020 *****************
  0
*****************   2021   ************************
  (all newnames==oldnames)
(2,348 real changes made)
(301 real changes made)
(77 real changes made)
(301 real changes made)
(14,257 real changes made, 14,257 to missing)
area already numeric; no replace
(variable area was byte, now double to accommodate using data's values)
(variable edad was byte, now double to accommodate using data's values)
(variable condact was byte, now double to accommodate using data's values)
(variable id_persona was str20, now str21 to accommodate using data's values)
(label lbl_norem already defined)
(label labels0 already defined)
(label labels6 already defined)
file /var/folders/v8/j2_3wzqd1rqc2l_95p5k_2l00000gn/T//St28152.000001 saved
    as .dta format
*************** 2021 *****************
  0
*****************   2022   ************************
  (all newnames==oldnames)
(1,756 real changes made)
(234 real changes made)
(64 real changes made)
(234 real changes made)
(14,339 real changes made, 14,339 to missing)
area already numeric; no replace
(variable area was byte, now double to accommodate using data's values)
(variable edad was byte, now double to accommodate using data's values)
(variable condact was byte, now double to accommodate using data's values)
(variable id_persona was str20, now str21 to accommodate using data's values)
(label lbl_norem already defined)
(label labels0 already defined)
(label labels6 already defined)
(label labels104 already defined)
file /var/folders/v8/j2_3wzqd1rqc2l_95p5k_2l00000gn/T//St28152.000001 saved
    as .dta format
*************** 2022 *****************
  0
*****************   2023   ************************
  (all newnames==oldnames)
(1,700 real changes made)
(230 real changes made)
(60 real changes made)
(230 real changes made)
(14,001 real changes made, 14,001 to missing)
area already numeric; no replace
(variable area was byte, now double to accommodate using data's values)
(variable edad was byte, now double to accommodate using data's values)
(variable condact was byte, now double to accommodate using data's values)
(variable id_persona was str20, now str21 to accommodate using data's values)
(label lbl_norem already defined)
(label labels0 already defined)
(label labels6 already defined)
file /var/folders/v8/j2_3wzqd1rqc2l_95p5k_2l00000gn/T//St28152.000001 saved
    as .dta format
*************** 2023 *****************
  0
*****************   2024   ************************
  (all newnames==oldnames)
(1,586 real changes made)
(220 real changes made)
(52 real changes made)
(220 real changes made)
(13,633 real changes made, 13,633 to missing)
area already numeric; no replace
(variable id_persona was str20, now str21 to accommodate using data's values)
(label lbl_norem already defined)
file /var/folders/v8/j2_3wzqd1rqc2l_95p5k_2l00000gn/T//St28152.000001 saved
    as .dta format
*************** 2024 *****************
  0
*****************   2025   ************************
  (all newnames==oldnames)
(1,365 real changes made)
(180 real changes made)
(33 real changes made)
(180 real changes made)
(13,871 real changes made, 13,871 to missing)
area already numeric; no replace
(variable area was byte, now double to accommodate using data's values)
(variable edad was byte, now double to accommodate using data's values)
(variable condact was byte, now double to accommodate using data's values)
(variable id_persona was str20, now str21 to accommodate using data's values)
(label lbl_norem already defined)
file /var/folders/v8/j2_3wzqd1rqc2l_95p5k_2l00000gn/T//St28152.000001 saved
    as .dta format
*************** 2025 *****************
  0

. save "$out/historico_no_remunerado.dta", replace
file
    /Users/santiago/Library/CloudStorage/GoogleDrive-observatorio.pobreza@fla
    > cso.edu.ec/Mi unidad//Bases/ENEMDU/Procesadas/analisis
    informalidad/Santiago/historico_no_remunerado.dta saved

. use "$out/historico_no_remunerado.dta", clear

. 
. * Verificación
. tab anio no_remunerado [iw = fexp], row missing

+----------------+
| Key            |
|----------------|
|   frequency    |
| row percentage |
+----------------+

           |     Trabajador no remunerado
           |           (armonizado)
      anio | Remunerad  Trabajado          . |     Total
-----------+---------------------------------+----------
      1990 |   2242082     151343    3762895 |   6156320 
           |     36.42       2.46      61.12 |    100.00 
-----------+---------------------------------+----------
      1991 |   2490157     153937    3759338 |   6403432 
           |     38.89       2.40      58.71 |    100.00 
-----------+---------------------------------+----------
      1992 |   2550312     180565    3575882 |   6306759 
           |     40.44       2.86      56.70 |    100.00 
-----------+---------------------------------+----------
      1993 |   2626254     170162    3630908 |   6427324 
           |     40.86       2.65      56.49 |    100.00 
-----------+---------------------------------+----------
      1994 |   2658707     170057    3825496 |   6654260 
           |     39.95       2.56      57.49 |    100.00 
-----------+---------------------------------+----------
      1995 |   2819088     200233    4018242 |   7037563 
           |     40.06       2.85      57.10 |    100.00 
-----------+---------------------------------+----------
      1996 |   2904965     191625    4154225 |   7250815 
           |     40.06       2.64      57.29 |    100.00 
-----------+---------------------------------+----------
      1997 |   3105785     147485    4267091 |   7520361 
           |     41.30       1.96      56.74 |    100.00 
-----------+---------------------------------+----------
      1998 | 3210059.4   212161.9  4358065.1 | 7780286.4 
           |     41.26       2.73      56.01 |    100.00 
-----------+---------------------------------+----------
      1999 | 3407815.1  184552.17  4431089.1 | 8023456.4 
           |     42.47       2.30      55.23 |    100.00 
-----------+---------------------------------+----------
      2000 | 4932387.1 623454.685  7239358.5 |  12795200 
           |     38.55       4.87      56.58 |    100.00 
-----------+---------------------------------+----------
      2001 | 5386044.2  1050265.6  6456971.3 |  12893281 
           |     41.77       8.15      50.08 |    100.00 
-----------+---------------------------------+----------
      2002 |   8137501   181219.6          0 | 8318720.6 
           |     97.82       2.18       0.00 |    100.00 
-----------+---------------------------------+----------
      2003 | 5240377.7 633870.665  7111820.6 |  12986069 
           |     40.35       4.88      54.76 |    100.00 
-----------+---------------------------------+----------
      2004 | 5531806.9  934825.94  6777351.2 |  13243984 
           |     41.77       7.06      51.17 |    100.00 
-----------+---------------------------------+----------
      2005 | 5592311.1  751884.61  6945791.3 |  13289987 
           |     42.08       5.66      52.26 |    100.00 
-----------+---------------------------------+----------
      2006 |5669303.03 1014670.18  6800014.8 |  13483988 
           |     42.04       7.53      50.43 |    100.00 
-----------+---------------------------------+----------
      2007 | 5618971.5   842387.3  7220803.9 |13682162.7 
           |     41.07       6.16      52.78 |    100.00 
-----------+---------------------------------+----------
      2008 |5677271.74 727106.196  7474325.6 |13878703.5 
           |     40.91       5.24      53.85 |    100.00 
-----------+---------------------------------+----------
      2009 | 5767953.2   792135.7  7520971.1 |  14081060 
           |     40.96       5.63      53.41 |    100.00 
-----------+---------------------------------+----------
      2010 | 5769337.9  669128.92  7841218.5 |  14279685 
           |     40.40       4.69      54.91 |    100.00 
-----------+---------------------------------+----------
      2011 |5941670.62 611062.223 7925396.45 |  14478129 
           |     41.04       4.22      54.74 |    100.00 
-----------+---------------------------------+----------
      2012 | 6030510.6  649731.99  8002313.9 |14682556.5 
           |     41.07       4.43      54.50 |    100.00 
-----------+---------------------------------+----------
      2013 | 6300660.6  619409.49  8952684.9 |  15872755 
           |     39.69       3.90      56.40 |    100.00 
-----------+---------------------------------+----------
      2014 | 6551324.1  661189.27  8936134.6 |  16148648 
           |     40.57       4.09      55.34 |    100.00 
-----------+---------------------------------+----------
      2015 | 6750698.1  760102.29  8893730.2 |  16404531 
           |     41.15       4.63      54.22 |    100.00 
-----------+---------------------------------+----------
      2016 | 6971965.8  958455.45  8784507.7 |  16714929 
           |     41.71       5.73      52.55 |    100.00 
-----------+---------------------------------+----------
      2017 | 7118621.4  1039415.9  8803889.2 |  16961926 
           |     41.97       6.13      51.90 |    100.00 
-----------+---------------------------------+----------
      2018 |7008912.11  1118922.6  9095707.3 |  17223542 
           |     40.69       6.50      52.81 |    100.00 
-----------+---------------------------------+----------
      2019 |   6988121  1332445.5  9133993.5 |  17454560 
           |     40.04       7.63      52.33 |    100.00 
-----------+---------------------------------+----------
      2020 | 6781479.5  1381675.8  9532389.7 |  17695545 
           |     38.32       7.81      53.87 |    100.00 
-----------+---------------------------------+----------
      2021 | 7396379.8  1508736.7  9032698.5 |  17937815 
           |     41.23       8.41      50.36 |    100.00 
-----------+---------------------------------+----------
      2022 | 7232340.3  1303699.5  9647443.1 |  18183483 
           |     39.77       7.17      53.06 |    100.00 
-----------+---------------------------------+----------
      2023 | 7426073.4  1490397.1  9557582.6 |  18474053 
           |     40.20       8.07      51.74 |    100.00 
-----------+---------------------------------+----------
      2024 | 7296801.7  1650283.3  9780152.1 |  18727237 
           |     38.96       8.81      52.22 |    100.00 
-----------+---------------------------------+----------
      2025 | 7551807.3 1178371.31   10253525 |  18983704 
           |     39.78       6.21      54.01 |    100.00 
-----------+---------------------------------+----------
     Total | 1.947e+08 26246968.9  2.475e+08 | 4.684e+08 
           |     41.56       5.60      52.84 |    100.00 

. tab anio no_remunerado [iw = fexp], nofreq row

           |     Trabajador no
           |      remunerado
           |     (armonizado)
      anio | Remunerad  Trabajado |     Total
-----------+----------------------+----------
      1990 |     93.68       6.32 |    100.00 
      1991 |     94.18       5.82 |    100.00 
      1992 |     93.39       6.61 |    100.00 
      1993 |     93.91       6.09 |    100.00 
      1994 |     93.99       6.01 |    100.00 
      1995 |     93.37       6.63 |    100.00 
      1996 |     93.81       6.19 |    100.00 
      1997 |     95.47       4.53 |    100.00 
      1998 |     93.80       6.20 |    100.00 
      1999 |     94.86       5.14 |    100.00 
      2000 |     88.78      11.22 |    100.00 
      2001 |     83.68      16.32 |    100.00 
      2002 |     97.82       2.18 |    100.00 
      2003 |     89.21      10.79 |    100.00 
      2004 |     85.54      14.46 |    100.00 
      2005 |     88.15      11.85 |    100.00 
      2006 |     84.82      15.18 |    100.00 
      2007 |     86.96      13.04 |    100.00 
      2008 |     88.65      11.35 |    100.00 
      2009 |     87.92      12.08 |    100.00 
      2010 |     89.61      10.39 |    100.00 
      2011 |     90.67       9.33 |    100.00 
      2012 |     90.27       9.73 |    100.00 
      2013 |     91.05       8.95 |    100.00 
      2014 |     90.83       9.17 |    100.00 
      2015 |     89.88      10.12 |    100.00 
      2016 |     87.91      12.09 |    100.00 
      2017 |     87.26      12.74 |    100.00 
      2018 |     86.23      13.77 |    100.00 
      2019 |     83.99      16.01 |    100.00 
      2020 |     83.07      16.93 |    100.00 
      2021 |     83.06      16.94 |    100.00 
      2022 |     84.73      15.27 |    100.00 
      2023 |     83.28      16.72 |    100.00 
      2024 |     81.56      18.44 |    100.00 
      2025 |     86.50      13.50 |    100.00 
-----------+----------------------+----------
     Total |     88.12      11.88 |    100.00 

. 
. 
. /*
> 
> s
> 
> 
> preserve
>     collapse (mean) $important_variable if anio != 2002, by(anio area)
>     list
>     format $important_variable %9.2f
>     keep if area == 1
>     rename $important_variable ${important_variable}_urb
>     tempfile urb
>     save `urb'
> restore
> preserve
>     collapse (mean) $important_variable  if anio != 2002, by(anio)
>     format $important_variable %9.2f
>     rename $important_variable ${important_variable}_nac
>     merge 1:1 anio using `urb', nogen
>     list
> twoway (line ${important_variable}_nac anio)  ///
>            (line ${important_variable}_urb anio if anio >= 2000), ///
>            legend(order(1 "Nacional" 2 "Urbano"))  ///
>            yscale(range(0 1)) ylabel(#5, format(%9.2f))
> restore
> 
> 
> graph export "$out_plot/historico_empleado_domestico.pdf", replace
> */
. 
end of do-file

OK  familiar_no_remunerado.do  (   7.0 segundos)


------------------------------------------------------------------------------
>>> [armonizacion] iess_issfa_isspol.do   (21:48:04)
------------------------------------------------------------------------------

. *============================================================================
> ==*
. * HARMONIZACIÓN: AFILIACIÓN AL IESS (1990-2024)                              
>   *
. * affiliated = 1 si la persona está afiliada a algun seguro, 0 en otro caso  
>   *
. *============================================================================
> ==*
. 
. 
. * Definición de rutas globales para facilitar la portabilidad del código
. global user_root "/Users/santiago/Library/CloudStorage/GoogleDrive-observator
> io.pobreza@flacso.edu.ec/Mi unidad/"

. global bases "$user_root/Bases"

. global raw "$bases/ENEMDU/Procesadas/Armonizacion/Variables base/Mensuales"

. global salarios "$bases/Salarios"

. global out "$bases/ENEMDU/Procesadas/analisis informalidad/Santiago"

. global gh "/Users/vero/Documents/Observatorio GH/Observatorio-Desigualdad-Pob
> reza/"

. global out_plot "$user_root/Boletín 3/2. Armonización de variables/Gráfico
> s de control"

. 
. global important_variable affiliated

. 
. use "$raw/empleo1990.dta" in 1, clear 

. destring area, replace
area: all characters numeric; replaced as byte

. drop in 1
(1 observation deleted)

. 
. tempfile iess_acumulado

. save `iess_acumulado', replace
(dataset contains 0 observations)
(file /var/folders/v8/j2_3wzqd1rqc2l_95p5k_2l00000gn/T//St28152.000001 not
    found)
file /var/folders/v8/j2_3wzqd1rqc2l_95p5k_2l00000gn/T//St28152.000001 saved
    as .dta format

. 
. foreach y of numlist 1990(1)2025 {
  2. 
.     di "*****************   `y'   ************************"
  3. 
.     use "$raw/empleo`y'.dta", clear 
  4.     
.     rename *, lower
  5.  
.     *gen anio = `y'
.     
.     gen affiliated = 0
  6.     
.     *------------------------------------------------------------------------
> --*
.     * PERÍODO 1990-2000: variable 'iess' binaria (1=sí, 2=no)
.     *------------------------------------------------------------------------
> --*
.     if (inrange(`y', 1990, 2000)) {
  7.             replace affiliated = 1 if iess == 1
  8.             replace affiliated = . if missing(iess) | !inrange(condact, 0,
>  4)
  9.     }
 10.     
.     *------------------------------------------------------------------------
> --*
.     * PERÍODO 2001-2006: dos alternativas de seguro
.     * 2001-2002: iess y pe05; 2003-2006: iess y pe05b
.     * 2001-2005: general = 2, campesino = 3, ISSFA/ISSPOL = 4
.     * 2006: general = 2, voluntario = 3, campesino = 4, ISSFA/ISSPOL = 5
.     *------------------------------------------------------------------------
> --*
.     if (inrange(`y', 2001, 2006)) {
 11.         if `y' <= 2002 local segundo_seguro pe05
 12.         else           local segundo_seguro pe05b
 13. 
.         if `y' == 2006 {
 14.             replace affiliated = 1 if inlist(iess, 2, 3, 4, 5) ///
>                 | inlist(`segundo_seguro', 2, 3, 4, 5)
 15.         }
 16.         else {
 17.             replace affiliated = 1 if inlist(iess, 2, 3, 4) ///
>                 | inlist(`segundo_seguro', 2, 3, 4)
 18.         }
 19. 
.         replace affiliated = . if (missing(iess) & missing(`segundo_seguro'))
>  ///
>             | !inrange(condact, 0, 4)
 20.     }
 21. 
.     *------------------------------------------------------------------------
> --*
.     * PERÍODO 2007-2025: variables p05a y p05b
.     * IESS general = 1, IESS voluntario = 2, IESS campesino = 3, ISSFA/ISSPOL
>  = 4
.     *------------------------------------------------------------------------
> --*
.     if (inrange(`y', 2007, 2025)) {
 22.                 
.                 cap confirm variable condactn 
 23.                 if !_rc local condact_var condactn
 24.                 else    local condact_var condact
 25.                 
.                 replace affiliated = 1 if inrange(p05a, 1, 4)
 26.                 replace affiliated = 1 if inrange(p05b, 1, 4)
 27.                 replace affiliated = . if (missing(p05a) & missing(p05b)) 
> ///
>                                                                   | inlist(`c
> ondact_var', 0, 7, 8, 9)           
 28.     }
 29.     
.     label define lbl_iess 1 "Tiene seguro" 0 "No tiene seguro", replace
 30.     label values affiliated lbl_iess
 31.     label variable affiliated "Tenencia de seguro (armonizado)"
 32.     
.     * do "$gh/Generales/id_persona_loop.do"
.     
.         capture confirm variable area 
 33.         if  !_rc {
 34.                       local area_var area
 35.                           destring area, replace 
 36.                           
.         }
 37.         else      local area_var 
 38.         
.     keep id_persona $important_variable anio `area_var' fexp
 39.         
.         append using `iess_acumulado'
 40.         
.     keep id_persona $important_variable anio `area_var' fexp
 41.         
.     save `iess_acumulado', replace
 42.     
.     di "*************** `y' *****************"
 43.     
.     count if id_persona == ""
 44.     local n = r(N)
 45.     
.     if (`n' != 0) asd
 46. 
. }
*****************   1990   ************************
  (all newnames==oldnames)
(5,535 real changes made)
(23,176 real changes made, 23,176 to missing)
area: all characters numeric; replaced as byte
(label peamsiu already defined)
(label condact already defined)
(label LABD already defined)
(label otrosi already defined)
(label jubil already defined)
(label rentas already defined)
(label formapag already defined)
(label pertrabn already defined)
(label catetrab already defined)
(label tiemnot already defined)
(label condina already defined)
(label motnobus already defined)
(label tiembus already defined)
(label LABC already defined)
(label trabn already defined)
(label ratmeh already defined)
(label pornot already defined)
(label hortrasa already defined)
(label actayuda already defined)
(label cuanvic already defined)
(label LABB already defined)
(label nivinst already defined)
(label sexo already defined)
(label edad already defined)
(label reljefe already defined)
(label resumen already defined)
file /var/folders/v8/j2_3wzqd1rqc2l_95p5k_2l00000gn/T//St28152.000001 saved
    as .dta format
*************** 1990 *****************
  0
*****************   1991   ************************
  (all newnames==oldnames)
(5,988 real changes made)
(23,420 real changes made, 23,420 to missing)
(variable id_persona was str18, now str19 to accommodate using data's values)
(label lbl_iess already defined)
file /var/folders/v8/j2_3wzqd1rqc2l_95p5k_2l00000gn/T//St28152.000001 saved
    as .dta format
*************** 1991 *****************
  0
*****************   1992   ************************
  (all newnames==oldnames)
(6,424 real changes made)
(22,224 real changes made, 22,224 to missing)
(variable id_persona was str18, now str19 to accommodate using data's values)
(label lbl_iess already defined)
file /var/folders/v8/j2_3wzqd1rqc2l_95p5k_2l00000gn/T//St28152.000001 saved
    as .dta format
*************** 1992 *****************
  0
*****************   1993   ************************
  (all newnames==oldnames)
(6,413 real changes made)
(22,274 real changes made, 22,274 to missing)
(variable id_persona was str18, now str19 to accommodate using data's values)
(label lbl_iess already defined)
file /var/folders/v8/j2_3wzqd1rqc2l_95p5k_2l00000gn/T//St28152.000001 saved
    as .dta format
*************** 1993 *****************
  0
*****************   1994   ************************
  (all newnames==oldnames)
(6,209 real changes made)
(22,300 real changes made, 22,300 to missing)
(variable id_persona was str18, now str19 to accommodate using data's values)
(label lbl_iess already defined)
file /var/folders/v8/j2_3wzqd1rqc2l_95p5k_2l00000gn/T//St28152.000001 saved
    as .dta format
*************** 1994 *****************
  0
*****************   1995   ************************
  (all newnames==oldnames)
(5,902 real changes made)
(21,700 real changes made, 21,700 to missing)
(variable id_persona was str18, now str19 to accommodate using data's values)
(label lbl_iess already defined)
file /var/folders/v8/j2_3wzqd1rqc2l_95p5k_2l00000gn/T//St28152.000001 saved
    as .dta format
*************** 1995 *****************
  0
*****************   1996   ************************
  (all newnames==oldnames)
(6,497 real changes made)
(22,471 real changes made, 22,471 to missing)
(variable id_persona was str18, now str19 to accommodate using data's values)
(label lbl_iess already defined)
file /var/folders/v8/j2_3wzqd1rqc2l_95p5k_2l00000gn/T//St28152.000001 saved
    as .dta format
*************** 1996 *****************
  0
*****************   1997   ************************
  (all newnames==oldnames)
(6,510 real changes made)
(21,770 real changes made, 21,770 to missing)
(variable id_persona was str18, now str19 to accommodate using data's values)
(label lbl_iess already defined)
file /var/folders/v8/j2_3wzqd1rqc2l_95p5k_2l00000gn/T//St28152.000001 saved
    as .dta format
*************** 1997 *****************
  0
*****************   1998   ************************
  (all newnames==oldnames)
(6,228 real changes made)
(24,017 real changes made, 24,017 to missing)
(label lbl_iess already defined)
file /var/folders/v8/j2_3wzqd1rqc2l_95p5k_2l00000gn/T//St28152.000001 saved
    as .dta format
*************** 1998 *****************
  0
*****************   1999   ************************
  (all newnames==oldnames)
(6,562 real changes made)
(23,830 real changes made, 23,830 to missing)
(variable id_persona was str18, now str19 to accommodate using data's values)
(label lbl_iess already defined)
file /var/folders/v8/j2_3wzqd1rqc2l_95p5k_2l00000gn/T//St28152.000001 saved
    as .dta format
*************** 1999 *****************
  0
*****************   2000   ************************
  (all newnames==oldnames)
(7,932 real changes made)
(36,439 real changes made, 36,439 to missing)
area already numeric; no replace
(variable id_persona was str18, now str19 to accommodate using data's values)
(label lbl_iess already defined)
file /var/folders/v8/j2_3wzqd1rqc2l_95p5k_2l00000gn/T//St28152.000001 saved
    as .dta format
*************** 2000 *****************
  0
*****************   2001   ************************
  (all newnames==oldnames)
(9,402 real changes made)
(31,256 real changes made, 31,256 to missing)
area already numeric; no replace
(variable id_persona was str18, now str19 to accommodate using data's values)
(label lbl_iess already defined)
file /var/folders/v8/j2_3wzqd1rqc2l_95p5k_2l00000gn/T//St28152.000001 saved
    as .dta format
*************** 2001 *****************
  0
*****************   2002   ************************
  (all newnames==oldnames)
(3,706 real changes made)
(14,494 real changes made, 14,494 to missing)
area already numeric; no replace
(variable id_persona was str18, now str19 to accommodate using data's values)
(label lbl_iess already defined)
file /var/folders/v8/j2_3wzqd1rqc2l_95p5k_2l00000gn/T//St28152.000001 saved
    as .dta format
*************** 2002 *****************
  0
*****************   2003   ************************
  (all newnames==oldnames)
(11,973 real changes made)
(46,476 real changes made, 46,476 to missing)
area already numeric; no replace
(label lbl_iess already defined)
file /var/folders/v8/j2_3wzqd1rqc2l_95p5k_2l00000gn/T//St28152.000001 saved
    as .dta format
*************** 2003 *****************
  0
*****************   2004   ************************
  (all newnames==oldnames)
(12,637 real changes made)
(43,457 real changes made, 43,457 to missing)
area already numeric; no replace
(variable id_persona was str20, now str21 to accommodate using data's values)
(label lbl_iess already defined)
file /var/folders/v8/j2_3wzqd1rqc2l_95p5k_2l00000gn/T//St28152.000001 saved
    as .dta format
*************** 2004 *****************
  0
*****************   2005   ************************
  (all newnames==oldnames)
(11,238 real changes made)
(41,636 real changes made, 41,636 to missing)
area already numeric; no replace
(variable id_persona was str20, now str21 to accommodate using data's values)
(label lbl_iess already defined)
file /var/folders/v8/j2_3wzqd1rqc2l_95p5k_2l00000gn/T//St28152.000001 saved
    as .dta format
*************** 2005 *****************
  0
*****************   2006   ************************
  (all newnames==oldnames)
(12,151 real changes made)
(39,795 real changes made, 39,795 to missing)
area already numeric; no replace
(variable id_persona was str20, now str21 to accommodate using data's values)
(label lbl_iess already defined)
file /var/folders/v8/j2_3wzqd1rqc2l_95p5k_2l00000gn/T//St28152.000001 saved
    as .dta format
*************** 2006 *****************
  0
*****************   2007   ************************
  (all newnames==oldnames)
(12,545 real changes made)
(14 real changes made)
(42,942 real changes made, 42,942 to missing)
area already numeric; no replace
(variable id_persona was str20, now str21 to accommodate using data's values)
(label lbl_iess already defined)
file /var/folders/v8/j2_3wzqd1rqc2l_95p5k_2l00000gn/T//St28152.000001 saved
    as .dta format
*************** 2007 *****************
  0
*****************   2008   ************************
  (all newnames==oldnames)
(13,698 real changes made)
(7 real changes made)
(45,016 real changes made, 45,016 to missing)
area already numeric; no replace
(variable id_persona was str20, now str21 to accommodate using data's values)
(label lbl_iess already defined)
(label area already defined)
file /var/folders/v8/j2_3wzqd1rqc2l_95p5k_2l00000gn/T//St28152.000001 saved
    as .dta format
*************** 2008 *****************
  0
*****************   2009   ************************
  (all newnames==oldnames)
(14,597 real changes made)
(5 real changes made)
(44,880 real changes made, 44,880 to missing)
area already numeric; no replace
(variable id_persona was str20, now str21 to accommodate using data's values)
(label lbl_iess already defined)
(label area already defined)
file /var/folders/v8/j2_3wzqd1rqc2l_95p5k_2l00000gn/T//St28152.000001 saved
    as .dta format
*************** 2009 *****************
  0
*****************   2010   ************************
  (all newnames==oldnames)
(16,301 real changes made)
(2 real changes made)
(47,542 real changes made, 47,542 to missing)
area already numeric; no replace
(variable id_persona was str20, now str21 to accommodate using data's values)
(label lbl_iess already defined)
(label area already defined)
file /var/folders/v8/j2_3wzqd1rqc2l_95p5k_2l00000gn/T//St28152.000001 saved
    as .dta format
*************** 2010 *****************
  0
*****************   2011   ************************
  (all newnames==oldnames)
(17,073 real changes made)
(1 real change made)
(39,764 real changes made, 39,764 to missing)
area already numeric; no replace
(variable id_persona was str20, now str21 to accommodate using data's values)
(label lbl_iess already defined)
(label area already defined)
file /var/folders/v8/j2_3wzqd1rqc2l_95p5k_2l00000gn/T//St28152.000001 saved
    as .dta format
*************** 2011 *****************
  0
*****************   2012   ************************
  (all newnames==oldnames)
(22,703 real changes made)
(4 real changes made)
(41,893 real changes made, 41,893 to missing)
area already numeric; no replace
(variable id_persona was str20, now str21 to accommodate using data's values)
(label lbl_iess already defined)
(label area already defined)
file /var/folders/v8/j2_3wzqd1rqc2l_95p5k_2l00000gn/T//St28152.000001 saved
    as .dta format
*************** 2012 *****************
  0
*****************   2013   ************************
  (all newnames==oldnames)
(27,957 real changes made)
(4 real changes made)
(47,400 real changes made, 47,400 to missing)
area already numeric; no replace
(variable id_persona was str20, now str21 to accommodate using data's values)
(label lbl_iess already defined)
(label area already defined)
file /var/folders/v8/j2_3wzqd1rqc2l_95p5k_2l00000gn/T//St28152.000001 saved
    as .dta format
*************** 2013 *****************
  0
*****************   2014   ************************
  (all newnames==oldnames)
(44,262 real changes made)
(7 real changes made)
(65,249 real changes made, 65,249 to missing)
area already numeric; no replace
(variable area was byte, now double to accommodate using data's values)
(variable id_persona was str20, now str21 to accommodate using data's values)
(label lbl_iess already defined)
file /var/folders/v8/j2_3wzqd1rqc2l_95p5k_2l00000gn/T//St28152.000001 saved
    as .dta format
*************** 2014 *****************
  0
*****************   2015   ************************
  (all newnames==oldnames)
(42,954 real changes made)
(2 real changes made)
(63,003 real changes made, 63,003 to missing)
area already numeric; no replace
(variable area was byte, now double to accommodate using data's values)
(variable id_persona was str20, now str21 to accommodate using data's values)
(label lbl_iess already defined)
file /var/folders/v8/j2_3wzqd1rqc2l_95p5k_2l00000gn/T//St28152.000001 saved
    as .dta format
*************** 2015 *****************
  0
*****************   2016   ************************
  (all newnames==oldnames)
(42,521 real changes made)
(1 real change made)
(61,627 real changes made, 61,627 to missing)
area already numeric; no replace
(variable area was byte, now double to accommodate using data's values)
(variable id_persona was str20, now str21 to accommodate using data's values)
(label lbl_iess already defined)
file /var/folders/v8/j2_3wzqd1rqc2l_95p5k_2l00000gn/T//St28152.000001 saved
    as .dta format
*************** 2016 *****************
  0
*****************   2017   ************************
  (all newnames==oldnames)
(41,182 real changes made)
(3 real changes made)
(58,504 real changes made, 58,504 to missing)
area already numeric; no replace
(variable area was byte, now double to accommodate using data's values)
(variable id_persona was str20, now str21 to accommodate using data's values)
(label lbl_iess already defined)
(label labels0 already defined)
file /var/folders/v8/j2_3wzqd1rqc2l_95p5k_2l00000gn/T//St28152.000001 saved
    as .dta format
*************** 2017 *****************
  0
*****************   2018   ************************
  (all newnames==oldnames)
(23,336 real changes made)
(0 real changes made)
(31,153 real changes made, 31,153 to missing)
area already numeric; no replace
(variable area was byte, now double to accommodate using data's values)
(variable id_persona was str20, now str21 to accommodate using data's values)
(label lbl_iess already defined)
(label labels0 already defined)
file /var/folders/v8/j2_3wzqd1rqc2l_95p5k_2l00000gn/T//St28152.000001 saved
    as .dta format
*************** 2018 *****************
  0
*****************   2019   ************************
  (all newnames==oldnames)
(22,990 real changes made)
(0 real changes made)
(30,795 real changes made, 30,795 to missing)
area already numeric; no replace
(variable area was byte, now double to accommodate using data's values)
(variable id_persona was str20, now str21 to accommodate using data's values)
(label lbl_iess already defined)
(label labels0 already defined)
file /var/folders/v8/j2_3wzqd1rqc2l_95p5k_2l00000gn/T//St28152.000001 saved
    as .dta format
*************** 2019 *****************
  0
*****************   2020   ************************
  (all newnames==oldnames)
(10,971 real changes made)
(0 real changes made)
(16,238 real changes made, 16,238 to missing)
area already numeric; no replace
(variable area was byte, now double to accommodate using data's values)
(variable id_persona was str20, now str21 to accommodate using data's values)
(label lbl_iess already defined)
(label labels0 already defined)
file /var/folders/v8/j2_3wzqd1rqc2l_95p5k_2l00000gn/T//St28152.000001 saved
    as .dta format
*************** 2020 *****************
  0
*****************   2021   ************************
  (all newnames==oldnames)
(11,013 real changes made)
(1 real change made)
(15,202 real changes made, 15,202 to missing)
area already numeric; no replace
(variable area was byte, now double to accommodate using data's values)
(variable id_persona was str20, now str21 to accommodate using data's values)
(label lbl_iess already defined)
(label labels0 already defined)
file /var/folders/v8/j2_3wzqd1rqc2l_95p5k_2l00000gn/T//St28152.000001 saved
    as .dta format
*************** 2021 *****************
  0
*****************   2022   ************************
  (all newnames==oldnames)
(10,826 real changes made)
(0 real changes made)
(14,976 real changes made, 14,976 to missing)
area already numeric; no replace
(variable area was byte, now double to accommodate using data's values)
(variable id_persona was str20, now str21 to accommodate using data's values)
(label lbl_iess already defined)
(label labels0 already defined)
file /var/folders/v8/j2_3wzqd1rqc2l_95p5k_2l00000gn/T//St28152.000001 saved
    as .dta format
*************** 2022 *****************
  0
*****************   2023   ************************
  (all newnames==oldnames)
(10,384 real changes made)
(0 real changes made)
(14,633 real changes made, 14,633 to missing)
area already numeric; no replace
(variable area was byte, now double to accommodate using data's values)
(variable id_persona was str20, now str21 to accommodate using data's values)
(label lbl_iess already defined)
(label labels0 already defined)
file /var/folders/v8/j2_3wzqd1rqc2l_95p5k_2l00000gn/T//St28152.000001 saved
    as .dta format
*************** 2023 *****************
  0
*****************   2024   ************************
  (all newnames==oldnames)
(10,373 real changes made)
(0 real changes made)
(14,183 real changes made, 14,183 to missing)
area already numeric; no replace
(variable id_persona was str20, now str21 to accommodate using data's values)
(label lbl_iess already defined)
file /var/folders/v8/j2_3wzqd1rqc2l_95p5k_2l00000gn/T//St28152.000001 saved
    as .dta format
*************** 2024 *****************
  0
*****************   2025   ************************
  (all newnames==oldnames)
(10,218 real changes made)
(0 real changes made)
(14,334 real changes made, 14,334 to missing)
area already numeric; no replace
(variable area was byte, now double to accommodate using data's values)
(variable id_persona was str20, now str21 to accommodate using data's values)
(label lbl_iess already defined)
file /var/folders/v8/j2_3wzqd1rqc2l_95p5k_2l00000gn/T//St28152.000001 saved
    as .dta format
*************** 2025 *****************
  0

. 
. save "$out/historico_iess_issfa_isspol.dta", replace
file
    /Users/santiago/Library/CloudStorage/GoogleDrive-observatorio.pobreza@fla
    > cso.edu.ec/Mi unidad//Bases/ENEMDU/Procesadas/analisis
    informalidad/Santiago/historico_iess_issfa_isspol.dta saved

. 
. use "$out/historico_iess_issfa_isspol.dta", clear

. 
. * Verificación
. tab anio affiliated [iw = fexp], nofreq row missing

           | Tenencia de seguro (armonizado)
      anio | No tiene   Tiene seg          . |     Total
-----------+---------------------------------+----------
      1990 |     23.90      13.79      62.31 |    100.00 
      1991 |     25.64      14.38      59.98 |    100.00 
      1992 |     26.02      15.00      58.98 |    100.00 
      1993 |     26.69      14.55      58.76 |    100.00 
      1994 |     26.06      14.48      59.46 |    100.00 
      1995 |     26.77      14.32      58.91 |    100.00 
      1996 |     24.64      15.21      60.16 |    100.00 
      1997 |     25.75      14.97      59.28 |    100.00 
      1998 |     27.27      13.23      59.50 |    100.00 
      1999 |     27.38      12.83      59.79 |    100.00 
      2000 |     31.23      10.05      58.72 |    100.00 
      2001 |     35.96      11.54      52.49 |    100.00 
      2002 |     29.64      11.94      58.41 |    100.00 
      2003 |     31.95      10.80      57.25 |    100.00 
      2004 |     35.02      11.63      53.35 |    100.00 
      2005 |     34.47      11.39      54.14 |    100.00 
      2006 |     35.61      12.03      52.36 |    100.00 
      2007 |     32.05      11.95      56.01 |    100.00 
      2008 |     30.82      12.45      56.73 |    100.00 
      2009 |     29.84      13.66      56.50 |    100.00 
      2010 |     27.89      14.92      57.19 |    100.00 
      2011 |     26.37      17.18      56.45 |    100.00 
      2012 |     25.05      18.71      56.24 |    100.00 
      2013 |     23.38      18.60      58.01 |    100.00 
      2014 |     23.28      19.58      57.14 |    100.00 
      2015 |     23.58      19.95      56.47 |    100.00 
      2016 |     25.07      19.58      55.35 |    100.00 
      2017 |     26.26      19.21      54.53 |    100.00 
      2018 |     26.28      18.60      55.11 |    100.00 
      2019 |     26.98      17.64      55.38 |    100.00 
      2020 |     28.31      15.15      56.55 |    100.00 
      2021 |     30.07      15.90      54.03 |    100.00 
      2022 |     29.32      15.17      55.50 |    100.00 
      2023 |     29.94      15.11      54.95 |    100.00 
      2024 |     30.36      14.17      55.47 |    100.00 
      2025 |     29.18      14.82      56.01 |    100.00 
-----------+---------------------------------+----------
     Total |     28.49      15.19      56.32 |    100.00 

. tab anio affiliated [iw = fexp], nofreq row

           |  Tenencia de seguro
           |     (armonizado)
      anio | No tiene   Tiene seg |     Total
-----------+----------------------+----------
      1990 |     63.42      36.58 |    100.00 
      1991 |     64.07      35.93 |    100.00 
      1992 |     63.43      36.57 |    100.00 
      1993 |     64.72      35.28 |    100.00 
      1994 |     64.28      35.72 |    100.00 
      1995 |     65.14      34.86 |    100.00 
      1996 |     61.83      38.17 |    100.00 
      1997 |     63.24      36.76 |    100.00 
      1998 |     67.34      32.66 |    100.00 
      1999 |     68.10      31.90 |    100.00 
      2000 |     75.66      24.34 |    100.00 
      2001 |     75.70      24.30 |    100.00 
      2002 |     71.28      28.72 |    100.00 
      2003 |     74.74      25.26 |    100.00 
      2004 |     75.07      24.93 |    100.00 
      2005 |     75.16      24.84 |    100.00 
      2006 |     74.74      25.26 |    100.00 
      2007 |     72.84      27.16 |    100.00 
      2008 |     71.22      28.78 |    100.00 
      2009 |     68.60      31.40 |    100.00 
      2010 |     65.15      34.85 |    100.00 
      2011 |     60.56      39.44 |    100.00 
      2012 |     57.24      42.76 |    100.00 
      2013 |     55.69      44.31 |    100.00 
      2014 |     54.32      45.68 |    100.00 
      2015 |     54.16      45.84 |    100.00 
      2016 |     56.15      43.85 |    100.00 
      2017 |     57.76      42.24 |    100.00 
      2018 |     58.56      41.44 |    100.00 
      2019 |     60.47      39.53 |    100.00 
      2020 |     65.14      34.86 |    100.00 
      2021 |     65.41      34.59 |    100.00 
      2022 |     65.90      34.10 |    100.00 
      2023 |     66.45      33.55 |    100.00 
      2024 |     68.18      31.82 |    100.00 
      2025 |     66.32      33.68 |    100.00 
-----------+----------------------+----------
     Total |     65.22      34.78 |    100.00 

. 
. /*
> 
> 
> preserve
>     collapse (mean) $important_variable, by(anio area)
>     list
>     format $important_variable %9.2f
>     keep if area == 1
>     rename $important_variable ${important_variable}_urb
>     tempfile urb
>     save `urb'
> restore
> 
> preserve
>     collapse (mean) $important_variable, by(anio)
>     format $important_variable %9.2f
>     rename $important_variable ${important_variable}_nac
>     merge 1:1 anio using `urb', nogen
>     list
> twoway (line ${important_variable}_nac anio)  ///
>            (line ${important_variable}_urb anio if anio >= 2000), ///
>            legend(order(1 "Nacional" 2 "Urbano"))  ///
>            yscale(range(0 1)) ylabel(#5, format(%9.2f))
> restore
> 
> graph export "$out_plot/historico_{$important_variable}_issfa_isspol.pdf", re
> place
> 
> 
> */
. 
end of do-file

OK  iess_issfa_isspol.do  (   5.0 segundos)


------------------------------------------------------------------------------
>>> [armonizacion] adec.do   (21:48:09)
------------------------------------------------------------------------------

. *============================================================================
> ==*
. * SIMULACIÓN: ¿QUÉ HUBIESE PASADO CON EL EMPLEO ADECUADO SI EL CRITERIO      
>    *
. * DE INGRESO HUBIERA SIDO EL SBU DE 2025 DEFLACTADO POR IPC?                 
>    *
. *                                                                            
>     *
. * Lógica:                                                                    
>     *
. * 1) Construir IPC promedio anual a partir de la serie histórica mensual del 
>    *
. *    INEC (hoja "1. ÍNDICE", base empalmada 2014=100).                       
>    *
. * 2) Calcular factor de deflactación: f_t = IPC_t / IPC_2025                 
>    *
. * 2b) Llevar el umbral simulado a la moneda de cada año (sucres hasta 1999) c
> on *
. *    el factor fijo de la dolarización, 25.000 S/$. Los ingresos NO se       
>    *
. *    convierten: quedan como los levantó la encuesta. El IPC es un índice y n
> o  *
. *    cambia la unidad monetaria, así que el cruce de moneda necesita ese fact
> or *
. *    y tiene que ser uno solo para toda la serie.                            
>    *
. * 3) Salario mínimo simulado en cada año: smin_sim_t = SBU_2025 * f_t        
>    *
. * 4) Reconstruir el indicador de empleo adecuado replicando exactamente la   
>    *
. *    lógica original, pero sustituyendo el umbral salarial vigente por el    
>    *
. *    SBU 2025 deflactado a precios del año t.                                
>    *
. * 5) Comparar serie histórica oficial (adec) vs. serie simulada (adec_sim).  
>    *
. *                                                                            
>     *
. * Dos quiebres de cuestionario que no coinciden con los cortes obvios:       
>    *
. * - hormas (deseo de trabajar más horas) recién es un sí/no desde 2001; en   
>    *
. *   1990-2000 es el motivo (códigos 4-8), así que 2000 se arma como año noven
> ta.*
. *   En 1991-1992 el motivo está en ratmeh1, y en 1992 hormas es el sí/no.    
>    *
. * - los códigos de motnobus se reordenan en 1999: el bloque de desaliento pas
> a  *
. *   de 5-8 a 1-4. Las etiquetas del .dta de 1999-2000 conservan el orden viej
> o. *
. *============================================================================
> ==*
. 
. clear all

. set more off

. 
. *----------------------------------------------------------------------------
> --*
. * 0. RUTAS
. *----------------------------------------------------------------------------
> --*
. global user_root_drive "/Users/santiago/Library/CloudStorage/GoogleDrive-obse
> rvatorio.pobreza@flacso.edu.ec/Mi unidad"

. global bases     "$user_root_drive/Bases"

. global raw       "$bases/ENEMDU/Procesadas/Armonizacion/Variables base/Mensua
> les"

. global salarios  "$bases/Salarios"

. global ipc       "$bases/IPC"

. global out       "$bases/ENEMDU/Procesadas/analisis informalidad/Santiago"

. global out_plot  "$out"

. global excel     "$out/serie_adec_pea_1991_2025.xlsx"

. 
. * SBU vigente en 2025 (USD). Ajustar si corresponde.
. scalar sbu_2025 = 470

. 
. * Equivalencia sucre/dólar de la dolarización: el 13 de marzo de 2000 todos l
> os
. * precios, sueldos y contratos en sucres se convirtieron a 25.000 por dólar. 
> Es
. * el ÚNICO factor con que se cruza la frontera de moneda en este script, y va
. * sobre el umbral simulado, no sobre los ingresos (ver sección 1c).
. scalar tc_dolarizacion = 25000

. 
. 
. *============================================================================
> ==*
. * 1. CONSTRUIR DEFLACTOR ANUAL (BASE 2025)                                   
>    
. *============================================================================
> ==*
. 
. * La hoja "1. ÍNDICE" del INEC viene en formato wide:
. *   col A = año, cols B..M = Enero..Diciembre
. * Encabezados ocupan filas 1-4 ("ÍNDICE GENERAL NACIONAL", "MESES", etc.).
. * Los datos comienzan en la fila 6 (1969) y llegan hasta 2025 (incompleto).
. 
. * Datos: filas 6..62 = años 1969..2025 (todos los meses completos).
. * La fila 63 corresponde a 2026 (parcial) y se excluye del rango.
. * El nombre de la hoja NO se escribe literal. En este .xls la "Í" viene como 
> un
. * solo byte (0xCD) y Stata lo convierte a UTF-8 usando el locale del proceso.
. * Desde el GUI (locale en_US.UTF-8) sale bien; arrancado desde un shell sin L
> ANG
. * -o con un locale que el sistema no tiene, como es_EC- convierte de más y la
. * hoja pasa a llamarse "1. ÃNDICE", con lo que sheet("1. ÍNDICE") falla con
. * "worksheet not found" (r(601)). Se toma el nombre tal como Stata lo lee, qu
> e
. * funciona en los dos casos.
. import excel "$ipc/SERIE HISTORICA IPC_03_2026.xls", describe

                    Sheet | Range
  ------------------------+------------------------
                CONTENIDO | A3:J55
               1. ÍNDICE | A1:P74
    2. VARIACIÓN MENSUAL | A3:Q68
      3. VARIACIÓN ANUAL | A3:Q70
  4. VARIACIÓN ACUMULADA | A3:Q68

. 
. local hoja ""

. forvalues s = 1/`r(N_worksheet)' {
  2.     if strpos("`r(worksheet_`s')'", "NDICE") local hoja "`r(worksheet_`s')
> '"
  3. }

. if "`hoja'" == "" {
.     di as error "No hay una hoja de índice en SERIE HISTORICA IPC_03_2026.xls
> ."
.     exit 601
. }

. 
. import excel "$ipc/SERIE HISTORICA IPC_03_2026.xls", ///
>     sheet("`hoja'") cellrange(A6:M62) clear
(13 vars, 57 obs)

. 
. rename A     anio

. rename B     m01

. rename C     m02

. rename D     m03

. rename E     m04

. rename F     m05

. rename G     m06

. rename H     m07

. rename I     m08

. rename J     m09

. rename K     m10

. rename L     m11

. rename M     m12

. 
. destring anio m01-m12, replace force
anio already numeric; no replace
m01 already numeric; no replace
m02 already numeric; no replace
m03 already numeric; no replace
m04 already numeric; no replace
m05 already numeric; no replace
m06 already numeric; no replace
m07 already numeric; no replace
m08 already numeric; no replace
m09 already numeric; no replace
m10 already numeric; no replace
m11 already numeric; no replace
m12 already numeric; no replace

. drop if missing(anio)
(0 observations deleted)

. 
. * Promedio del último trimestre (octubre, noviembre, diciembre)
. egen ipc_anual = rowmean(m10 m11 m12)

. keep anio ipc_anual

. 
. * IPC base 2025 = 1
. sum ipc_anual if anio == 2025, meanonly

. scalar ipc_2025 = r(mean)

. gen ipc_base2025 = ipc_anual / ipc_2025

. 
. * Salario mínimo de 2025 traído a precios de cada año
. gen salario_min_sim = sbu_2025 * ipc_base2025

. 
. label variable ipc_anual       "IPC general nacional, promedio Oct-Dic (base 
> 2014=100)"

. label variable ipc_base2025    "IPC diciembre reescalado a base 2025"

. label variable salario_min_sim "SBU 2025 ($`=sbu_2025') a precios Q4 del año 
> t"

. 
. tempfile ipc_tmp

. save `ipc_tmp', replace
(file /var/folders/v8/j2_3wzqd1rqc2l_95p5k_2l00000gn/T//St28152.000001 not
    found)
file /var/folders/v8/j2_3wzqd1rqc2l_95p5k_2l00000gn/T//St28152.000001 saved
    as .dta format

. 
. 
. *----------------------------------------------------------------------------
> --*
. * 1b. HISTÓRICO DEL SALARIO MÍNIMO VIGENTE (PARA COMPARACIÓN)                
>   *
. *----------------------------------------------------------------------------
> --*
. * Replica el armado original: SBU diciembre (2000+) + SMV+bonificaciones (90s
> ).
. 
. * SBU 2000-2025 (diciembre)
. * Delimitador y encoding explicitos: el archivo es ISO-8859-1 separado por ";
> ".
. * Con la autodeteccion, Stata acierta en una sesion limpia pero se equivoca
. * cuando el master ya corrio otros do-files antes: lee 2 columnas en vez de 4
>  y
. * "componentesalarial" no existe, asi que el encode falla con r(111).
. import delimited "$salarios/Salario unificado y componentes salariales.csv", 
> ///
>     clear delimiter(";") encoding("ISO-8859-1") varnames(1)
(4 vars, 2,487 obs)

. encode componentesalarial, gen(componente)

. drop componentesalarial

. keep if componente == 6 & mes == "Diciembre"
(2,461 observations deleted)

. rename (anio valorsalariocomponenteendolares) (anio salario_min)

. replace salario_min = subinstr(salario_min, ",", ".", .)
(5 real changes made)

. destring salario_min, replace
salario_min: all characters numeric; replaced as double

. keep anio salario_min

. tempfile sbu_post2000

. save `sbu_post2000'
file /var/folders/v8/j2_3wzqd1rqc2l_95p5k_2l00000gn/T//St28152.000002 saved
    as .dta format

. 
. * SMV + bonificaciones (años 90s)
. * Este archivo si es separado por comas, tambien en ISO-8859-1. Se declara
. * explicito por el mismo motivo que el anterior.
. import delimited "$salarios/SMV + bonificaciones.csv", ///
>     clear delimiter(",") encoding("ISO-8859-1") varnames(1)
(10 vars, 2,483 obs)

. keep in 12/21
(2,473 observations deleted)

. rename (periodo total) (anio salario_min)

. keep anio salario_min

. destring anio, replace
anio: all characters numeric; replaced as int

. 
. * Unión: 90s + 2000+
. append using `sbu_post2000'
(variable salario_min was long, now double to accommodate using data's
       values)

. 
. tempfile sbu_hist

. save `sbu_hist', replace
(file /var/folders/v8/j2_3wzqd1rqc2l_95p5k_2l00000gn/T//St28152.000003 not
    found)
file /var/folders/v8/j2_3wzqd1rqc2l_95p5k_2l00000gn/T//St28152.000003 saved
    as .dta format

. 
. 
. * Combinar IPC + histórico salarial + tipo de cambio
. use `ipc_tmp', clear

. merge 1:1 anio using `sbu_hist', nogen

    Result                      Number of obs
    -----------------------------------------
    Not matched                            21
        from master                        21  
        from using                          0  

    Matched                                36  
    -----------------------------------------

. 
. recast double salario_min_sim

. replace salario_min_sim = salario_min_sim * tc_dolarizacion if anio <= 1999
(31 real changes made)

. 
. label variable salario_min     "SBU vigente del año, en la moneda del año"

. label variable salario_min_sim "SBU 2025 deflactado, en la moneda del año"

. 
. list anio ipc_anual ipc_base2025 salario_min salario_min_sim, sep(0) noobs

  +--------------------------------------------------+
  | anio   ipc_an~l   ipc~2025   salari~n   salari~m |
  |--------------------------------------------------|
  | 1969    .015419   .0001344          .   1579.063 |
  | 1970   .0171409   .0001494          .     1755.4 |
  | 1971   .0180835   .0001576          .   1851.932 |
  | 1972   .0193161   .0001684          .   1978.166 |
  | 1973   .0225645   .0001967          .   2310.831 |
  | 1974   .0275966   .0002405          .   2826.164 |
  | 1975   .0305839   .0002666          .   3132.096 |
  | 1976   .0347314   .0003027          .   3556.838 |
  | 1977   .0391544   .0003413          .   4009.797 |
  | 1978   .0433163   .0003775          .   4436.023 |
  | 1979   .0473768   .0004129          .   4851.854 |
  | 1980   .0527714   .0004599          .   5404.315 |
  | 1981   .0618784   .0005393          .   6336.963 |
  | 1982   .0757564   .0006603          .   7758.214 |
  | 1983   .1184492   .0010324          .   12130.38 |
  | 1984   .1449581   .0012634          .   14845.16 |
  | 1985   .1807046    .001575          .   18505.95 |
  | 1986   .2307787   .0020114          .   23634.04 |
  | 1987   .3003284   .0026176          .   30756.63 |
  | 1988   .5444486   .0047453          .   55756.97 |
  | 1989   .8656738    .007545          .   88653.63 |
  | 1990   1.291818   .0112592      70283   132295.1 |
  | 1991   1.917809   .0167151      94333   196402.8 |
  | 1992    3.13113   .0272901     159000     320659 |
  | 1993   4.120082   .0359096     219500   421937.5 |
  | 1994   5.132716   .0447354     323334   525641.3 |
  | 1995   6.294295   .0548594     322917   644598.5 |
  | 1996   7.914663   .0689822     380000   810540.4 |
  | 1997   10.33043   .0900374     425750    1057940 |
  | 1998   14.89036   .1297805     572667    1524921 |
  | 1999   22.90216   .1996093     596667    2345409 |
  | 2000   45.18733   .3938411      56.65   185.1053 |
  | 2001   56.07719   .4887543      85.65   229.7145 |
  | 2002   61.63832   .5372237     104.88   252.4951 |
  | 2003   65.62533   .5719734     121.91   268.8275 |
  | 2004   66.89365   .5830278     135.63   274.0231 |
  | 2005   68.88127   .6003514        150   282.1652 |
  | 2006   71.01411   .6189407        160   290.9021 |
  | 2007   72.99789   .6362308        170   299.0285 |
  | 2008   79.76504   .6952115        200   326.7494 |
  | 2009   82.91162   .7226363        218    339.639 |
  | 2010   85.72404   .7471486        240   351.1598 |
  | 2011    90.4211    .788087        264   370.4009 |
  | 2012   94.60424   .8245462        292   387.5367 |
  | 2013   96.82528   .8439041        318   396.6349 |
  | 2014   100.5064   .8759879        340   411.7143 |
  | 2015   103.9432   .9059423        354   425.7929 |
  | 2016   105.1506   .9164659        366    430.739 |
  | 2017   104.9744   .9149302        375   430.0172 |
  | 2018   105.3028   .9177918        386   431.3622 |
  | 2019    105.469   .9192404        394    432.043 |
  | 2020    104.256    .908668        400   427.0739 |
  | 2021   106.0812   .9245768        400   434.5511 |
  | 2022   110.1142   .9597265        425   451.0715 |
  | 2023   111.8817   .9751319        450    458.312 |
  | 2024   113.1485   .9861733        460   463.5015 |
  | 2025   114.7349          1        470        470 |
  +--------------------------------------------------+

. 
. tempfile deflactor

. save `deflactor', replace
(file /var/folders/v8/j2_3wzqd1rqc2l_95p5k_2l00000gn/T//St28152.000004 not
    found)
file /var/folders/v8/j2_3wzqd1rqc2l_95p5k_2l00000gn/T//St28152.000004 saved
    as .dta format

. 
. 
. *============================================================================
> ==*
. * 2. RECONSTRUIR EMPLEO ADECUADO CON UMBRAL SIMULADO                         
>    
. *============================================================================
> ==*
. 
. * Inicializar acumulador (estructura mínima)
. use "$raw/empleo1990.dta" in 1, clear

. destring area, replace
area: all characters numeric; replaced as byte

. drop in 1
(1 observation deleted)

. tempfile adec_acumulado

. save `adec_acumulado', replace
(dataset contains 0 observations)
(file /var/folders/v8/j2_3wzqd1rqc2l_95p5k_2l00000gn/T//St28152.000005 not
    found)
file /var/folders/v8/j2_3wzqd1rqc2l_95p5k_2l00000gn/T//St28152.000005 saved
    as .dta format

. 
. 
. foreach y of numlist 1991(1)2025 {
  2. 
.     di "*****************   `y'   ************************"
  3. 
.     quietly {
  4. 
.         scalar edadmin = 15
  5. 
.         use "$raw/empleo`y'.dta", clear
  6. 
.         * Trae salario_min_sim del año correspondiente
.         merge m:m anio using `deflactor', keep(3) nogen
  7. 
.         cap gen t = 1
  8.         cap rename t t_a
  9. 
.         if inrange(`y', 1990, 2006) {
 10.             rename edad     edad
 11.             rename trabajo  p20
 12.             rename actayuda p21
 13.             rename aunotra  p22
 14.             rename hortrasa p24
 15.             rename ratmeh   p25
 16.             rename bustrama p32
 17.             rename motnobus p34
 18.             rename deseatra p35
 19.             rename hortrahp p51a
 20.             rename hortrahs p51b
 21.             rename hortraho p51c
 22.             if `y' >= 2001 rename hormas p27
 23.         }
 24. 
.         * Hasta 2000 no hay sí/no de "desea más horas": se infiere de tener
.         * motivo anotado. 1991-1992: ratmeh1, sin los códigos 7-8 (personales
> ,
.         * enfermedad), que desde 1993 van a p25 == 2. 1993-2000: hormas. En
.         * 1992 hormas es el sí/no, no el motivo, y no sirve para inferir.
.         if inrange(`y', 1990, 2000) {
 25.             cap drop p27
 26.             cap gen p27 = 2 if p20 == 1 | p22 == 1
 27.             if `y' <= 1992 replace p27 = 1 if inlist(ratmeh1, 3, 4, 5, 6, 
> 9)
 28.             else           replace p27 = 1 if hormas != .
 29.         }
 30. 
.         
.         *--------- PET ---------*
.         cap confirm variable petn
 31.         if !_rc drop petn
 32.         gen petn = .
 33.         replace petn = 0 if edad <  edadmin
 34.         replace petn = 1 if edad >= edadmin
 35.         label variable petn "Población en Edad de Trabajar"
 36. 
.         *--------- PEA ---------*
.         cap confirm variable pean
 37.         if !_rc drop pean
 38.         gen pean = .
 39.         replace pean = 0 if petn == 1
 40.         replace pean = 1 if petn == 1 & p20 == 1
 41. 
.         if anio >= 2007 {
 42.             replace pean = 1 if petn == 1 & p20 == 2 & p21 <= 11
 43.             replace pean = 1 if petn == 1 & p20 == 2 & p21 == 12 & p22 == 
> 1
 44.             replace pean = 1 if petn == 1 & p20 == 2 & p21 == 12 & p22 == 
> 2 & p32 <= 10
 45.             replace pean = 1 if petn == 1 & p20 == 2 & p21 == 12 & p22 == 
> 2 & p32 == 11 & p34 <= 7 & p35 == 1
 46.         }
 47.         else if inrange(anio, 2001, 2006) {
 48.             replace pean = 1 if petn == 1 & p20 == 2 & p21 <= 10
 49.             replace pean = 1 if petn == 1 & p20 == 2 & p21 == 11 & p22 == 
> 1
 50.             replace pean = 1 if petn == 1 & p20 == 2 & p21 == 11 & p22 == 
> 2 & p32 == 1
 51.             replace pean = 1 if petn == 1 & p20 == 2 & p21 == 11 & p22 == 
> 2 & p32 == 2 & p34 <= 7 & p34 != 4 & p35 == 1
 52.         }
 53.         else {
 54.             replace pean = 1 if petn == 1 & p20 == 2 & p21 <= 11
 55.             replace pean = 1 if petn == 1 & p20 == 2 & p21 == 12 & p22 == 
> 1
 56.             replace pean = 1 if petn == 1 & p20 == 2 & p21 == 12 & p22 == 
> 2 & p32 == 1
 57.             * Desempleo oculto: ocasionales, esperas y desalentados dentro
>  de la
.             * PEA; fuera los que no pueden participar (sin tiempo, familia,
.             * enfermedad, edad). El bloque de desaliento de motnobus son los
.             * códigos 5-8 hasta 1998 y los 1-4 desde 1999: la lista se reorde
> na
.             * y las etiquetas del .dta de 1999-2000 se quedaron con el orden
.             * viejo. El orden real se verifica con condact (5/6 = desocupados
> ) y
.             * con el universo al que se preguntó deseatra, que es ese bloque.
.             * inrange() ya excluye el missing, que con ">=" entraría a la PEA
> .
.             if `y' <= 1998 local desalent "inrange(p34, 5, 8)"
 58.             else           local desalent "inrange(p34, 1, 4)"
 59.             replace pean = 1 if petn == 1 & p20 == 2 & p21 == 12 & p22 == 
> 2 & ///
>                                 p32 == 2 & `desalent' & p35 == 1
 60.         }
 61.         label variable pean "Población Económicamente Activa"
 62. 
.         *--------- EMPLEO ---------*
.         cap confirm variable empleo
 63.         if !_rc drop empleo
 64.                 
.         gen empleo = .
 65.         replace empleo = 0 if pean == 1
 66.         replace empleo = 1 if pean == 1 & p20 == 1
 67. 
.         if inrange(anio, 2001, 2006) {
 68.             replace empleo = 1 if pean == 1 & p20 == 2 & p21 <= 10
 69.             replace empleo = 1 if pean == 1 & p20 == 2 & p21 == 11 & p22 =
> = 1
 70.         }
 71.         else {
 72.             replace empleo = 1 if pean == 1 & p20 == 2 & p21 <= 11
 73.             replace empleo = 1 if pean == 1 & p20 == 2 & p21 == 12 & p22 =
> = 1
 74.         }
 75.         label variable empleo "Población con Empleo"
 76. 
.         *--------- 1. INGRESO LABORAL ---------*
.         * En doble precisión: en float, el redondeo del umbral simulado (que 
> en
.         * los 90s es un número grande, en sucres) desplaza el corte para quie
> n
.         * gana justo el umbral.
.         gen double ila = ingrl
 77. 
.         * Códigos de no respuesta / valor atípico, año por año. Cada lista
.         * reproduce exactamente la rama de ese año en
.         *   "Boletín 1/Procesamiento/Codigos/Ingresos/ingresos_anios_all_fn.d
> o",
.         * tomando sólo los componentes que entran en el ingreso LABORAL: los
.         * códigos de rentas, remesas y bono no se aplican aquí. No hay una li
> sta
.         * transversal: el juego de códigos cambia con el cuestionario.
.         *
.         *   1991       ingpat
.         *   1992-1999  ingpat ingasg ingepv ingdom
.         *   2000       ingpat retpat ingasa ingasa1 ingasa2 ingsec
.         *   2001-2009  recode ingrl (-1 = .) (999999 = .)
.         *   2006       pe61 pe62b pe63 pe64 pe65b pe66 pe67b
.         *   2010-2025  p63 p64b p65 p66 p67 p68b p69 p70b, y recode ingrl 999
> 999
.         *
.         * 2002 y 2004 no tienen rama propia en ese script; se les aplica la d
> e
.         * los años vecinos (2001/2003/2005), que es idéntica entre sí.
.         *
.         * Sustituye a los topes nominales fijos "ila >= 900000" (90s) y
.         * "ila >= 90000" (2000+). En sucres un tope fijo no es neutro: el SBU
>  de
.         * diciembre pasa de 94.333 (1991) a 596.667 (1999), así que 900.000 c
> ae
.         * de 9,5 a 1,5 veces el umbral y llegaba a anular al 47 % de los
.         * ocupados en 1999. Como los no clasificables cuentan como no adecuad
> os,
.         * eso hundía artificialmente la serie de los 90s.
.         *
.         * Se decide con el local `y' y no con la variable anio: en un comando
>  if
.         * Stata evalúa sólo la primera observación.
.         local invalidos ""
 78.         if `y' == 1991                  local invalidos "9999998"
 79.         if inrange(`y', 1992, 1999)     local invalidos "9999998 9999999 9
> 9999999"
 80.         if `y' == 2000                  local invalidos "-1 9999 10000 999
> 99 999999 9999999 39999999 89999999 99999999"
 81.         if inrange(`y', 2001, 2005)     local invalidos "-1 999999"
 82.         if `y' == 2006                  local invalidos "-1 999 9999 22150
>  99999 999999"
 83.         if inrange(`y', 2007, 2009)     local invalidos "-1 999999"
 84.         if `y' >= 2010                  local invalidos "-1 999999"
 85. 
.         foreach c of local invalidos {
 86.             replace ila = . if ila == `c'
 87.         }
 88. 
.         gen ineg = .
 89.         replace ineg = 1 if ingrl == -1
 90. 
.         * UMBRAL DE INGRESO BASADO EN SBU 2025 DEFLACTADO
.         gen w_sim = .
 91.         replace w_sim = 0 if empleo == 1 & ila <  salario_min_sim
 92.         replace w_sim = 1 if empleo == 1 & ila >= salario_min_sim & ila !=
>  .
 93.         replace w_sim = . if ila == .
 94.         label variable w_sim "Umbral de ingreso laboral (SBU 2025 deflacta
> do)"
 95.         label define w_lbl 0 "menor" 1 "mayor", replace
 96.         label values w_sim w_lbl
 97. 
.         *--------- 2. TIEMPO DE TRABAJO ---------*
.         * 999 = no responde también en p24 (hortrasa), no sólo en p51a-p51c.
.         * Hay que limpiarlo ANTES de volcarlo en horas: si no, esas personas
.         * quedan con 999 horas y por tanto con t = 1 (jornada completa).
.         replace p24 = . if p24 == 999
 98. 
.         gen horas = .
 99.         replace horas = 0 if empleo == 1
100.         replace horas = p24 if pean == 1 & p20 == 1
101.         if inrange(anio, 2001, 2006) replace horas = p24 if pean == 1 & p2
> 0 == 2 & p21 <= 10
102.         else                         replace horas = p24 if pean == 1 & p2
> 0 == 2 & p21 <= 11
103. 
.         replace p51a = . if p51a == 999
104.         replace p51b = . if p51b == 999
105.         replace p51c = . if p51c == 999
106. 
.         egen hh = rowtotal(p51a p51b p51c), missing
107.         replace hh = . if hh < 0
108. 
.         if inrange(anio, 2001, 2006) {
109.             replace horas = hh if pean == 1 & p20 == 2 & p21 == 11 & p22 =
> = 1
110.         }
111.         else {
112.             replace horas = hh if pean == 1 & p20 == 2 & p21 == 12 & p22 =
> = 1
113.         }
114. 
.         * Quien trabajó pero no declaró p24 se queda sin horas y por tanto co
> n
.         * t = . , o sea fuera del empleo adecuado aunque cumpla el ingreso. S
> i
.         * declaró las horas que trabaja habitualmente (p51a-p51c), se usan es
> as.
.         * Es el criterio de la clasificación oficial: sin este respaldo la se
> rie
.         * pierde 35 personas en 2007 que el INEC sí cuenta como adecuadas.
.         replace horas = hh if empleo == 1 & horas >= . & hh < .
115.         label variable horas "Horas de trabajo semanal"
116. 
.         capture drop t
117.         gen t = .
118.         replace t = 0 if empleo == 1 & horas <  40
119.         replace t = 1 if empleo == 1 & horas >= 40 & horas != .
120.         replace t = 0 if empleo == 1 & horas <  30 & edad >= 12 & edad <= 
> 17
121.         replace t = 1 if empleo == 1 & horas >= 30 & edad >= 12 & edad <= 
> 17
122.         label variable t "Umbral de horas trabajadas"
123. 
.         *--------- 3. DESEO Y DISPONIBILIDAD ---------*
.         gen d_d = .
124.         replace d_d = 0 if empleo == 1
125. 
.         if anio >= 2007 {
126.             replace d_d = 0 if empleo == 1 & (p25 == 9 | p27 == 4)
127.             replace d_d = 1 if empleo == 1 & p27 <= 3 & p28 == 1
128.         }
129.         else if inrange(anio, 2001, 2006) {
130.             replace d_d = 0 if empleo == 1 & p27 == 2
131.             replace d_d = 1 if empleo == 1 & p27 == 1
132.         }
133.         else if inrange(anio, 1993, 2000) {
134.             replace d_d = 0 if empleo == 1 & (p25 == 3 | p27 == 2)
135.             replace d_d = 1 if empleo == 1 & p27 == 1
136.         }
137.         else {
138.             replace d_d = 0 if empleo == 1 & (p25 == 2 | p27 == 2)
139.             replace d_d = 1 if empleo == 1 & p27 == 1
140.         }
141.         label variable d_d "Deseo y disponibilidad de trabajar horas adici
> onales"
142.         label define d_d_lbl 0 "No desea" 1 "Si desea y está disponible", 
> replace
143.         label values d_d d_d_lbl
144. 
.         *--------- EMPLEO ADECUADO OFICIAL (umbral SBU vigente) ---------*
.         * salario_min viene del deflactor (histórico SBU armado en sección 1b
> ).
.         gen w_off = .
145.         replace w_off = 0 if empleo == 1 & ila <  salario_min
146.         replace w_off = 1 if empleo == 1 & ila >= salario_min & ila != .
147.         replace w_off = . if ila == .
148.                 
.                 cap confirm variable adec
149.                 if !_rc drop adec
150. 
.         gen adec = .
151.         replace adec = 0 if pean == 1 & edad >= edadmin
152.         replace adec = 1 if pean == 1 & edad >= edadmin & empleo == 1 & w_
> off == 1 & t == 1
153.         replace adec = 1 if pean == 1 & edad >= edadmin & empleo == 1 & w_
> off == 1 & t == 0 & d_d == 0
154.         label variable adec "Empleo adecuado (umbral SBU vigente)"
155. 
.         *--------- EMPLEO ADECUADO SIMULADO ---------*
.         gen adec_sim = .
156.         replace adec_sim = 0 if pean == 1 & edad >= edadmin
157.         replace adec_sim = 1 if pean == 1 & edad >= edadmin & empleo == 1 
> & w_sim == 1 & t == 1
158.         replace adec_sim = 1 if pean == 1 & edad >= edadmin & empleo == 1 
> & w_sim == 1 & t == 0 & d_d == 0
159.         label variable adec_sim "Empleo adecuado simulado (umbral = SBU 20
> 25 deflactado)"
160. 
.     }
161. 
.         cap confirm variable condactn 
162.         if   !_rc local condact_var condactn
163.         else      local condact_var condact
164.         decode `condact_var', gen(condact_str)
165. 
.         replace adec = 0 if condact_str == "Otro empleo no pleno"
166. 
.         
.     capture confirm variable area
167.     if !_rc {
168.         local area_var area
169.         destring area, replace
170.     }
171.     else local area_var
172. 
.     * Conservamos ambas series (oficial y simulada) y ambos umbrales salarial
> es
.     keep id_persona anio `area_var' d_d t w_off ila  pean salario_min salario
> _min_sim adec adec_sim fexp
173. 
.     append using `adec_acumulado'
174.     save `adec_acumulado', replace
175. 
.     sum adec adec_sim
176. }
*****************   1991   ************************
(0 real changes made)
(variable id_persona was str18, now str19 to accommodate using data's values)
(label peamsiu already defined)
(label condact already defined)
(label LABD already defined)
(label pertrabn already defined)
(label tiemnot already defined)
(label condina already defined)
(label motnobus already defined)
(label tiembus already defined)
(label LABC already defined)
(label ratmeh already defined)
(label pornot already defined)
(label hortrasa already defined)
(label actayuda already defined)
(label cuanvic already defined)
(label LABB already defined)
(label nivinst already defined)
(label sexo already defined)
(label edad already defined)
(label reljefe already defined)
file /var/folders/v8/j2_3wzqd1rqc2l_95p5k_2l00000gn/T//St28152.000005 saved
    as .dta format

    Variable |        Obs        Mean    Std. dev.       Min        Max
-------------+---------------------------------------------------------
        adec |     15,823    .4313973     .495287          0          1
    adec_sim |     15,823    .1623586    .3687911          0          1
*****************   1992   ************************
(0 real changes made)
(variable id_persona was str18, now str19 to accommodate using data's values)
(label resumen already defined)
(label d_d_lbl already defined)
(label reljefe already defined)
(label edad already defined)
(label sexo already defined)
(label nivinst already defined)
(label LABB already defined)
(label cuanvic already defined)
(label actayuda already defined)
(label hortrasa already defined)
(label ratmeh already defined)
(label pornot already defined)
(label LABC already defined)
(label tiembus already defined)
(label motnobus already defined)
(label condina already defined)
(label tiemnot already defined)
(label LABD already defined)
(label pertrabn already defined)
(label condact already defined)
(label peamsiu already defined)
file /var/folders/v8/j2_3wzqd1rqc2l_95p5k_2l00000gn/T//St28152.000005 saved
    as .dta format

    Variable |        Obs        Mean    Std. dev.       Min        Max
-------------+---------------------------------------------------------
        adec |     31,809    .3700211    .4828176          0          1
    adec_sim |     31,809    .1233928    .3288927          0          1
*****************   1993   ************************
(0 real changes made)
(variable id_persona was str18, now str19 to accommodate using data's values)
(label catetrab already defined)
(label d_d_lbl already defined)
(label resumen already defined)
(label reljefe already defined)
(label edad already defined)
(label sexo already defined)
(label nivinst already defined)
(label LABB already defined)
(label LABC already defined)
(label cuanvic already defined)
(label actayuda already defined)
(label hortrasa already defined)
(label ratmeh already defined)
(label pornot already defined)
(label LABD already defined)
(label tiembus already defined)
(label motnobus already defined)
(label condina already defined)
(label tiemnot already defined)
(label pertrabn already defined)
(label condact already defined)
(label peamsiu already defined)
file /var/folders/v8/j2_3wzqd1rqc2l_95p5k_2l00000gn/T//St28152.000005 saved
    as .dta format

    Variable |        Obs        Mean    Std. dev.       Min        Max
-------------+---------------------------------------------------------
        adec |     47,210     .356344    .4789236          0          1
    adec_sim |     47,210    .1202288    .3252323          0          1
*****************   1994   ************************
(0 real changes made)
(variable id_persona was str18, now str19 to accommodate using data's values)
(label d_d_lbl already defined)
(label resumen already defined)
(label reljefe already defined)
(label edad already defined)
(label sexo already defined)
(label nivinst already defined)
(label LABB already defined)
(label cuanvic already defined)
(label actayuda already defined)
(label hortrasa already defined)
(label ratmeh already defined)
(label pornot already defined)
(label LABC already defined)
(label tiembus already defined)
(label motnobus already defined)
(label condina already defined)
(label tiemnot already defined)
(label catetrab already defined)
(label pertrabn already defined)
(label LABD already defined)
(label condact already defined)
(label peamsiu already defined)
file /var/folders/v8/j2_3wzqd1rqc2l_95p5k_2l00000gn/T//St28152.000005 saved
    as .dta format

    Variable |        Obs        Mean    Std. dev.       Min        Max
-------------+---------------------------------------------------------
        adec |     62,352    .3347928    .4719218          0          1
    adec_sim |     62,352    .1181999    .3228473          0          1
*****************   1995   ************************
(0 real changes made)
(variable id_persona was str18, now str19 to accommodate using data's values)
(label d_d_lbl already defined)
(label resumen already defined)
(label reljefe already defined)
(label edad already defined)
(label sexo already defined)
(label nivinst already defined)
(label LABB already defined)
(label cuanvic already defined)
(label actayuda already defined)
(label hortrasa already defined)
(label ratmeh already defined)
(label pornot already defined)
(label LABC already defined)
(label tiembus already defined)
(label motnobus already defined)
(label condina already defined)
(label tiemnot already defined)
(label catetrab already defined)
(label pertrabn already defined)
(label LABD already defined)
(label condact already defined)
(label peamsiu already defined)
file /var/folders/v8/j2_3wzqd1rqc2l_95p5k_2l00000gn/T//St28152.000005 saved
    as .dta format

    Variable |        Obs        Mean    Std. dev.       Min        Max
-------------+---------------------------------------------------------
        adec |     77,262    .3550775    .4785399          0          1
    adec_sim |     77,262    .1266211    .3325502          0          1
*****************   1996   ************************
(0 real changes made)
(variable id_persona was str18, now str19 to accommodate using data's values)
(label d_d_lbl already defined)
(label resumen already defined)
(label reljefe already defined)
(label edad already defined)
(label sexo already defined)
(label nivinst already defined)
(label LABB already defined)
(label cuanvic already defined)
(label actayuda already defined)
(label hortrasa already defined)
(label ratmeh already defined)
(label pornot already defined)
(label LABC already defined)
(label tiembus already defined)
(label motnobus already defined)
(label condina already defined)
(label tiemnot already defined)
(label catetrab already defined)
(label pertrabn already defined)
(label LABD already defined)
(label condact already defined)
(label peamsiu already defined)
file /var/folders/v8/j2_3wzqd1rqc2l_95p5k_2l00000gn/T//St28152.000005 saved
    as .dta format

    Variable |        Obs        Mean    Std. dev.       Min        Max
-------------+---------------------------------------------------------
        adec |     92,283    .3766024    .4845365          0          1
    adec_sim |     92,283    .1299806    .3362839          0          1
*****************   1997   ************************
(0 real changes made)
(variable id_persona was str18, now str19 to accommodate using data's values)
(label d_d_lbl already defined)
(label resumen already defined)
(label reljefe already defined)
(label edad already defined)
(label sexo already defined)
(label nivinst already defined)
(label LABB already defined)
(label cuanvic already defined)
(label actayuda already defined)
(label hortrasa already defined)
(label ratmeh already defined)
(label pornot already defined)
(label LABC already defined)
(label tiembus already defined)
(label motnobus already defined)
(label condina already defined)
(label tiemnot already defined)
(label catetrab already defined)
(label pertrabn already defined)
(label LABD already defined)
(label condact already defined)
(label peamsiu already defined)
file /var/folders/v8/j2_3wzqd1rqc2l_95p5k_2l00000gn/T//St28152.000005 saved
    as .dta format

    Variable |        Obs        Mean    Std. dev.       Min        Max
-------------+---------------------------------------------------------
        adec |    107,419    .4015677    .4902176          0          1
    adec_sim |    107,419     .133617    .3402419          0          1
*****************   1998   ************************
(0 real changes made)
(label d_d_lbl already defined)
(label resumen already defined)
(label reljefe already defined)
(label edad already defined)
(label sexo already defined)
(label nivinst already defined)
(label LABB already defined)
(label cuanvic already defined)
(label actayuda already defined)
(label hortrasa already defined)
(label ratmeh already defined)
(label pornot already defined)
(label LABC already defined)
(label tiembus already defined)
(label motnobus already defined)
(label condina already defined)
(label tiemnot already defined)
(label catetrab already defined)
(label pertrabn already defined)
(label LABD already defined)
(label condact already defined)
(label peamsiu already defined)
file /var/folders/v8/j2_3wzqd1rqc2l_95p5k_2l00000gn/T//St28152.000005 saved
    as .dta format

    Variable |        Obs        Mean    Std. dev.       Min        Max
-------------+---------------------------------------------------------
        adec |    124,280    .4139765    .4925464          0          1
    adec_sim |    124,280     .131775    .3382474          0          1
*****************   1999   ************************
(0 real changes made)
(variable id_persona was str18, now str19 to accommodate using data's values)
(label d_d_lbl already defined)
(label resumen already defined)
(label reljefe already defined)
(label edad already defined)
(label sexo already defined)
(label nivinst already defined)
(label LABB already defined)
(label cuanvic already defined)
(label actayuda already defined)
(label hortrasa already defined)
(label ratmeh already defined)
(label pornot already defined)
(label LABC already defined)
(label tiembus already defined)
(label motnobus already defined)
(label condina already defined)
(label tiemnot already defined)
(label catetrab already defined)
(label pertrabn already defined)
(label LABD already defined)
(label condact already defined)
(label peamsiu already defined)
file /var/folders/v8/j2_3wzqd1rqc2l_95p5k_2l00000gn/T//St28152.000005 saved
    as .dta format

    Variable |        Obs        Mean    Std. dev.       Min        Max
-------------+---------------------------------------------------------
        adec |    141,236    .4285168    .4948655          0          1
    adec_sim |    141,236    .1288269    .3350095          0          1
*****************   2000   ************************
(0 real changes made)
area already numeric; no replace
(variable id_persona was str18, now str19 to accommodate using data's values)
(label d_d_lbl already defined)
(label resumen already defined)
(label reljefe already defined)
(label edad already defined)
(label sexo already defined)
(label nivinst already defined)
(label LABB already defined)
(label cuanvic already defined)
(label actayuda already defined)
(label hortrasa already defined)
(label ratmeh already defined)
(label pornot already defined)
(label LABC already defined)
(label tiembus already defined)
(label motnobus already defined)
(label condina already defined)
(label tiemnot already defined)
(label catetrab already defined)
(label pertrabn already defined)
(label LABD already defined)
(label condact already defined)
(label peamsiu already defined)
file /var/folders/v8/j2_3wzqd1rqc2l_95p5k_2l00000gn/T//St28152.000005 saved
    as .dta format

    Variable |        Obs        Mean    Std. dev.       Min        Max
-------------+---------------------------------------------------------
        adec |    167,178    .4297754    .4950454          0          1
    adec_sim |    167,178    .1233715    .3288641          0          1
*****************   2001   ************************
(0 real changes made)
area already numeric; no replace
(variable id_persona was str18, now str19 to accommodate using data's values)
(label d_d_lbl already defined)
(label reljefe already defined)
(label sexo already defined)
(label nivinst already defined)
(label LABB already defined)
(label actayuda already defined)
(label ratmeh already defined)
(label pornot already defined)
(label LABC already defined)
(label motnobus already defined)
(label condina already defined)
(label pertrabn already defined)
(label LABD already defined)
(label condact already defined)
(label peamsiu already defined)
file /var/folders/v8/j2_3wzqd1rqc2l_95p5k_2l00000gn/T//St28152.000005 saved
    as .dta format

    Variable |        Obs        Mean    Std. dev.       Min        Max
-------------+---------------------------------------------------------
        adec |    194,867     .424079    .4942037          0          1
    adec_sim |    194,867    .1214315    .3266289          0          1
*****************   2002   ************************
(0 real changes made)
area already numeric; no replace
(variable id_persona was str18, now str19 to accommodate using data's values)
(label tiemnot already defined)
(label tiembus already defined)
(label hortrasa already defined)
(label cuanvic already defined)
(label edad already defined)
(label d_d_lbl already defined)
(label sexo already defined)
(label reljefe already defined)
(label LABB already defined)
(label LABC already defined)
(label nivinst already defined)
(label actayuda already defined)
(label pornot already defined)
(label ratmeh already defined)
(label LABD already defined)
(label motnobus already defined)
(label condina already defined)
(label pertrabn already defined)
(label peamsiu already defined)
(label condact already defined)
file /var/folders/v8/j2_3wzqd1rqc2l_95p5k_2l00000gn/T//St28152.000005 saved
    as .dta format

    Variable |        Obs        Mean    Std. dev.       Min        Max
-------------+---------------------------------------------------------
        adec |    205,296    .4315427    .4952926          0          1
    adec_sim |    205,296    .1263395    .3322324          0          1
*****************   2003   ************************
(0 real changes made)
area already numeric; no replace
(label d_d_lbl already defined)
(label sexo already defined)
(label reljefe already defined)
(label LABB already defined)
(label LABC already defined)
(label nivinst already defined)
(label actayuda already defined)
(label pornot already defined)
(label ratmeh already defined)
(label LABD already defined)
(label motnobus already defined)
(label condina already defined)
(label condact already defined)
(label peamsiu already defined)
file /var/folders/v8/j2_3wzqd1rqc2l_95p5k_2l00000gn/T//St28152.000005 saved
    as .dta format

    Variable |        Obs        Mean    Std. dev.       Min        Max
-------------+---------------------------------------------------------
        adec |    240,069    .4219953    .4938788          0          1
    adec_sim |    240,069    .1238269    .3293847          0          1
*****************   2004   ************************
(0 real changes made)
area already numeric; no replace
(variable id_persona was str20, now str21 to accommodate using data's values)
(label hortrasa already defined)
(label d_d_lbl already defined)
(label sexo already defined)
(label reljefe already defined)
(label LABB already defined)
(label LABC already defined)
(label nivinst already defined)
(label LABD already defined)
(label actayuda already defined)
(label pornot already defined)
(label ratmeh already defined)
(label motnobus already defined)
(label condina already defined)
(label condact already defined)
(label peamsiu already defined)
file /var/folders/v8/j2_3wzqd1rqc2l_95p5k_2l00000gn/T//St28152.000005 saved
    as .dta format

    Variable |        Obs        Mean    Std. dev.       Min        Max
-------------+---------------------------------------------------------
        adec |    277,862    .4131259    .4923959          0          1
    adec_sim |    277,862    .1261238    .3319894          0          1
*****************   2005   ************************
(0 real changes made)
area already numeric; no replace
(variable id_persona was str20, now str21 to accommodate using data's values)
(label cuanvic already defined)
(label d_d_lbl already defined)
(label sexo already defined)
(label LABB already defined)
(label reljefe already defined)
(label LABC already defined)
(label LABD already defined)
(label nivinst already defined)
(label actayuda already defined)
(label pornot already defined)
(label hortrasa already defined)
(label ratmeh already defined)
(label motnobus already defined)
(label condina already defined)
(label condact already defined)
(label peamsiu already defined)
file /var/folders/v8/j2_3wzqd1rqc2l_95p5k_2l00000gn/T//St28152.000005 saved
    as .dta format

    Variable |        Obs        Mean    Std. dev.       Min        Max
-------------+---------------------------------------------------------
        adec |    312,606    .4095091     .491744          0          1
    adec_sim |    312,606    .1294761    .3357267          0          1
*****************   2006   ************************
(0 real changes made)
area already numeric; no replace
(variable id_persona was str20, now str21 to accommodate using data's values)
(label catetrab already defined)
(label d_d_lbl already defined)
(label sexo already defined)
(label LABB already defined)
(label reljefe already defined)
(label LABC already defined)
(label LABD already defined)
(label nivinst already defined)
(label cuanvic already defined)
(label actayuda already defined)
(label pornot already defined)
(label hortrasa already defined)
(label ratmeh already defined)
(label motnobus already defined)
(label condina already defined)
(label condact already defined)
(label peamsiu already defined)
file /var/folders/v8/j2_3wzqd1rqc2l_95p5k_2l00000gn/T//St28152.000005 saved
    as .dta format

    Variable |        Obs        Mean    Std. dev.       Min        Max
-------------+---------------------------------------------------------
        adec |    348,875    .4068477    .4912467          0          1
    adec_sim |    348,875    .1343862    .3410673          0          1
*****************   2007   ************************
(0 real changes made)
area already numeric; no replace
(variable id_persona was str20, now str21 to accommodate using data's values)
(label d_d_lbl already defined)
file /var/folders/v8/j2_3wzqd1rqc2l_95p5k_2l00000gn/T//St28152.000005 saved
    as .dta format

    Variable |        Obs        Mean    Std. dev.       Min        Max
-------------+---------------------------------------------------------
        adec |    384,389    .4047722    .4908486          0          1
    adec_sim |    384,389    .1404203     .347423          0          1
*****************   2008   ************************
(0 real changes made)
area already numeric; no replace
(variable id_persona was str20, now str21 to accommodate using data's values)
(label d_d_lbl already defined)
(label area already defined)
file /var/folders/v8/j2_3wzqd1rqc2l_95p5k_2l00000gn/T//St28152.000005 saved
    as .dta format

    Variable |        Obs        Mean    Std. dev.       Min        Max
-------------+---------------------------------------------------------
        adec |    419,841    .4046865    .4908319          0          1
    adec_sim |    419,841    .1455241    .3526289          0          1
*****************   2009   ************************
(0 real changes made)
area already numeric; no replace
(variable id_persona was str20, now str21 to accommodate using data's values)
(label d_d_lbl already defined)
(label area already defined)
file /var/folders/v8/j2_3wzqd1rqc2l_95p5k_2l00000gn/T//St28152.000005 saved
    as .dta format

    Variable |        Obs        Mean    Std. dev.       Min        Max
-------------+---------------------------------------------------------
        adec |    455,812    .4005336    .4900071          0          1
    adec_sim |    455,812    .1485459    .3556407          0          1
*****************   2010   ************************
(0 real changes made)
area already numeric; no replace
(variable id_persona was str20, now str21 to accommodate using data's values)
(label d_d_lbl already defined)
(label area already defined)
file /var/folders/v8/j2_3wzqd1rqc2l_95p5k_2l00000gn/T//St28152.000005 saved
    as .dta format

    Variable |        Obs        Mean    Std. dev.       Min        Max
-------------+---------------------------------------------------------
        adec |    492,716    .4003706    .4899739          0          1
    adec_sim |    492,716      .15225    .3592634          0          1
*****************   2011   ************************
(0 real changes made)
area already numeric; no replace
(variable id_persona was str20, now str21 to accommodate using data's values)
(label d_d_lbl already defined)
(label area already defined)
file /var/folders/v8/j2_3wzqd1rqc2l_95p5k_2l00000gn/T//St28152.000005 saved
    as .dta format

    Variable |        Obs        Mean    Std. dev.       Min        Max
-------------+---------------------------------------------------------
        adec |    523,802    .4014876    .4901997          0          1
    adec_sim |    523,802    .1577504    .3645072          0          1
*****************   2012   ************************
(0 real changes made)
area already numeric; no replace
(variable id_persona was str20, now str21 to accommodate using data's values)
(label d_d_lbl already defined)
(label area already defined)
file /var/folders/v8/j2_3wzqd1rqc2l_95p5k_2l00000gn/T//St28152.000005 saved
    as .dta format

    Variable |        Obs        Mean    Std. dev.       Min        Max
-------------+---------------------------------------------------------
        adec |    556,836    .4025081    .4904037          0          1
    adec_sim |    556,836    .1638454    .3701355          0          1
*****************   2013   ************************
(0 real changes made)
area already numeric; no replace
(variable id_persona was str20, now str21 to accommodate using data's values)
(label d_d_lbl already defined)
(label area already defined)
file /var/folders/v8/j2_3wzqd1rqc2l_95p5k_2l00000gn/T//St28152.000005 saved
    as .dta format

    Variable |        Obs        Mean    Std. dev.       Min        Max
-------------+---------------------------------------------------------
        adec |    592,175     .403423    .4905846          0          1
    adec_sim |    592,175    .1713429    .3768087          0          1
*****************   2014   ************************
(0 real changes made)
area already numeric; no replace
(variable area was byte, now double to accommodate using data's values)
(variable id_persona was str20, now str21 to accommodate using data's values)
(label d_d_lbl already defined)
file /var/folders/v8/j2_3wzqd1rqc2l_95p5k_2l00000gn/T//St28152.000005 saved
    as .dta format

    Variable |        Obs        Mean    Std. dev.       Min        Max
-------------+---------------------------------------------------------
        adec |    645,315    .4059955     .491084          0          1
    adec_sim |    645,315    .1830052    .3866711          0          1
*****************   2015   ************************
(0 real changes made)
area already numeric; no replace
(variable area was byte, now double to accommodate using data's values)
(variable id_persona was str20, now str21 to accommodate using data's values)
(label d_d_lbl already defined)
file /var/folders/v8/j2_3wzqd1rqc2l_95p5k_2l00000gn/T//St28152.000005 saved
    as .dta format

    Variable |        Obs        Mean    Std. dev.       Min        Max
-------------+---------------------------------------------------------
        adec |    697,523    .4067034     .491219          0          1
    adec_sim |    697,523    .1923635    .3941574          0          1
*****************   2016   ************************
(0 real changes made)
area already numeric; no replace
(variable area was byte, now double to accommodate using data's values)
(variable id_persona was str20, now str21 to accommodate using data's values)
(label d_d_lbl already defined)
file /var/folders/v8/j2_3wzqd1rqc2l_95p5k_2l00000gn/T//St28152.000005 saved
    as .dta format

    Variable |        Obs        Mean    Std. dev.       Min        Max
-------------+---------------------------------------------------------
        adec |    752,426    .4040145    .4907006          0          1
    adec_sim |    752,426    .1995332    .3996498          0          1
*****************   2017   ************************
(0 real changes made)
area already numeric; no replace
(variable area was byte, now double to accommodate using data's values)
(variable id_persona was str20, now str21 to accommodate using data's values)
(label d_d_lbl already defined)
(label labels0 already defined)
file /var/folders/v8/j2_3wzqd1rqc2l_95p5k_2l00000gn/T//St28152.000005 saved
    as .dta format

    Variable |        Obs        Mean    Std. dev.       Min        Max
-------------+---------------------------------------------------------
        adec |    806,437    .4029453    .4904902          0          1
    adec_sim |    806,437    .2070676    .4052047          0          1
*****************   2018   ************************
(0 real changes made)
area already numeric; no replace
(variable area was byte, now double to accommodate using data's values)
(variable id_persona was str20, now str21 to accommodate using data's values)
(label d_d_lbl already defined)
(label labels0 already defined)
file /var/folders/v8/j2_3wzqd1rqc2l_95p5k_2l00000gn/T//St28152.000005 saved
    as .dta format

    Variable |        Obs        Mean    Std. dev.       Min        Max
-------------+---------------------------------------------------------
        adec |    835,694    .4028963    .4904805          0          1
    adec_sim |    835,694    .2111562    .4081292          0          1
*****************   2019   ************************
(0 real changes made)
area already numeric; no replace
(variable area was byte, now double to accommodate using data's values)
(variable id_persona was str20, now str21 to accommodate using data's values)
(label d_d_lbl already defined)
(label labels0 already defined)
file /var/folders/v8/j2_3wzqd1rqc2l_95p5k_2l00000gn/T//St28152.000005 saved
    as .dta format

    Variable |        Obs        Mean    Std. dev.       Min        Max
-------------+---------------------------------------------------------
        adec |    865,098     .402522    .4904063          0          1
    adec_sim |    865,098    .2149525    .4107896          0          1
*****************   2020   ************************
(0 real changes made)
area already numeric; no replace
(variable area was byte, now double to accommodate using data's values)
(variable id_persona was str20, now str21 to accommodate using data's values)
(label d_d_lbl already defined)
(label labels0 already defined)
file /var/folders/v8/j2_3wzqd1rqc2l_95p5k_2l00000gn/T//St28152.000005 saved
    as .dta format

    Variable |        Obs        Mean    Std. dev.       Min        Max
-------------+---------------------------------------------------------
        adec |    880,365    .4012029    .4901422          0          1
    adec_sim |    880,365    .2159127    .4114543          0          1
*****************   2021   ************************
(0 real changes made)
area already numeric; no replace
(variable area was byte, now double to accommodate using data's values)
(variable id_persona was str20, now str21 to accommodate using data's values)
(label d_d_lbl already defined)
(label labels0 already defined)
file /var/folders/v8/j2_3wzqd1rqc2l_95p5k_2l00000gn/T//St28152.000005 saved
    as .dta format

    Variable |        Obs        Mean    Std. dev.       Min        Max
-------------+---------------------------------------------------------
        adec |    895,984    .4009223    .4900856          0          1
    adec_sim |    895,984    .2177762    .4127347          0          1
*****************   2022   ************************
(31 real changes made)
area already numeric; no replace
(variable area was byte, now double to accommodate using data's values)
(variable id_persona was str20, now str21 to accommodate using data's values)
(label d_d_lbl already defined)
(label labels0 already defined)
file /var/folders/v8/j2_3wzqd1rqc2l_95p5k_2l00000gn/T//St28152.000005 saved
    as .dta format

    Variable |        Obs        Mean    Std. dev.       Min        Max
-------------+---------------------------------------------------------
        adec |    910,617    .4012609    .4901539          0          1
    adec_sim |    910,617    .2201441    .4143439          0          1
*****************   2023   ************************
(37 real changes made)
area already numeric; no replace
(variable area was byte, now double to accommodate using data's values)
(variable id_persona was str20, now str21 to accommodate using data's values)
(label d_d_lbl already defined)
(label labels0 already defined)
file /var/folders/v8/j2_3wzqd1rqc2l_95p5k_2l00000gn/T//St28152.000005 saved
    as .dta format

    Variable |        Obs        Mean    Std. dev.       Min        Max
-------------+---------------------------------------------------------
        adec |    924,885    .4015548     .490213          0          1
    adec_sim |    924,885    .2225455    .4159558          0          1
*****************   2024   ************************
(37 real changes made)
area already numeric; no replace
(variable id_persona was str20, now str21 to accommodate using data's values)
(label condact already defined)
(label d_d_lbl already defined)
file /var/folders/v8/j2_3wzqd1rqc2l_95p5k_2l00000gn/T//St28152.000005 saved
    as .dta format

    Variable |        Obs        Mean    Std. dev.       Min        Max
-------------+---------------------------------------------------------
        adec |    938,884    .4016332    .4902288          0          1
    adec_sim |    938,884    .2247328    .4174064          0          1
*****************   2025   ************************
(23 real changes made)
area already numeric; no replace
(variable area was byte, now double to accommodate using data's values)
(variable id_persona was str20, now str21 to accommodate using data's values)
(label d_d_lbl already defined)
file /var/folders/v8/j2_3wzqd1rqc2l_95p5k_2l00000gn/T//St28152.000005 saved
    as .dta format

    Variable |        Obs        Mean    Std. dev.       Min        Max
-------------+---------------------------------------------------------
        adec |    952,891    .4021226    .4903267          0          1
    adec_sim |    952,891    .2278466    .4194434          0          1

. 
. save "$out/historico_adec_sim.dta", replace
file
    /Users/santiago/Library/CloudStorage/GoogleDrive-observatorio.pobreza@fla
    > cso.edu.ec/Mi unidad/Bases/ENEMDU/Procesadas/analisis
    informalidad/Santiago/historico_adec_sim.dta saved

. * s   // stop de depuracion: cortaba el do-file con r(199) tras el save
. use "$out/historico_adec_sim.dta", clear

. 
. tab anio adec [iw = fexp], nofreq row

           |    Empleo adecuado
           | (umbral SBU vigente)
      anio |         0          1 |     Total
-----------+----------------------+----------
      1991 |     56.01      43.99 |    100.00 
      1992 |     67.78      32.22 |    100.00 
      1993 |     65.03      34.97 |    100.00 
      1994 |     73.07      26.93 |    100.00 
      1995 |     54.12      45.88 |    100.00 
      1996 |     49.47      50.53 |    100.00 
      1997 |     43.72      56.28 |    100.00 
      1998 |     49.31      50.69 |    100.00 
      1999 |     45.32      54.68 |    100.00 
      2000 |     55.62      44.38 |    100.00 
      2001 |     59.70      40.30 |    100.00 
      2002 |     42.38      57.62 |    100.00 
      2003 |     58.10      41.90 |    100.00 
      2004 |     57.90      42.10 |    100.00 
      2005 |     56.42      43.58 |    100.00 
      2006 |     55.61      44.39 |    100.00 
      2007 |     56.80      43.20 |    100.00 
      2008 |     55.23      44.77 |    100.00 
      2009 |     60.82      39.18 |    100.00 
      2010 |     55.32      44.68 |    100.00 
      2011 |     54.47      45.53 |    100.00 
      2012 |     53.47      46.53 |    100.00 
      2013 |     52.13      47.87 |    100.00 
      2014 |     50.72      49.28 |    100.00 
      2015 |     53.50      46.50 |    100.00 
      2016 |     58.81      41.19 |    100.00 
      2017 |     57.74      42.26 |    100.00 
      2018 |     59.36      40.64 |    100.00 
      2019 |     61.15      38.85 |    100.00 
      2020 |     69.15      30.85 |    100.00 
      2021 |     66.06      33.94 |    100.00 
      2022 |     63.96      36.04 |    100.00 
      2023 |     64.08      35.92 |    100.00 
      2024 |     66.97      33.03 |    100.00 
      2025 |     62.93      37.07 |    100.00 
-----------+----------------------+----------
     Total |     58.30      41.70 |    100.00 

. 
. tab anio d_d [iw = fexp], nofreq row

           |        Deseo y
           |   disponibilidad de
           |    trabajar horas
           |      adicionales
      anio |  No desea  Si desea  |     Total
-----------+----------------------+----------
      1991 |     88.57      11.43 |    100.00 
      1992 |     90.59       9.41 |    100.00 
      1993 |     90.70       9.30 |    100.00 
      1994 |     90.88       9.12 |    100.00 
      1995 |     92.96       7.04 |    100.00 
      1996 |     91.41       8.59 |    100.00 
      1997 |     90.14       9.86 |    100.00 
      1998 |     88.02      11.98 |    100.00 
      1999 |     83.03      16.97 |    100.00 
      2000 |     84.55      15.45 |    100.00 
      2001 |     54.02      45.98 |    100.00 
      2002 |     51.31      48.69 |    100.00 
      2003 |     53.05      46.95 |    100.00 
      2004 |     54.36      45.64 |    100.00 
      2005 |     55.99      44.01 |    100.00 
      2006 |     57.14      42.86 |    100.00 
      2007 |     70.81      29.19 |    100.00 
      2008 |     75.35      24.65 |    100.00 
      2009 |     75.05      24.95 |    100.00 
      2010 |     79.82      20.18 |    100.00 
      2011 |     85.31      14.69 |    100.00 
      2012 |     87.84      12.16 |    100.00 
      2013 |     83.99      16.01 |    100.00 
      2014 |     82.26      17.74 |    100.00 
      2015 |     80.42      19.58 |    100.00 
      2016 |     71.58      28.42 |    100.00 
      2017 |     71.87      28.13 |    100.00 
      2018 |     77.91      22.09 |    100.00 
      2019 |     76.99      23.01 |    100.00 
      2020 |     73.09      26.91 |    100.00 
      2021 |     71.89      28.11 |    100.00 
      2022 |     77.39      22.61 |    100.00 
      2023 |     75.83      24.17 |    100.00 
      2024 |     73.65      26.35 |    100.00 
      2025 |     80.73      19.27 |    100.00 
-----------+----------------------+----------
     Total |     75.36      24.64 |    100.00 

. 
. * s   // stop de depuracion: cortaba el do-file con r(199) tras el save
. 
. tabstat adec adec_sim, by(anio) statistics(mean)

Summary statistics: Mean
Group variable: anio 

    anio |      adec  adec_sim
---------+--------------------
    1991 |  .4313973  .1623586
    1992 |  .3092706  .0848242
    1993 |  .3280956  .1136939
    1994 |  .2676001  .1118743
    1995 |  .4399061  .1618377
    1996 |  .4873178  .1472605
    1997 |  .5537791  .1557875
    1998 |  .4930313  .1200403
    1999 |  .5350908  .1072187
    2000 |  .4366279  .0936705
    2001 |  .3896854  .1097187
    2002 |  .5710039  .2180458
    2003 |  .3656285  .1089926
    2004 |  .3567856  .1407139
    2005 |  .3805837   .156286
    2006 |  .3839091  .1767074
    2007 |  .3843836  .1996959
    2008 |  .4037572  .2008631
    2009 |  .3520614  .1838147
    2010 |  .3983579  .1980002
    2011 |  .4191919  .2449334
    2012 |  .4186898  .2604892
    2013 |  .4178386  .2894819
    2014 |  .4346632  .3129658
    2015 |  .4154536  .3080371
    2016 |  .3698523  .2906216
    2017 |  .3880506   .312029
    2018 |  .4015449  .3238541
    2019 |  .3918855  .3228472
    2020 |  .3264558  .2703216
    2021 |  .3851079   .322812
    2022 |  .4219914  .3651336
    2023 |  .4203112   .375806
    2024 |  .4068148  .3692407
    2025 |  .4349254  .4365674
---------+--------------------
   Total |  .4021226  .2278466
------------------------------

. 
. 
. 
. *============================================================================
> ==*
. * EMPLEO ADECUADO Y SUS COMPONENTES                                     
. *============================================================================
> ==*
. 
. 
. * Colapsar los datos para obtener la media de cada variable por año
. preserve

. 
. collapse (mean) mean_w_off=w_off mean_adec=adec mean_dd=d_d mean_t=t, by(anio
> )

. 
. * Panel 1: w_off
. twoway (line mean_w_off anio, lcolor(navy) lwidth(medthick)), ///
>     ytitle("Proporción (media)") ///
>     xtitle("Año") ///
>     title("w_off") ///
>     ylabel(, format(%9.2f)) ///
>     graphregion(color(white)) ///
>     name(g_w_off, replace)

. 
. * Panel 2: adec
. twoway (line mean_adec anio, lcolor(maroon) lwidth(medthick)), ///
>     ytitle("Proporción (media)") ///
>     xtitle("Año") ///
>     title("adec") ///
>     ylabel(, format(%9.2f)) ///
>     graphregion(color(white)) ///
>     name(g_adec, replace)

. 
. * Panel 3: dd
. twoway (line mean_dd anio, lcolor(forest_green) lwidth(medthick)), ///
>     ytitle("Proporción (media)") ///
>     xtitle("Año") ///
>     title("dd") ///
>     ylabel(, format(%9.2f)) ///
>     graphregion(color(white)) ///
>     name(g_dd, replace)

. 
. * Panel 4: t
. twoway (line mean_t anio, lcolor(orange) lwidth(medthick)), ///
>     ytitle("Proporción (media)") ///
>     xtitle("Año") ///
>     title("t") ///
>     ylabel(, format(%9.2f)) ///
>     graphregion(color(white)) ///
>     name(g_t, replace)

. 
. * Combinar los cuatro paneles en una sola imagen (2x2)
. graph combine g_w_off g_adec g_dd g_t, ///
>     cols(2) ///
>     graphregion(color(white)) ///
>     title("Evolución de las variables en el tiempo")

. 
. * Guardar el gráfico combinado
. graph export "C:\Users\santy\Videos\Respaldos\Desktop\Programas de trabajo\ev
> olucion_variables_paneles.png", replace width(2000)
file C:\Users\santy\Videos\Respaldos\Desktop\Programas de trabajo\evolucion_var
> iables_paneles.png written in PNG format

. 
. restore

. 
. 
. 
. 
. *============================================================================
> ==*
. * 3. COMPARACIÓN: SERIE OFICIAL vs SIMULADA                                  
>    
. *============================================================================
> ==*
. 
. use "$out/historico_adec_sim.dta", clear

. replace area = 1 if area == .
(343,400 real changes made)

. 
. * Promedios nacionales y urbanos
. preserve

.     collapse (mean) adec adec_sim, by(anio area)

.     keep if area == 1
(28 observations deleted)

.     rename (adec adec_sim) (adec_urb adec_sim_urb)

.     tempfile urb

.     save `urb'
file /var/folders/v8/j2_3wzqd1rqc2l_95p5k_2l00000gn/T//St28152.000008 saved
    as .dta format

. restore

. 
. collapse (mean) adec adec_sim if anio != 2002, by(anio)

. rename (adec adec_sim) (adec_nac adec_sim_nac)

. merge 1:1 anio using `urb', nogen
(label labels0 already defined)

    Result                      Number of obs
    -----------------------------------------
    Not matched                             1
        from master                         0  
        from using                          1  

    Matched                                34  
    -----------------------------------------

. sort anio

. 
. format adec_nac adec_sim_nac adec_urb adec_sim_urb %9.3f

. list anio adec_urb adec_sim_urb adec_nac adec_sim_nac, sep(0) noobs

  +--------------------------------------------------+
  | anio   adec_urb   adec_s~b   adec_nac   adec_s~c |
  |--------------------------------------------------|
  | 1991      0.431      0.162      0.431      0.162 |
  | 1992      0.309      0.085      0.309      0.085 |
  | 1993      0.328      0.114      0.328      0.114 |
  | 1994      0.268      0.112      0.268      0.112 |
  | 1995      0.440      0.162      0.440      0.162 |
  | 1996      0.487      0.147      0.487      0.147 |
  | 1997      0.554      0.156      0.554      0.156 |
  | 1998      0.493      0.120      0.493      0.120 |
  | 1999      0.535      0.107      0.535      0.107 |
  | 2000      0.518      0.128      0.437      0.094 |
  | 2001      0.486      0.157      0.390      0.110 |
  | 2002      0.594      0.252          .          . |
  | 2003      0.487      0.170      0.366      0.109 |
  | 2004      0.485      0.224      0.357      0.141 |
  | 2005      0.506      0.241      0.381      0.156 |
  | 2006      0.511      0.271      0.384      0.177 |
  | 2007      0.507      0.297      0.384      0.200 |
  | 2008      0.523      0.293      0.404      0.201 |
  | 2009      0.456      0.262      0.352      0.184 |
  | 2010      0.510      0.284      0.398      0.198 |
  | 2011      0.539      0.338      0.419      0.245 |
  | 2012      0.533      0.355      0.419      0.260 |
  | 2013      0.535      0.396      0.418      0.289 |
  | 2014      0.546      0.405      0.435      0.313 |
  | 2015      0.517      0.394      0.415      0.308 |
  | 2016      0.470      0.378      0.370      0.291 |
  | 2017      0.493      0.404      0.388      0.312 |
  | 2018      0.507      0.415      0.402      0.324 |
  | 2019      0.502      0.419      0.392      0.323 |
  | 2020      0.418      0.347      0.326      0.270 |
  | 2021      0.446      0.377      0.385      0.323 |
  | 2022      0.489      0.423      0.422      0.365 |
  | 2023      0.492      0.441      0.420      0.376 |
  | 2024      0.478      0.432      0.407      0.369 |
  | 2025      0.504      0.505      0.435      0.437 |
  +--------------------------------------------------+

. 
. 
. * Gráfico comparativo
. twoway (line adec_nac     anio , lcolor(navy)   lpattern(dash)) ///
>        (line adec_sim_nac anio , lcolor(maroon)), ///
>     legend(order(1 "Oficial - Nacional" 2 "Simulado SBU 2025 - Nacional") ///
>            rows(2) size(small)) ///
>     yscale(range(0 1)) ylabel(0(0.1)1, format(%9.1f)) ///
>     ytitle("Tasa de empleo adecuado") xtitle("") ///
>     title("Empleo adecuado: oficial vs. simulado con SBU 2025 deflactado") //
> /
>     note("Umbral simulado = SBU 2025 (USD `=sbu_2025') deflactado por IPC pro
> medio Oct-Dic, nacional (base 2014=100).")

. 
. graph export "$out_plot/historico_adec_sim_vs_oficial.pdf", replace
file
    /Users/santiago/Library/CloudStorage/GoogleDrive-observatorio.pobreza@fla
    > cso.edu.ec/Mi unidad/Bases/ENEMDU/Procesadas/analisis
    informalidad/Santiago/historico_adec_sim_vs_oficial.pdf saved as PDF
    format

. 
. 
. *============================================================================
> ==*
. * 4. SERIE AGREGADA Y EXPORTACIÓN A EXCEL
. *============================================================================
> ==*
. * Una fila por año con las dos tasas (vigente y simulada) para el total nacio
> nal
. * y para el área urbana. El denominador es la PEA: adec vale 0 para todo el q
> ue
. * está en la PEA y no cumple las condiciones, así que los desempleados cuenta
> n
. * como no adecuados. Es otro denominador que el de "3. Analisis/analisis_
. * descriptivo.do", que pone adec = . para desocupados e inactivos y por tanto
. * calcula la tasa sobre OCUPADOS (sale entre 1 y 3 pp más alta).
. *
. * Hasta 1999 la ENEMDU de diciembre es urbana y no trae la variable area: en
. * esos años la columna Nacional queda vacía en vez de repetir el dato urbano.
. 
. use "$out/historico_adec_sim.dta", clear

. 
. gen byte _nac = !missing(area)

. gen byte _urb = (area == 1) if !missing(area)
(343,400 missing values generated)

. replace  _urb = 1 if missing(area) & anio <= 1999
(343,400 real changes made)

. 
. foreach a in nac urb {
  2. 
.     preserve
  3.         qui keep if _`a' == 1
  4. 
.         * el número de observaciones va sin ponderar; con [iw=] la opción
.         * (count) de collapse devuelve la suma de pesos, no el conteo
.         tempfile n_`a'
  5.         qui collapse (count) n_pea_`a' = adec, by(anio)
  6.         qui save `n_`a''
  7.     restore
  8. 
.     preserve
  9.         qui keep if _`a' == 1
 10.         qui collapse (mean) adec_`a' = adec (mean) adec_sim_`a' = adec_sim
>  [iw = fexp], by(anio)
 11.         qui replace adec_`a'     = 100 * adec_`a'
 12.         qui replace adec_sim_`a' = 100 * adec_sim_`a'
 13.         qui merge 1:1 anio using `n_`a'', nogen
 14.         tempfile serie_`a'
 15.         qui save `serie_`a''
 16.     restore
 17. }

. 
. use `serie_nac', clear

. merge 1:1 anio using `serie_urb', nogen

    Result                      Number of obs
    -----------------------------------------
    Not matched                             9
        from master                         0  
        from using                          9  

    Matched                                26  
    -----------------------------------------

. sort anio

. 
. order anio adec_nac adec_urb adec_sim_nac adec_sim_urb n_pea_nac n_pea_urb

. 
. label variable anio         "Año"

. label variable adec_nac     "Empleo adecuado, nacional (% PEA)"

. label variable adec_urb     "Empleo adecuado, urbano (% PEA)"

. label variable adec_sim_nac "Empleo adecuado simulado, nacional (% PEA)"

. label variable adec_sim_urb "Empleo adecuado simulado, urbano (% PEA)"

. label variable n_pea_nac    "Observaciones en la PEA, nacional"

. label variable n_pea_urb    "Observaciones en la PEA, urbano"

. 
. format adec_nac adec_urb adec_sim_nac adec_sim_urb %8.2f

. 
. di as txt _n "{hline 72}"

------------------------------------------------------------------------

. di as txt "EMPLEO ADECUADO SOBRE LA PEA"
EMPLEO ADECUADO SOBRE LA PEA

. di as txt "{hline 72}"
------------------------------------------------------------------------

. list anio adec_nac adec_urb adec_sim_nac adec_sim_urb, sep(0) noobs

  +--------------------------------------------------+
  | anio   adec_nac   adec_urb   adec_s~c   adec_s~b |
  |--------------------------------------------------|
  | 1991          .      43.99          .      17.02 |
  | 1992          .      32.22          .       9.33 |
  | 1993          .      34.97          .      12.52 |
  | 1994          .      26.93          .      11.42 |
  | 1995          .      45.88          .      17.14 |
  | 1996          .      50.53          .      15.73 |
  | 1997          .      56.28          .      16.99 |
  | 1998          .      50.69          .      12.90 |
  | 1999          .      54.68          .      11.41 |
  | 2000      44.38      52.07       9.96      13.05 |
  | 2001      40.30      48.01      11.53      15.21 |
  | 2002      57.62      60.90      22.37      26.25 |
  | 2003      41.90      51.61      13.87      18.91 |
  | 2004      42.10      52.56      18.27      24.97 |
  | 2005      43.58      53.87      19.00      25.60 |
  | 2006      44.39      54.46      21.50      28.67 |
  | 2007      43.20      52.90      23.27      30.62 |
  | 2008      44.77      54.03      23.06      29.95 |
  | 2009      39.18      47.77      20.99      27.02 |
  | 2010      44.68      53.87      23.22      29.92 |
  | 2011      45.53      55.45      27.66      35.34 |
  | 2012      46.53      56.54      29.41      37.23 |
  | 2013      47.87      56.92      33.58      41.35 |
  | 2014      49.28      56.39      34.08      39.88 |
  | 2015      46.50      54.04      33.46      39.58 |
  | 2016      41.19      47.64      31.74      37.36 |
  | 2017      42.26      50.36      33.26      40.31 |
  | 2018      40.64      49.28      32.77      40.21 |
  | 2019      38.85      48.02      31.89      39.84 |
  | 2020      30.85      37.44      25.43      30.94 |
  | 2021      33.94      40.99      27.71      33.66 |
  | 2022      36.04      44.53      29.73      36.77 |
  | 2023      35.92      45.27      31.34      39.46 |
  | 2024      33.03      41.53      29.08      36.22 |
  | 2025      37.07      46.02      37.09      46.04 |
  +--------------------------------------------------+

. 
. export excel using "$excel", sheet("Serie") firstrow(varlabels) replace
file /Users/santiago/Library/CloudStorage/GoogleDrive-observatorio.pobreza@flac
> so.edu.ec/Mi unidad/Bases/ENEMDU/Procesadas/analisis informalidad/Santiago/se
> rie_adec_pea_1991_2025.xlsx saved

. di as txt _n "Serie exportada a: $excel"

Serie exportada a: /Users/santiago/Library/CloudStorage/GoogleDrive-observatori
> o.pobreza@flacso.edu.ec/Mi unidad/Bases/ENEMDU/Procesadas/analisis informalid
> ad/Santiago/serie_adec_pea_1991_2025.xlsx

. 
end of do-file

OK  adec.do  (  55.0 segundos)


------------------------------------------------------------------------------
>>> [armonizacion] diseno_muestral.do   (21:49:04)
------------------------------------------------------------------------------

. *------------------------------------------------------------------*
. * DISEÑO MUESTRAL ENEMDU 1991-2025
. * Construye estrato y UPM (unidad primaria de muestreo) armonizados
. * para poder estimar errores estándar e intervalos de confianza.
. *------------------------------------------------------------------*
. * Resultado: $bases_armonizadas/historico_diseno_muestral.dta
. *   id_persona anio
. *   estrato_svy  (numérico, único por año)   <- strata() de svyset
. *   upm_svy      (numérico, único por año)   <- psu de svyset
. *   estrato_str upm_str                      <- códigos originales
. *   diseno_fuente                            <- de dónde sale cada uno
. *
. * Fuentes por período (verificado sobre los archivos empleo`y'.dta):
. *   UPM:
. *     1991-2017  ciudad + zona + sector  (sector censal = UPM)
. *     2018-2025  upm                     (identificador INEC)
. *   Estrato:
. *     1991-2014  provincia x area        (no hay variable de estrato;
. *                                         0-1 estratos con una sola UPM)
. *     2015-2017  plan_muestreo           (140-142 estratos INEC)
. *     2018-2025  estrato                 (150-160 estratos INEC)
. *
. * Nota: 1991-1992 traen una variable 'estrato' (0-3) que NO es el
. *       estrato de muestreo (son 4 categorías para todo el país), por
. *       eso no se usa.
. * Nota: 'conglomerado' (2017+) tiene solo 31 valores distintos, no es
. *       identificador de UPM.
. *------------------------------------------------------------------*
. 
. clear all

. set more off

. 
. global user_root "/Users/santiago/Library/CloudStorage/GoogleDrive-observator
> io.pobreza@flacso.edu.ec/Mi unidad"

. global raw "$user_root/Bases/ENEMDU/Procesadas/Armonizacion/Variables base/Me
> nsuales"

. global bases_armonizadas "$user_root/Bases/ENEMDU/Procesadas/analisis informa
> lidad/Santiago"

. 
. * Rango de años (se puede reducir para pruebas)
. global d_anio_ini 1991

. global d_anio_fin 2025

. 
. tempfile acumulado

. qui save `acumulado', emptyok replace

. 
. forval y = $d_anio_ini/$d_anio_fin {
  2. 
.     di as txt "************** `y' ********************"
  3. 
.     * --- qué variables de diseño existen en este año ---
.     qui describe using "$raw/empleo`y'.dta", varlist
  4.     local vlist `r(varlist)'
  5.     local hay_area : list posof "area" in vlist
  6. 
.     local dv
  7.     if `y' <= 2017              local dv ciudad zona sector
  8.     if inrange(`y', 2015, 2017) local dv `dv' plan_muestreo
  9.     if `y' >= 2018              local dv estrato upm
 10.     if `hay_area'               local dv `dv' area
 11. 
.     use id_persona anio provincia `dv' using "$raw/empleo`y'.dta", clear
 12. 
.     * --- area: antes de 2000 la ENEMDU es solo urbana ---
.     if !`hay_area' gen byte area = 1
 13.     qui replace area = 1 if missing(area)
 14. 
.     * --- UPM ---
.     if `y' <= 2017 {
 15.         gen str psu_str = trim(ciudad) + "-" + trim(zona) + "-" + trim(sec
> tor)
 16.         local f_psu "ciudad+zona+sector"
 17.     }
 18.     else {
 19.         gen str psu_str = trim(upm)
 20.         local f_psu "upm"
 21.     }
 22. 
.     * --- Estrato ---
.     if `y' >= 2018 {
 23.         gen str est_str = trim(estrato)
 24.         local f_est "estrato"
 25.     }
 26.     else if inrange(`y', 2015, 2017) {
 27.         gen str est_str = trim(plan_muestreo)
 28.         local f_est "plan_muestreo"
 29.     }
 30.     else {
 31.         gen str est_str = trim(provincia) + "-" + string(area, "%1.0f")
 32.         local f_est "provincia x area"
 33.     }
 34. 
.     gen str32 diseno_fuente = "`f_est' / `f_psu'"
 35. 
.     * --- control de calidad del año ---
.     qui count if est_str == "" | psu_str == "" | psu_str == "--"
 36.     local nmiss = r(N)
 37. 
.     qui egen __tp = tag(est_str psu_str)
 38.     qui bysort est_str: egen __k = total(__tp)
 39.     qui egen __te = tag(est_str)
 40.     qui count if __te
 41.     local nest = r(N)
 42.     qui count if __te & __k == 1
 43.     local nsing = r(N)
 44.     qui egen __tu = tag(psu_str)
 45.     qui count if __tu
 46.     local nupm = r(N)
 47.     drop __*
 48. 
.     di as txt "   diseño: `f_est' / `f_psu'"
 49.     di as txt "   estratos = `nest' (con una sola UPM: `nsing') ; UPM = `n
> upm' ; sin diseño = `nmiss'"
 50.     if `nmiss' > 0 di as error "   ATENCION: `nmiss' observaciones sin var
> iables de diseño en `y'"
 51. 
.     keep id_persona anio est_str psu_str diseno_fuente
 52.     append using `acumulado'
 53.     qui save `acumulado', replace
 54. }
************** 1991 ********************
   diseño: provincia x area / ciudad+zona+sector
   estratos = 19 (con una sola UPM: 0) ; UPM = 764 ; sin diseño = 0
************** 1992 ********************
   diseño: provincia x area / ciudad+zona+sector
   estratos = 19 (con una sola UPM: 0) ; UPM = 764 ; sin diseño = 0
************** 1993 ********************
   diseño: provincia x area / ciudad+zona+sector
   estratos = 19 (con una sola UPM: 0) ; UPM = 765 ; sin diseño = 0
************** 1994 ********************
   diseño: provincia x area / ciudad+zona+sector
   estratos = 19 (con una sola UPM: 0) ; UPM = 764 ; sin diseño = 0
************** 1995 ********************
   diseño: provincia x area / ciudad+zona+sector
   estratos = 19 (con una sola UPM: 0) ; UPM = 765 ; sin diseño = 0
************** 1996 ********************
   diseño: provincia x area / ciudad+zona+sector
   estratos = 19 (con una sola UPM: 0) ; UPM = 765 ; sin diseño = 0
************** 1997 ********************
   diseño: provincia x area / ciudad+zona+sector
   estratos = 20 (con una sola UPM: 0) ; UPM = 765 ; sin diseño = 0
************** 1998 ********************
   diseño: provincia x area / ciudad+zona+sector
   estratos = 20 (con una sola UPM: 0) ; UPM = 765 ; sin diseño = 0
************** 1999 ********************
   diseño: provincia x area / ciudad+zona+sector
   estratos = 20 (con una sola UPM: 0) ; UPM = 769 ; sin diseño = 0
(variable id_persona was str18, now str19 to accommodate using data's values)
************** 2000 ********************
   diseño: provincia x area / ciudad+zona+sector
   estratos = 38 (con una sola UPM: 0) ; UPM = 1171 ; sin diseño = 0
(variable id_persona was str18, now str19 to accommodate using data's values)
************** 2001 ********************
   diseño: provincia x area / ciudad+zona+sector
   estratos = 38 (con una sola UPM: 0) ; UPM = 1171 ; sin diseño = 0
(variable id_persona was str18, now str19 to accommodate using data's values)
************** 2002 ********************
   diseño: provincia x area / ciudad+zona+sector
   estratos = 22 (con una sola UPM: 0) ; UPM = 500 ; sin diseño = 0
(variable id_persona was str18, now str19 to accommodate using data's values)
************** 2003 ********************
   diseño: provincia x area / ciudad+zona+sector
   estratos = 44 (con una sola UPM: 0) ; UPM = 1633 ; sin diseño = 0
************** 2004 ********************
   diseño: provincia x area / ciudad+zona+sector
   estratos = 44 (con una sola UPM: 0) ; UPM = 1633 ; sin diseño = 0
(variable id_persona was str20, now str21 to accommodate using data's values)
************** 2005 ********************
   diseño: provincia x area / ciudad+zona+sector
   estratos = 44 (con una sola UPM: 0) ; UPM = 1632 ; sin diseño = 0
(variable id_persona was str20, now str21 to accommodate using data's values)
************** 2006 ********************
   diseño: provincia x area / ciudad+zona+sector
   estratos = 44 (con una sola UPM: 0) ; UPM = 1633 ; sin diseño = 0
(variable id_persona was str20, now str21 to accommodate using data's values)
************** 2007 ********************
   diseño: provincia x area / ciudad+zona+sector
   estratos = 44 (con una sola UPM: 0) ; UPM = 1683 ; sin diseño = 0
(variable id_persona was str20, now str21 to accommodate using data's values)
************** 2008 ********************
   diseño: provincia x area / ciudad+zona+sector
   estratos = 44 (con una sola UPM: 0) ; UPM = 1724 ; sin diseño = 0
(variable id_persona was str20, now str21 to accommodate using data's values)
************** 2009 ********************
   diseño: provincia x area / ciudad+zona+sector
   estratos = 44 (con una sola UPM: 1) ; UPM = 1814 ; sin diseño = 0
(variable id_persona was str20, now str21 to accommodate using data's values)
************** 2010 ********************
   diseño: provincia x area / ciudad+zona+sector
   estratos = 44 (con una sola UPM: 1) ; UPM = 1837 ; sin diseño = 0
(variable id_persona was str20, now str21 to accommodate using data's values)
************** 2011 ********************
   diseño: provincia x area / ciudad+zona+sector
   estratos = 44 (con una sola UPM: 0) ; UPM = 1810 ; sin diseño = 0
(variable id_persona was str20, now str21 to accommodate using data's values)
************** 2012 ********************
   diseño: provincia x area / ciudad+zona+sector
   estratos = 44 (con una sola UPM: 0) ; UPM = 1955 ; sin diseño = 0
(variable id_persona was str20, now str21 to accommodate using data's values)
************** 2013 ********************
   diseño: provincia x area / ciudad+zona+sector
   estratos = 48 (con una sola UPM: 2) ; UPM = 1814 ; sin diseño = 0
(variable id_persona was str20, now str21 to accommodate using data's values)
************** 2014 ********************
   diseño: provincia x area / ciudad+zona+sector
   estratos = 50 (con una sola UPM: 1) ; UPM = 2591 ; sin diseño = 0
(variable id_persona was str20, now str21 to accommodate using data's values)
************** 2015 ********************
   diseño: plan_muestreo / ciudad+zona+sector
   estratos = 142 (con una sola UPM: 1) ; UPM = 2591 ; sin diseño = 0
(variable id_persona was str20, now str21 to accommodate using data's values)
************** 2016 ********************
   diseño: plan_muestreo / ciudad+zona+sector
   estratos = 146 (con una sola UPM: 0) ; UPM = 2595 ; sin diseño = 0
(variable id_persona was str20, now str21 to accommodate using data's values)
************** 2017 ********************
   diseño: plan_muestreo / ciudad+zona+sector
   estratos = 140 (con una sola UPM: 0) ; UPM = 2596 ; sin diseño = 0
(variable id_persona was str20, now str21 to accommodate using data's values)
************** 2018 ********************
   diseño: estrato / upm
   estratos = 160 (con una sola UPM: 0) ; UPM = 2414 ; sin diseño = 0
(variable id_persona was str20, now str21 to accommodate using data's values)
(variable psu_str was str12, now str14 to accommodate using data's values)
************** 2019 ********************
   diseño: estrato / upm
   estratos = 163 (con una sola UPM: 0) ; UPM = 2438 ; sin diseño = 0
(variable id_persona was str20, now str21 to accommodate using data's values)
(variable psu_str was str12, now str14 to accommodate using data's values)
************** 2020 ********************
   diseño: estrato / upm
   estratos = 160 (con una sola UPM: 0) ; UPM = 1294 ; sin diseño = 0
(variable id_persona was str20, now str21 to accommodate using data's values)
(variable psu_str was str12, now str14 to accommodate using data's values)
************** 2021 ********************
   diseño: estrato / upm
   estratos = 150 (con una sola UPM: 0) ; UPM = 1288 ; sin diseño = 0
(variable id_persona was str20, now str21 to accommodate using data's values)
(variable psu_str was str12, now str14 to accommodate using data's values)
************** 2022 ********************
   diseño: estrato / upm
   estratos = 150 (con una sola UPM: 0) ; UPM = 1288 ; sin diseño = 0
(variable id_persona was str20, now str21 to accommodate using data's values)
(variable psu_str was str12, now str14 to accommodate using data's values)
************** 2023 ********************
   diseño: estrato / upm
   estratos = 150 (con una sola UPM: 0) ; UPM = 1288 ; sin diseño = 0
(variable id_persona was str20, now str21 to accommodate using data's values)
(variable psu_str was str12, now str14 to accommodate using data's values)
************** 2024 ********************
   diseño: estrato / upm
   estratos = 150 (con una sola UPM: 0) ; UPM = 1288 ; sin diseño = 0
(variable id_persona was str20, now str21 to accommodate using data's values)
(variable psu_str was str12, now str14 to accommodate using data's values)
************** 2025 ********************
   diseño: estrato / upm
   estratos = 150 (con una sola UPM: 0) ; UPM = 1288 ; sin diseño = 0
(variable id_persona was str20, now str21 to accommodate using data's values)
(variable psu_str was str12, now str14 to accommodate using data's values)

. 
. use `acumulado', clear

. 
. * --- Identificadores numéricos (svyset no acepta strings) ---
. * El grupo incluye 'anio' para que estratos y UPM nunca se mezclen
. * entre años: cada año se svysetea por separado.
. egen long estrato_svy = group(anio est_str)

. egen long upm_svy     = group(anio psu_str)

. 
. rename est_str estrato_str

. rename psu_str upm_str

. 
. label var estrato_svy   "Estrato de muestreo (numérico, único por año)"

. label var upm_svy       "UPM (numérico, único por año)"

. label var estrato_str   "Código original del estrato"

. label var upm_str       "Código original de la UPM"

. label var diseno_fuente "Origen de estrato/UPM"

. 
. order id_persona anio estrato_svy upm_svy estrato_str upm_str diseno_fuente

. compress
  variable anio was float now int
  variable estrato_svy was long now int
  (8,397,892 bytes saved)

. 
. cap isid id_persona anio

. if _rc di as error "ATENCION: id_persona-anio no identifica unívocamente las 
> observaciones"

. 
. save "$bases_armonizadas/historico_diseno_muestral.dta", replace
file
    /Users/santiago/Library/CloudStorage/GoogleDrive-observatorio.pobreza@fla
    > cso.edu.ec/Mi unidad/Bases/ENEMDU/Procesadas/analisis
    informalidad/Santiago/historico_diseno_muestral.dta saved

. 
. * --- Resumen final ---
. preserve

.     egen te = tag(anio estrato_svy)

.     egen tu = tag(anio upm_svy)

.     gen byte uno = 1

.     collapse (sum) n_estratos = te n_upm = tu n_obs = uno, by(anio diseno_fue
> nte)

.     list anio diseno_fuente n_estratos n_upm n_obs, noobs sepby(diseno_fuente
> )

  +---------------------------------------------------------------------+
  | anio                      diseno_fuente   n_estr~s   n_upm    n_obs |
  |---------------------------------------------------------------------|
  | 1991   provincia x area / ciudad+zona+s         19     764    39071 |
  | 1992   provincia x area / ciudad+zona+s         19     764    38088 |
  | 1993   provincia x area / ciudad+zona+s         19     765    37735 |
  | 1994   provincia x area / ciudad+zona+s         19     764    37409 |
  | 1995   provincia x area / ciudad+zona+s         19     765    36568 |
  | 1996   provincia x area / ciudad+zona+s         19     765    37264 |
  | 1997   provincia x area / ciudad+zona+s         20     765    36684 |
  | 1998   provincia x area / ciudad+zona+s         20     765    40509 |
  | 1999   provincia x area / ciudad+zona+s         20     769    40072 |
  | 2000   provincia x area / ciudad+zona+s         38    1171    62469 |
  | 2001   provincia x area / ciudad+zona+s         38    1171    60749 |
  | 2002   provincia x area / ciudad+zona+s         22     500    24799 |
  | 2003   provincia x area / ciudad+zona+s         44    1633    82317 |
  | 2004   provincia x area / ciudad+zona+s         44    1633    83043 |
  | 2005   provincia x area / ciudad+zona+s         44    1632    77050 |
  | 2006   provincia x area / ciudad+zona+s         44    1633    77964 |
  | 2007   provincia x area / ciudad+zona+s         44    1683    76921 |
  | 2008   provincia x area / ciudad+zona+s         44    1724    78742 |
  | 2009   provincia x area / ciudad+zona+s         44    1814    78878 |
  | 2010   provincia x area / ciudad+zona+s         44    1837    82774 |
  | 2011   provincia x area / ciudad+zona+s         44    1810    69653 |
  | 2012   provincia x area / ciudad+zona+s         44    1955    73686 |
  | 2013   provincia x area / ciudad+zona+s         48    1814    81386 |
  | 2014   provincia x area / ciudad+zona+s         50    2591   116505 |
  |---------------------------------------------------------------------|
  | 2015   plan_muestreo / ciudad+zona+sect        142    2591   112821 |
  | 2016   plan_muestreo / ciudad+zona+sect        146    2595   114086 |
  | 2017   plan_muestreo / ciudad+zona+sect        140    2596   110283 |
  |---------------------------------------------------------------------|
  | 2018                      estrato / upm        160    2414    59350 |
  | 2019                      estrato / upm        163    2438    59208 |
  | 2020                      estrato / upm        160    1294    30646 |
  | 2021                      estrato / upm        150    1288    30026 |
  | 2022                      estrato / upm        150    1288    28993 |
  | 2023                      estrato / upm        150    1288    28306 |
  | 2024                      estrato / upm        150    1288    27610 |
  | 2025                      estrato / upm        150    1288    27808 |
  +---------------------------------------------------------------------+

. restore

. 
end of do-file

OK  diseno_muestral.do  (  32.0 segundos)


------------------------------------------------------------------------------
>>> [armonizacion] armonizacion_educacion.do   (21:49:36)
------------------------------------------------------------------------------

. *============================================================================
> ==*
. * ARMONIZACIÓN: EDUCACIÓN UNIVERSITARIA (1990-2024)                          
> *
. * educ_univ = 1 si tiene educación universitaria, 0 en otro caso             
>  *
. *============================================================================
> ==*
. 
. * Definición de rutas globales para facilitar la portabilidad del código
. * Raiz del Drive segun el usuario que corre el script: antes estaba fija en
. * la carpeta de vero, asi que el do-file no arrancaba en otras maquinas.
. if "`c(username)'" == "vero" global user_root "/Users/vero/Library/CloudStora
> ge/GoogleDrive-observatorio.pobreza@flacso.edu.ec/Mi unidad/"

. else                         global user_root "/Users/santiago/Library/CloudS
> torage/GoogleDrive-observatorio.pobreza@flacso.edu.ec/Mi unidad/"

. global bases "$user_root/Bases"

. global raw "$bases/ENEMDU/Procesadas/Armonizacion/Variables base/Mensuales"

. global salarios "$bases/Salarios"

. global out "$bases/ENEMDU/Procesadas/analisis informalidad/Santiago"

. global gh "/Users/vero/Documents/Observatorio GH/Observatorio-Desigualdad-Pob
> reza/"

. global out_plot "$user_root/Boletín 3/2. Armonización de variables/Gráficos d
> e control"

. 
. global important_variable educ_univ

. 
. use "$raw/empleo1990.dta" in 1, clear 

. destring area, replace
area: all characters numeric; replaced as byte

. drop in 1
(1 observation deleted)

. 
. tempfile educ_acumulado

. save `educ_acumulado', replace
(dataset contains 0 observations)
(file /var/folders/v8/j2_3wzqd1rqc2l_95p5k_2l00000gn/T//St28152.000001 not
    found)
file /var/folders/v8/j2_3wzqd1rqc2l_95p5k_2l00000gn/T//St28152.000001 saved
    as .dta format

. 
. foreach y of numlist 1990(1)2025 {
  2. 
.     di "*****************   `y'   ************************"
  3. 
.     use "$raw/empleo`y'.dta", clear 
  4.     
.     rename *, lower
  5.     
.     * Inicializar variable armonizada de educación universitaria
.     gen educ_univ = 0
  6.     
.     *------------------------------------------------------------------------
> --*
.     * PERÍODO 1990-2000: Variable 'nivinst' con 5 categorías
.     * 1 ninguno / 2 alfabetización / 3 primaria / 4 secundaria / 5 superior
.     *------------------------------------------------------------------------
> --*
.     if (inrange(`y', 1990, 2000)) {
  7.         capture confirm variable nivinst
  8.         if !_rc {
  9.             replace educ_univ = 1 if nivinst == 5  // Superior
 10.             replace educ_univ = . if missing(nivinst)
 11.         }
 12.     }
 13.     
.     *------------------------------------------------------------------------
> --*
.     * 2001: nivinst con 7 categorías (incluye jardín y postgrado)
.     * 1 ninguno / 2 alfabetización / 3 jardín / 4 primaria / 
.     * 5 secundaria / 6 superior / 7 postgrado
.     *------------------------------------------------------------------------
> --*
.     if (`y' == 2001) {
 14.         capture confirm variable nivinst
 15.         if !_rc {
 16.             replace educ_univ = 1 if inlist(nivinst, 6, 7)  // Superior o 
> postgrado
 17.             replace educ_univ = . if missing(nivinst)
 18.         }
 19.     }
 20.     
.     *------------------------------------------------------------------------
> --*
.     * 2002: nivinst con 8 categorías (separa superior universitaria/no univ)
.     * 1 ninguno / 2 alfabetización / 3 jardín / 4 primaria / 5 secundaria / 
.     * 6 superior no universitaria / 7 superior / 8 postgrado
.     *------------------------------------------------------------------------
> --*
.     if (`y' == 2002) {
 21.         capture confirm variable nivinst
 22.         if !_rc {
 23.             replace educ_univ = 1 if inlist(nivinst, 7, 8)  // Superior un
> iversitaria o postgrado
 24.             replace educ_univ = . if missing(nivinst)
 25.         }
 26.     }
 27.     
.     *------------------------------------------------------------------------
> --*
.     * 2003-2006: nivinst con 10 categorías (más desagregado)
.     * 1 ninguno / 2 alfabetización / 3 jardín / 4 primaria / 5 educ básica / 
.     * 6 secundaria / 7 educ media / 8 superior no universitaria / 
.     * 9 superior universitaria / 10 postgrado
.     *------------------------------------------------------------------------
> --*
.     if (inrange(`y', 2003, 2006)) {
 28.         capture confirm variable nivinst
 29.         if !_rc {
 30.             replace educ_univ = 1 if inlist(nivinst, 9, 10)  // Superior u
> niversitaria o postgrado
 31.             replace educ_univ = . if missing(nivinst)
 32.         }
 33.     }
 34.     
.     *------------------------------------------------------------------------
> --*
.     * PERÍODO 2007-2024: Variables p10a (nivel) y p10b (año aprobado)
.     * p10a: 1 Ninguno / 2 Alfabetización / 3 Jardín / 4 Primaria / 
.     *       5 Educación Básica / 6 Secundaria / 7 Educación Media / 
.     *       8 Superior no universitario / 9 Superior Universitario / 10 Postg
> rado
.     *------------------------------------------------------------------------
> --*
.     if (`y' >= 2007) {
 35.         capture confirm variable p10a
 36.         if !_rc {
 37.             replace educ_univ = 1 if inlist(p10a, 9, 10)  // Superior univ
> ersitaria o postgrado
 38.             replace educ_univ = . if missing(p10a)
 39.         }
 40.     }
 41.     
.     * Etiquetar variable armonizada
.     label define lbl_educ 0 "No universitaria" 1 "Universitaria", replace
 42.     label values educ_univ lbl_educ
 43.     label variable educ_univ "Educación universitaria (armonizado)"
 44.     
.     * do "$gh/Generales/id_persona_loop.do"
.     
.     capture confirm variable area 
 45.     if  !_rc {
 46.         local area_var area
 47.         destring area, replace 
 48.     }
 49.     else local area_var 
 50.     
.     keep id_persona $important_variable anio `area_var'
 51.     
.     append using `educ_acumulado'
 52.     
.     keep id_persona $important_variable anio `area_var'
 53.         
.     save `educ_acumulado', replace
 54.     
.     di "*************** `y' *****************"
 55.     
.     count if id_persona == ""
 56.     local n = r(N)
 57.     
.     if (`n' != 0) asd
 58. 
. }
*****************   1990   ************************
  (all newnames==oldnames)
(3,361 real changes made)
(5,009 real changes made, 5,009 to missing)
area: all characters numeric; replaced as byte
(label peamsiu already defined)
(label condact already defined)
(label LABD already defined)
(label otrosi already defined)
(label jubil already defined)
(label rentas already defined)
(label formapag already defined)
(label pertrabn already defined)
(label catetrab already defined)
(label tiemnot already defined)
(label condina already defined)
(label motnobus already defined)
(label tiembus already defined)
(label LABC already defined)
(label trabn already defined)
(label ratmeh already defined)
(label pornot already defined)
(label hortrasa already defined)
(label actayuda already defined)
(label cuanvic already defined)
(label LABB already defined)
(label nivinst already defined)
(label sexo already defined)
(label edad already defined)
(label reljefe already defined)
(label resumen already defined)
file /var/folders/v8/j2_3wzqd1rqc2l_95p5k_2l00000gn/T//St28152.000001 saved
    as .dta format
*************** 1990 *****************
  0
*****************   1991   ************************
  (all newnames==oldnames)
(3,760 real changes made)
(5,261 real changes made, 5,261 to missing)
(variable id_persona was str18, now str19 to accommodate using data's values)
(label lbl_educ already defined)
file /var/folders/v8/j2_3wzqd1rqc2l_95p5k_2l00000gn/T//St28152.000001 saved
    as .dta format
*************** 1991 *****************
  0
*****************   1992   ************************
  (all newnames==oldnames)
(3,986 real changes made)
(4,764 real changes made, 4,764 to missing)
(variable id_persona was str18, now str19 to accommodate using data's values)
(label lbl_educ already defined)
file /var/folders/v8/j2_3wzqd1rqc2l_95p5k_2l00000gn/T//St28152.000001 saved
    as .dta format
*************** 1992 *****************
  0
*****************   1993   ************************
  (all newnames==oldnames)
(3,834 real changes made)
(4,765 real changes made, 4,765 to missing)
(variable id_persona was str18, now str19 to accommodate using data's values)
(label lbl_educ already defined)
file /var/folders/v8/j2_3wzqd1rqc2l_95p5k_2l00000gn/T//St28152.000001 saved
    as .dta format
*************** 1993 *****************
  0
*****************   1994   ************************
  (all newnames==oldnames)
(4,273 real changes made)
(4,682 real changes made, 4,682 to missing)
(variable id_persona was str18, now str19 to accommodate using data's values)
(label lbl_educ already defined)
file /var/folders/v8/j2_3wzqd1rqc2l_95p5k_2l00000gn/T//St28152.000001 saved
    as .dta format
*************** 1994 *****************
  0
*****************   1995   ************************
  (all newnames==oldnames)
(4,240 real changes made)
(4,564 real changes made, 4,564 to missing)
(variable id_persona was str18, now str19 to accommodate using data's values)
(label lbl_educ already defined)
file /var/folders/v8/j2_3wzqd1rqc2l_95p5k_2l00000gn/T//St28152.000001 saved
    as .dta format
*************** 1995 *****************
  0
*****************   1996   ************************
  (all newnames==oldnames)
(4,376 real changes made)
(4,528 real changes made, 4,528 to missing)
(variable id_persona was str18, now str19 to accommodate using data's values)
(label lbl_educ already defined)
file /var/folders/v8/j2_3wzqd1rqc2l_95p5k_2l00000gn/T//St28152.000001 saved
    as .dta format
*************** 1996 *****************
  0
*****************   1997   ************************
  (all newnames==oldnames)
(4,509 real changes made)
(4,520 real changes made, 4,520 to missing)
(variable id_persona was str18, now str19 to accommodate using data's values)
(label lbl_educ already defined)
file /var/folders/v8/j2_3wzqd1rqc2l_95p5k_2l00000gn/T//St28152.000001 saved
    as .dta format
*************** 1997 *****************
  0
*****************   1998   ************************
  (all newnames==oldnames)
(4,940 real changes made)
(5,072 real changes made, 5,072 to missing)
(label lbl_educ already defined)
file /var/folders/v8/j2_3wzqd1rqc2l_95p5k_2l00000gn/T//St28152.000001 saved
    as .dta format
*************** 1998 *****************
  0
*****************   1999   ************************
  (all newnames==oldnames)
(5,205 real changes made)
(4,971 real changes made, 4,971 to missing)
(variable id_persona was str18, now str19 to accommodate using data's values)
(label lbl_educ already defined)
file /var/folders/v8/j2_3wzqd1rqc2l_95p5k_2l00000gn/T//St28152.000001 saved
    as .dta format
*************** 1999 *****************
  0
*****************   2000   ************************
  (all newnames==oldnames)
(5,465 real changes made)
(6,803 real changes made, 6,803 to missing)
area already numeric; no replace
(variable id_persona was str18, now str19 to accommodate using data's values)
(label lbl_educ already defined)
file /var/folders/v8/j2_3wzqd1rqc2l_95p5k_2l00000gn/T//St28152.000001 saved
    as .dta format
*************** 2000 *****************
  0
*****************   2001   ************************
  (all newnames==oldnames)
(6,262 real changes made)
(6,890 real changes made, 6,890 to missing)
area already numeric; no replace
(variable id_persona was str18, now str19 to accommodate using data's values)
(label lbl_educ already defined)
file /var/folders/v8/j2_3wzqd1rqc2l_95p5k_2l00000gn/T//St28152.000001 saved
    as .dta format
*************** 2001 *****************
  0
*****************   2002   ************************
  (all newnames==oldnames)
(3,373 real changes made)
(0 real changes made)
area already numeric; no replace
(variable id_persona was str18, now str19 to accommodate using data's values)
(label lbl_educ already defined)
file /var/folders/v8/j2_3wzqd1rqc2l_95p5k_2l00000gn/T//St28152.000001 saved
    as .dta format
*************** 2002 *****************
  0
*****************   2003   ************************
  (all newnames==oldnames)
(6,517 real changes made)
(8,956 real changes made, 8,956 to missing)
area already numeric; no replace
(label lbl_educ already defined)
file /var/folders/v8/j2_3wzqd1rqc2l_95p5k_2l00000gn/T//St28152.000001 saved
    as .dta format
*************** 2003 *****************
  0
*****************   2004   ************************
  (all newnames==oldnames)
(7,037 real changes made)
(8,426 real changes made, 8,426 to missing)
area already numeric; no replace
(variable id_persona was str20, now str21 to accommodate using data's values)
(label lbl_educ already defined)
file /var/folders/v8/j2_3wzqd1rqc2l_95p5k_2l00000gn/T//St28152.000001 saved
    as .dta format
*************** 2004 *****************
  0
*****************   2005   ************************
  (all newnames==oldnames)
(6,647 real changes made)
(7,135 real changes made, 7,135 to missing)
area already numeric; no replace
(variable id_persona was str20, now str21 to accommodate using data's values)
(label lbl_educ already defined)
file /var/folders/v8/j2_3wzqd1rqc2l_95p5k_2l00000gn/T//St28152.000001 saved
    as .dta format
*************** 2005 *****************
  0
*****************   2006   ************************
  (all newnames==oldnames)
(6,957 real changes made)
(7,203 real changes made, 7,203 to missing)
area already numeric; no replace
(variable id_persona was str20, now str21 to accommodate using data's values)
(label lbl_educ already defined)
file /var/folders/v8/j2_3wzqd1rqc2l_95p5k_2l00000gn/T//St28152.000001 saved
    as .dta format
*************** 2006 *****************
  0
*****************   2007   ************************
  (all newnames==oldnames)
(7,228 real changes made)
(7,191 real changes made, 7,191 to missing)
area already numeric; no replace
(variable id_persona was str20, now str21 to accommodate using data's values)
(label lbl_educ already defined)
file /var/folders/v8/j2_3wzqd1rqc2l_95p5k_2l00000gn/T//St28152.000001 saved
    as .dta format
*************** 2007 *****************
  0
*****************   2008   ************************
  (all newnames==oldnames)
(7,755 real changes made)
(6,876 real changes made, 6,876 to missing)
area already numeric; no replace
(variable id_persona was str20, now str21 to accommodate using data's values)
(label lbl_educ already defined)
(label area already defined)
file /var/folders/v8/j2_3wzqd1rqc2l_95p5k_2l00000gn/T//St28152.000001 saved
    as .dta format
*************** 2008 *****************
  0
*****************   2009   ************************
  (all newnames==oldnames)
(7,913 real changes made)
(6,499 real changes made, 6,499 to missing)
area already numeric; no replace
(variable id_persona was str20, now str21 to accommodate using data's values)
(label lbl_educ already defined)
(label area already defined)
file /var/folders/v8/j2_3wzqd1rqc2l_95p5k_2l00000gn/T//St28152.000001 saved
    as .dta format
*************** 2009 *****************
  0
*****************   2010   ************************
  (all newnames==oldnames)
(8,591 real changes made)
(6,599 real changes made, 6,599 to missing)
area already numeric; no replace
(variable id_persona was str20, now str21 to accommodate using data's values)
(label lbl_educ already defined)
(label area already defined)
file /var/folders/v8/j2_3wzqd1rqc2l_95p5k_2l00000gn/T//St28152.000001 saved
    as .dta format
*************** 2010 *****************
  0
*****************   2011   ************************
  (all newnames==oldnames)
(7,936 real changes made)
(5,551 real changes made, 5,551 to missing)
area already numeric; no replace
(variable id_persona was str20, now str21 to accommodate using data's values)
(label lbl_educ already defined)
(label area already defined)
file /var/folders/v8/j2_3wzqd1rqc2l_95p5k_2l00000gn/T//St28152.000001 saved
    as .dta format
*************** 2011 *****************
  0
*****************   2012   ************************
  (all newnames==oldnames)
(8,462 real changes made)
(5,550 real changes made, 5,550 to missing)
area already numeric; no replace
(variable id_persona was str20, now str21 to accommodate using data's values)
(label lbl_educ already defined)
(label area already defined)
file /var/folders/v8/j2_3wzqd1rqc2l_95p5k_2l00000gn/T//St28152.000001 saved
    as .dta format
*************** 2012 *****************
  0
*****************   2013   ************************
  (all newnames==oldnames)
(8,371 real changes made)
(6,962 real changes made, 6,962 to missing)
area already numeric; no replace
(variable id_persona was str20, now str21 to accommodate using data's values)
(label lbl_educ already defined)
(label area already defined)
file /var/folders/v8/j2_3wzqd1rqc2l_95p5k_2l00000gn/T//St28152.000001 saved
    as .dta format
*************** 2013 *****************
  0
*****************   2014   ************************
  (all newnames==oldnames)
(12,713 real changes made)
(10,467 real changes made, 10,467 to missing)
area already numeric; no replace
(variable area was byte, now double to accommodate using data's values)
(variable id_persona was str20, now str21 to accommodate using data's values)
(label lbl_educ already defined)
file /var/folders/v8/j2_3wzqd1rqc2l_95p5k_2l00000gn/T//St28152.000001 saved
    as .dta format
*************** 2014 *****************
  0
*****************   2015   ************************
  (all newnames==oldnames)
(12,776 real changes made)
(10,257 real changes made, 10,257 to missing)
area already numeric; no replace
(variable area was byte, now double to accommodate using data's values)
(variable id_persona was str20, now str21 to accommodate using data's values)
(label lbl_educ already defined)
file /var/folders/v8/j2_3wzqd1rqc2l_95p5k_2l00000gn/T//St28152.000001 saved
    as .dta format
*************** 2015 *****************
  0
*****************   2016   ************************
  (all newnames==oldnames)
(13,126 real changes made)
(9,311 real changes made, 9,311 to missing)
area already numeric; no replace
(variable area was byte, now double to accommodate using data's values)
(variable id_persona was str20, now str21 to accommodate using data's values)
(label lbl_educ already defined)
file /var/folders/v8/j2_3wzqd1rqc2l_95p5k_2l00000gn/T//St28152.000001 saved
    as .dta format
*************** 2016 *****************
  0
*****************   2017   ************************
  (all newnames==oldnames)
(13,292 real changes made)
(8,495 real changes made, 8,495 to missing)
area already numeric; no replace
(variable area was byte, now double to accommodate using data's values)
(variable id_persona was str20, now str21 to accommodate using data's values)
(label lbl_educ already defined)
(label labels0 already defined)
file /var/folders/v8/j2_3wzqd1rqc2l_95p5k_2l00000gn/T//St28152.000001 saved
    as .dta format
*************** 2017 *****************
  0
*****************   2018   ************************
  (all newnames==oldnames)
(8,054 real changes made)
(3,975 real changes made, 3,975 to missing)
area already numeric; no replace
(variable area was byte, now double to accommodate using data's values)
(variable id_persona was str20, now str21 to accommodate using data's values)
(label lbl_educ already defined)
(label labels0 already defined)
file /var/folders/v8/j2_3wzqd1rqc2l_95p5k_2l00000gn/T//St28152.000001 saved
    as .dta format
*************** 2018 *****************
  0
*****************   2019   ************************
  (all newnames==oldnames)
(8,136 real changes made)
(3,787 real changes made, 3,787 to missing)
area already numeric; no replace
(variable area was byte, now double to accommodate using data's values)
(variable id_persona was str20, now str21 to accommodate using data's values)
(label lbl_educ already defined)
(label labels0 already defined)
file /var/folders/v8/j2_3wzqd1rqc2l_95p5k_2l00000gn/T//St28152.000001 saved
    as .dta format
*************** 2019 *****************
  0
*****************   2020   ************************
  (all newnames==oldnames)
(4,847 real changes made)
(1,906 real changes made, 1,906 to missing)
area already numeric; no replace
(variable area was byte, now double to accommodate using data's values)
(variable id_persona was str20, now str21 to accommodate using data's values)
(label lbl_educ already defined)
(label labels0 already defined)
file /var/folders/v8/j2_3wzqd1rqc2l_95p5k_2l00000gn/T//St28152.000001 saved
    as .dta format
*************** 2020 *****************
  0
*****************   2021   ************************
  (all newnames==oldnames)
(5,371 real changes made)
(1,888 real changes made, 1,888 to missing)
area already numeric; no replace
(variable area was byte, now double to accommodate using data's values)
(variable id_persona was str20, now str21 to accommodate using data's values)
(label lbl_educ already defined)
(label labels0 already defined)
file /var/folders/v8/j2_3wzqd1rqc2l_95p5k_2l00000gn/T//St28152.000001 saved
    as .dta format
*************** 2021 *****************
  0
*****************   2022   ************************
  (all newnames==oldnames)
(5,324 real changes made)
(1,682 real changes made, 1,682 to missing)
area already numeric; no replace
(variable area was byte, now double to accommodate using data's values)
(variable id_persona was str20, now str21 to accommodate using data's values)
(label lbl_educ already defined)
(label labels0 already defined)
file /var/folders/v8/j2_3wzqd1rqc2l_95p5k_2l00000gn/T//St28152.000001 saved
    as .dta format
*************** 2022 *****************
  0
*****************   2023   ************************
  (all newnames==oldnames)
(5,058 real changes made)
(1,634 real changes made, 1,634 to missing)
area already numeric; no replace
(variable area was byte, now double to accommodate using data's values)
(variable id_persona was str20, now str21 to accommodate using data's values)
(label lbl_educ already defined)
(label labels0 already defined)
file /var/folders/v8/j2_3wzqd1rqc2l_95p5k_2l00000gn/T//St28152.000001 saved
    as .dta format
*************** 2023 *****************
  0
*****************   2024   ************************
  (all newnames==oldnames)
(4,864 real changes made)
(1,451 real changes made, 1,451 to missing)
area already numeric; no replace
(variable id_persona was str20, now str21 to accommodate using data's values)
(label lbl_educ already defined)
file /var/folders/v8/j2_3wzqd1rqc2l_95p5k_2l00000gn/T//St28152.000001 saved
    as .dta format
*************** 2024 *****************
  0
*****************   2025   ************************
  (all newnames==oldnames)
(5,180 real changes made)
(1,438 real changes made, 1,438 to missing)
area already numeric; no replace
(variable area was byte, now double to accommodate using data's values)
(variable id_persona was str20, now str21 to accommodate using data's values)
(label lbl_educ already defined)
file /var/folders/v8/j2_3wzqd1rqc2l_95p5k_2l00000gn/T//St28152.000001 saved
    as .dta format
*************** 2025 *****************
  0

. 
. save "$out/historico_educacion.dta", replace
file
    /Users/santiago/Library/CloudStorage/GoogleDrive-observatorio.pobreza@fla
    > cso.edu.ec/Mi unidad//Bases/ENEMDU/Procesadas/analisis
    informalidad/Santiago/historico_educacion.dta saved

. 
. use "$out/historico_educacion.dta", clear

. 
. * Verificación
. tab anio educ_univ, row missing

+----------------+
| Key            |
|----------------|
|   frequency    |
| row percentage |
+----------------+

           |     Educación universitaria
           |           (armonizado)
      anio | No univer  Universit          . |     Total
-----------+---------------------------------+----------
      1990 |    28,841      3,361      5,009 |    37,211 
           |     77.51       9.03      13.46 |    100.00 
-----------+---------------------------------+----------
      1991 |    30,050      3,760      5,261 |    39,071 
           |     76.91       9.62      13.47 |    100.00 
-----------+---------------------------------+----------
      1992 |    29,338      3,986      4,764 |    38,088 
           |     77.03      10.47      12.51 |    100.00 
-----------+---------------------------------+----------
      1993 |    29,136      3,834      4,765 |    37,735 
           |     77.21      10.16      12.63 |    100.00 
-----------+---------------------------------+----------
      1994 |    28,454      4,273      4,682 |    37,409 
           |     76.06      11.42      12.52 |    100.00 
-----------+---------------------------------+----------
      1995 |    27,764      4,240      4,564 |    36,568 
           |     75.92      11.59      12.48 |    100.00 
-----------+---------------------------------+----------
      1996 |    28,360      4,376      4,528 |    37,264 
           |     76.11      11.74      12.15 |    100.00 
-----------+---------------------------------+----------
      1997 |    27,655      4,509      4,520 |    36,684 
           |     75.39      12.29      12.32 |    100.00 
-----------+---------------------------------+----------
      1998 |    30,497      4,940      5,072 |    40,509 
           |     75.28      12.19      12.52 |    100.00 
-----------+---------------------------------+----------
      1999 |    29,896      5,205      4,971 |    40,072 
           |     74.61      12.99      12.41 |    100.00 
-----------+---------------------------------+----------
      2000 |    50,201      5,465      6,803 |    62,469 
           |     80.36       8.75      10.89 |    100.00 
-----------+---------------------------------+----------
      2001 |    47,597      6,262      6,890 |    60,749 
           |     78.35      10.31      11.34 |    100.00 
-----------+---------------------------------+----------
      2002 |    21,426      3,373          0 |    24,799 
           |     86.40      13.60       0.00 |    100.00 
-----------+---------------------------------+----------
      2003 |    66,844      6,517      8,956 |    82,317 
           |     81.20       7.92      10.88 |    100.00 
-----------+---------------------------------+----------
      2004 |    67,580      7,037      8,426 |    83,043 
           |     81.38       8.47      10.15 |    100.00 
-----------+---------------------------------+----------
      2005 |    63,268      6,647      7,135 |    77,050 
           |     82.11       8.63       9.26 |    100.00 
-----------+---------------------------------+----------
      2006 |    63,804      6,957      7,203 |    77,964 
           |     81.84       8.92       9.24 |    100.00 
-----------+---------------------------------+----------
      2007 |    62,502      7,228      7,191 |    76,921 
           |     81.25       9.40       9.35 |    100.00 
-----------+---------------------------------+----------
      2008 |    64,111      7,755      6,876 |    78,742 
           |     81.42       9.85       8.73 |    100.00 
-----------+---------------------------------+----------
      2009 |    64,466      7,913      6,499 |    78,878 
           |     81.73      10.03       8.24 |    100.00 
-----------+---------------------------------+----------
      2010 |    67,584      8,591      6,599 |    82,774 
           |     81.65      10.38       7.97 |    100.00 
-----------+---------------------------------+----------
      2011 |    56,166      7,936      5,551 |    69,653 
           |     80.64      11.39       7.97 |    100.00 
-----------+---------------------------------+----------
      2012 |    59,674      8,462      5,550 |    73,686 
           |     80.98      11.48       7.53 |    100.00 
-----------+---------------------------------+----------
      2013 |    66,053      8,371      6,962 |    81,386 
           |     81.16      10.29       8.55 |    100.00 
-----------+---------------------------------+----------
      2014 |    93,325     12,713     10,467 |   116,505 
           |     80.10      10.91       8.98 |    100.00 
-----------+---------------------------------+----------
      2015 |    89,788     12,776     10,257 |   112,821 
           |     79.58      11.32       9.09 |    100.00 
-----------+---------------------------------+----------
      2016 |    91,649     13,126      9,311 |   114,086 
           |     80.33      11.51       8.16 |    100.00 
-----------+---------------------------------+----------
      2017 |    88,496     13,292      8,495 |   110,283 
           |     80.24      12.05       7.70 |    100.00 
-----------+---------------------------------+----------
      2018 |    47,321      8,054      3,975 |    59,350 
           |     79.73      13.57       6.70 |    100.00 
-----------+---------------------------------+----------
      2019 |    47,285      8,136      3,787 |    59,208 
           |     79.86      13.74       6.40 |    100.00 
-----------+---------------------------------+----------
      2020 |    23,893      4,847      1,906 |    30,646 
           |     77.96      15.82       6.22 |    100.00 
-----------+---------------------------------+----------
      2021 |    22,767      5,371      1,888 |    30,026 
           |     75.82      17.89       6.29 |    100.00 
-----------+---------------------------------+----------
      2022 |    21,987      5,324      1,682 |    28,993 
           |     75.84      18.36       5.80 |    100.00 
-----------+---------------------------------+----------
      2023 |    21,614      5,058      1,634 |    28,306 
           |     76.36      17.87       5.77 |    100.00 
-----------+---------------------------------+----------
      2024 |    21,295      4,864      1,451 |    27,610 
           |     77.13      17.62       5.26 |    100.00 
-----------+---------------------------------+----------
      2025 |    21,190      5,180      1,438 |    27,808 
           |     76.20      18.63       5.17 |    100.00 
-----------+---------------------------------+----------
     Total | 1,701,877    239,739    195,068 | 2,136,684 
           |     79.65      11.22       9.13 |    100.00 

. 
. preserve

.     collapse (mean) $important_variable, by(anio area)

.     list

     +-------------------------------+
     | area   anio         educ_univ |
     |-------------------------------|
  1. |    .   1990   .10437239706516 |
  2. |    .   1991   .11120969802141 |
  3. |    .   1992   .11961349099874 |
  4. |    .   1993   .11628753691912 |
  5. |    .   1994   .13056497275829 |
     |-------------------------------|
  6. |    .   1995   .13248343765736 |
  7. |    .   1996   .13367547094822 |
  8. |    .   1997   .14018778502941 |
  9. |    .   1998   .13940231502056 |
 10. |    .   1999   .14828637242317 |
     |-------------------------------|
 11. |        2000    .1460769623518 |
 12. |        2000   .02232329361141 |
 13. |        2001   .17427170276642 |
 14. |        2001   .02724834159017 |
 15. |        2002   .17566074430943 |
     |-------------------------------|
 16. |        2002   .11433325707912 |
 17. |    3   2002   .08734491467476 |
 18. |    5   2002   .02830188721418 |
 19. |        2003   .14673127233982 |
 20. |        2003   .02159566245973 |
     |-------------------------------|
 21. |        2004   .15720942616463 |
 22. |        2004   .02277153916657 |
 23. |        2005   .15641869604588 |
 24. |        2005   .02213525399566 |
 25. |        2006   .16307927668095 |
     |-------------------------------|
 26. |        2006   .02338129468262 |
 27. |        2007   .16927990317345 |
 28. |        2007   .02413804084063 |
 29. |        2008   .17402729392052 |
 30. |        2008   .02685374394059 |
     |-------------------------------|
 31. |        2009   .17365781962872 |
 32. |        2009   .03120602108538 |
 33. |        2010   .18050576746464 |
 34. |        2010   .03264452144504 |
 35. |        2011   .18951492011547 |
     |-------------------------------|
 36. |        2011   .03547266498208 |
 37. |        2012   .19291564822197 |
 38. |        2012   .03577421233058 |
 39. |        2013   .17887163162231 |
 40. |        2013   .03343536704779 |
     |-------------------------------|
 41. |        2014   .17687411606312 |
 42. |        2014   .03750432655215 |
 43. |        2015   .18034940958023 |
 44. |        2015   .04301488399506 |
 45. |        2016   .18090459704399 |
     |-------------------------------|
 46. |        2016   .04339003935456 |
 47. |        2017    .1875849366188 |
 48. |        2017   .04509172961116 |
 49. |        2018   .20366086065769 |
 50. |        2018   .04862213134766 |
     |-------------------------------|
 51. |        2019   .20588921010494 |
 52. |        2019   .05084986612201 |
 53. |        2020   .23192705214024 |
 54. |        2020   .05932042375207 |
 55. |        2021   .23401346802711 |
     |-------------------------------|
 56. |        2021   .07540512084961 |
 57. |        2022   .23922134935856 |
 58. |        2022   .07183390855789 |
 59. |        2023   .23341359198093 |
 60. |        2023   .07018034160137 |
     |-------------------------------|
 61. |        2024   .22871950268745 |
 62. |        2024   .07014311850071 |
 63. |        2025   .23701499402523 |
 64. |        2025   .08161487430334 |
     +-------------------------------+

.     format $important_variable %9.2f

.     keep if area == 1
(38 observations deleted)

.     rename $important_variable ${important_variable}_urb

.     tempfile urb

.     save `urb'
file /var/folders/v8/j2_3wzqd1rqc2l_95p5k_2l00000gn/T//St28152.000003 saved
    as .dta format

. restore

. 
. preserve

.     collapse (mean) $important_variable, by(anio)

.     format $important_variable %9.2f

.     rename $important_variable ${important_variable}_nac

.     merge 1:1 anio using `urb', nogen
(label labels0 already defined)

    Result                      Number of obs
    -----------------------------------------
    Not matched                            10
        from master                        10  
        from using                          0  

    Matched                                26  
    -----------------------------------------

.     list

     +-----------------------------------+
     | anio   educ_u~c   area   educ_u~b |
     |-----------------------------------|
  1. | 1990       0.10      .          . |
  2. | 1991       0.11      .          . |
  3. | 1992       0.12      .          . |
  4. | 1993       0.12      .          . |
  5. | 1994       0.13      .          . |
     |-----------------------------------|
  6. | 1995       0.13      .          . |
  7. | 1996       0.13      .          . |
  8. | 1997       0.14      .          . |
  9. | 1998       0.14      .          . |
 10. | 1999       0.15      .          . |
     |-----------------------------------|
 11. | 2000       0.10              0.15 |
 12. | 2001       0.12              0.17 |
 13. | 2002       0.14              0.18 |
 14. | 2003       0.09              0.15 |
 15. | 2004       0.09              0.16 |
     |-----------------------------------|
 16. | 2005       0.10              0.16 |
 17. | 2006       0.10              0.16 |
 18. | 2007       0.10              0.17 |
 19. | 2008       0.11              0.17 |
 20. | 2009       0.11              0.17 |
     |-----------------------------------|
 21. | 2010       0.11              0.18 |
 22. | 2011       0.12              0.19 |
 23. | 2012       0.12              0.19 |
 24. | 2013       0.11              0.18 |
 25. | 2014       0.12              0.18 |
     |-----------------------------------|
 26. | 2015       0.12              0.18 |
 27. | 2016       0.13              0.18 |
 28. | 2017       0.13              0.19 |
 29. | 2018       0.15              0.20 |
 30. | 2019       0.15              0.21 |
     |-----------------------------------|
 31. | 2020       0.17              0.23 |
 32. | 2021       0.19              0.23 |
 33. | 2022       0.19              0.24 |
 34. | 2023       0.19              0.23 |
 35. | 2024       0.19              0.23 |
     |-----------------------------------|
 36. | 2025       0.20              0.24 |
     +-----------------------------------+

.     
.     twoway (line ${important_variable}_nac anio)  ///
>            (line ${important_variable}_urb anio), ///
>            legend(order(1 "Nacional" 2 "Urbano"))  ///
>            yscale(range(0 1)) ylabel(#5, format(%9.2f)) ///
>            ytitle("Proporción con educación universitaria") xtitle("Año") ///
>            title("Evolución de la educación universitaria (1990-2025)")

. restore

. 
. graph export "$out_plot/historico_${important_variable}.pdf", replace
file
    /Users/santiago/Library/CloudStorage/GoogleDrive-observatorio.pobreza@fla
    > cso.edu.ec/Mi unidad//Boletín 3/2. Armonización de variables/Gráficos
    de control/historico_educ_univ.pdf saved as PDF format

. 
end of do-file

OK  armonizacion_educacion.do  (   7.0 segundos)


------------------------------------------------------------------------------
>>> [armonizacion] armonizacion_etnia.do   (21:49:43)
------------------------------------------------------------------------------

. *============================================================================
> ==*
. * ARMONIZACIÓN: ETNIA/AUTOIDENTIFICACIÓN ÉTNICA (1990-2024)                  
> *
. * etnia_arm = variable armonizada de autoidentificación étnica               
>  *
. * Categorías: 1=Indígena, 2=Negro/Afro, 3=Blanco/Mestizo, 4=Otro             
>  *
. *============================================================================
> ==*
. 
. * Definición de rutas globales para facilitar la portabilidad del código
. * Raiz del Drive segun el usuario que corre el script: antes estaba fija en
. * la carpeta de vero, asi que el do-file no arrancaba en otras maquinas.
. if "`c(username)'" == "vero" global user_root "/Users/vero/Library/CloudStora
> ge/GoogleDrive-observatorio.pobreza@flacso.edu.ec/Mi unidad/"

. else                         global user_root "/Users/santiago/Library/CloudS
> torage/GoogleDrive-observatorio.pobreza@flacso.edu.ec/Mi unidad/"

. global bases "$user_root/Bases"

. global raw "$bases/ENEMDU/Procesadas/Armonizacion/Variables base/Mensuales"

. global salarios "$bases/Salarios"

. global out "$bases/ENEMDU/Procesadas/analisis informalidad/Santiago"

. global gh "/Users/vero/Documents/Observatorio GH/Observatorio-Desigualdad-Pob
> reza/"

. global out_plot "$user_root/Boletín 3/2. Armonización de variables/Gráficos d
> e control"

. 
. global important_variable etnia_arm

. 
. use "$raw/empleo1990.dta" in 1, clear 

. destring area, replace
area: all characters numeric; replaced as byte

. drop in 1
(1 observation deleted)

. 
. tempfile etnia_acumulado

. save `etnia_acumulado', replace
(dataset contains 0 observations)
(file /var/folders/v8/j2_3wzqd1rqc2l_95p5k_2l00000gn/T//St28152.000001 not
    found)
file /var/folders/v8/j2_3wzqd1rqc2l_95p5k_2l00000gn/T//St28152.000001 saved
    as .dta format

. 
. foreach y of numlist 2003(1)2025 {
  2. 
.     di "*****************   `y'   ************************"
  3. 
.     use "$raw/empleo`y'.dta", clear 
  4.     
.     rename *, lower
  5.     
.     * Inicializar variable armonizada de etnia
.     gen etnia_arm = .
  6.     
.     *------------------------------------------------------------------------
> --*
.     * PERÍODO 1990-2000: NO DISPONIBLE
.     *------------------------------------------------------------------------
> --*
.     if (inrange(`y', 1990, 2000)) {
  7.         * No hay información de etnia en estos años
.         replace etnia_arm = .
  8.     }
  9.     
.     *------------------------------------------------------------------------
> --*
.     * PERÍODO 2001-2002: Variables pe13 (idioma) y pe14 (autoidentificación)
.     * pe14: 1 blanco / 2 negro / 3 indígena / 4 mestizo / 5 mulato / 6 otro
.     *------------------------------------------------------------------------
> --*
.     if (inrange(`y', 2001, 2002)) {
 10.         capture confirm variable pe14
 11.         if !_rc {
 12.             replace etnia_arm = 1 if pe14 == 3              // Indígena
 13.             replace etnia_arm = 2 if inlist(pe14, 2, 5)     // Negro/Mulat
> o
 14.             replace etnia_arm = 3 if inlist(pe14, 1, 4)     // Blanco/Mest
> izo
 15.             replace etnia_arm = 4 if pe14 == 6              // Otro
 16.             replace etnia_arm = . if missing(pe14)
 17.         }
 18.     }
 19.     
.     *------------------------------------------------------------------------
> --*
.     * PERÍODO 2003: Variable pe13 (autoidentificación directa)
.     * pe13: 1 indígena / 2 blanco / 3 mestizo / 4 negro / 5 mulato / 6 otro
.     *------------------------------------------------------------------------
> --*
.     if (`y' == 2003) {
 20.         capture confirm variable pe13
 21.         if !_rc {
 22.             replace etnia_arm = 1 if pe13 == 1              // Indígena
 23.             replace etnia_arm = 2 if inlist(pe13, 4, 5)     // Negro/Mulat
> o
 24.             replace etnia_arm = 3 if inlist(pe13, 2, 3)     // Blanco/Mest
> izo
 25.             replace etnia_arm = 4 if pe13 == 6              // Otro
 26.             replace etnia_arm = . if missing(pe13)
 27.         }
 28.     }
 29.     
.     *------------------------------------------------------------------------
> --*
.     * PERÍODO 2004-2006: Variable pe13 (autoidentificación directa)
.     * pe13: 1 indígena / 2 blanco / 3 mestizo / 4 negro / 5 mulato / 6 otro
.     *------------------------------------------------------------------------
> --*
.     if (inrange(`y', 2004, 2006)) {
 30.         capture confirm variable pe13
 31.         if !_rc {
 32.             replace etnia_arm = 1 if pe13 == 1              // Indígena
 33.             replace etnia_arm = 2 if inlist(pe13, 4, 5)     // Negro/Mulat
> o
 34.             replace etnia_arm = 3 if inlist(pe13, 2, 3)     // Blanco/Mest
> izo
 35.             replace etnia_arm = 4 if pe13 == 6              // Otro
 36.             replace etnia_arm = . if missing(pe13)
 37.         }
 38.     }
 39.     
.     *------------------------------------------------------------------------
> --*
.     * PERÍODO 2007-2024: Variable p15 (autoidentificación ampliada)
.     * p15: 1 Indígena / 2 Afroecuatoriano / 3 Negro / 4 Mulato / 
.     *      5 Montubio / 6 Mestizo / 7 Blanco / 8 Otro
.     *------------------------------------------------------------------------
> --*
.     if (`y' >= 2007) {
 40.         capture confirm variable p15
 41.         if !_rc {
 42.             replace etnia_arm = 1 if p15 == 1                    // Indíge
> na
 43.             replace etnia_arm = 2 if inlist(p15, 2, 3, 4)        // Afroec
> uatoriano/Negro/Mulato
 44.             replace etnia_arm = 3 if inlist(p15, 6, 7)           // Mestiz
> o/Blanco
 45.             replace etnia_arm = 4 if inlist(p15, 5, 8)           // Montub
> io/Otro
 46.             replace etnia_arm = . if missing(p15)
 47.         }
 48.     }
 49.     
.     * Etiquetar variable armonizada
.     label define lbl_etnia 1 "Indígena" 2 "Negro/Afro" 3 "Blanco/Mestizo" 4 "
> Otro", replace
 50.     label values etnia_arm lbl_etnia
 51.     label variable etnia_arm "Etnia (armonizado)"
 52.     
.     * do "$gh/Generales/id_persona_loop.do"
.     
.     capture confirm variable area 
 53.     if  !_rc {
 54.         local area_var area
 55.         destring area, replace 
 56.     }
 57.     else local area_var 
 58.     
.     keep id_persona $important_variable anio `area_var'
 59.     
.     append using `etnia_acumulado'
 60.     
.     keep id_persona $important_variable anio `area_var'
 61.         
.     save `etnia_acumulado', replace
 62.     
.     di "*************** `y' *****************"
 63.     
.     count if id_persona == ""
 64.     local n = r(N)
 65.     
.     if (`n' != 0) asd
 66. 
. }
*****************   2003   ************************
  (all newnames==oldnames)
(82,317 missing values generated)
(4,902 real changes made)
(2,856 real changes made)
(45,650 real changes made)
(100 real changes made)
(0 real changes made)
area already numeric; no replace
(label peamsiu already defined)
(label condact already defined)
(label LABD already defined)
(label condina already defined)
(label motnobus already defined)
(label LABC already defined)
(label ratmeh already defined)
(label pornot already defined)
(label actayuda already defined)
(label LABB already defined)
(label nivinst already defined)
(label sexo already defined)
(label reljefe already defined)
file /var/folders/v8/j2_3wzqd1rqc2l_95p5k_2l00000gn/T//St28152.000001 saved
    as .dta format
*************** 2003 *****************
  0
*****************   2004   ************************
  (all newnames==oldnames)
(83,043 missing values generated)
(6,950 real changes made)
(3,547 real changes made)
(64,110 real changes made)
(10 real changes made)
(0 real changes made)
area already numeric; no replace
(variable id_persona was str20, now str21 to accommodate using data's values)
(label lbl_etnia already defined)
file /var/folders/v8/j2_3wzqd1rqc2l_95p5k_2l00000gn/T//St28152.000001 saved
    as .dta format
*************** 2004 *****************
  0
*****************   2005   ************************
  (all newnames==oldnames)
(77,050 missing values generated)
(5,862 real changes made)
(3,629 real changes made)
(60,284 real changes made)
(140 real changes made)
(0 real changes made)
area already numeric; no replace
(variable id_persona was str20, now str21 to accommodate using data's values)
(label lbl_etnia already defined)
file /var/folders/v8/j2_3wzqd1rqc2l_95p5k_2l00000gn/T//St28152.000001 saved
    as .dta format
*************** 2005 *****************
  0
*****************   2006   ************************
  (all newnames==oldnames)
(77,964 missing values generated)
(6,271 real changes made)
(3,866 real changes made)
(60,602 real changes made)
(22 real changes made)
(0 real changes made)
area already numeric; no replace
(variable id_persona was str20, now str21 to accommodate using data's values)
(label lbl_etnia already defined)
file /var/folders/v8/j2_3wzqd1rqc2l_95p5k_2l00000gn/T//St28152.000001 saved
    as .dta format
*************** 2006 *****************
  0
*****************   2007   ************************
  (all newnames==oldnames)
(76,921 missing values generated)
(5,654 real changes made)
(3,674 real changes made)
(60,165 real changes made)
(235 real changes made)
(0 real changes made)
area already numeric; no replace
(variable id_persona was str20, now str21 to accommodate using data's values)
(label lbl_etnia already defined)
file /var/folders/v8/j2_3wzqd1rqc2l_95p5k_2l00000gn/T//St28152.000001 saved
    as .dta format
*************** 2007 *****************
  0
*****************   2008   ************************
  (all newnames==oldnames)
(78,742 missing values generated)
(5,966 real changes made)
(4,354 real changes made)
(61,473 real changes made)
(73 real changes made)
(0 real changes made)
area already numeric; no replace
(variable id_persona was str20, now str21 to accommodate using data's values)
(label lbl_etnia already defined)
(label area already defined)
file /var/folders/v8/j2_3wzqd1rqc2l_95p5k_2l00000gn/T//St28152.000001 saved
    as .dta format
*************** 2008 *****************
  0
*****************   2009   ************************
  (all newnames==oldnames)
(78,878 missing values generated)
(5,779 real changes made)
(3,639 real changes made)
(62,784 real changes made)
(177 real changes made)
(0 real changes made)
area already numeric; no replace
(variable id_persona was str20, now str21 to accommodate using data's values)
(label lbl_etnia already defined)
(label area already defined)
file /var/folders/v8/j2_3wzqd1rqc2l_95p5k_2l00000gn/T//St28152.000001 saved
    as .dta format
*************** 2009 *****************
  0
*****************   2010   ************************
  (all newnames==oldnames)
(82,774 missing values generated)
(5,898 real changes made)
(4,182 real changes made)
(61,652 real changes made)
(4,443 real changes made)
(0 real changes made)
area already numeric; no replace
(variable id_persona was str20, now str21 to accommodate using data's values)
(label lbl_etnia already defined)
(label area already defined)
file /var/folders/v8/j2_3wzqd1rqc2l_95p5k_2l00000gn/T//St28152.000001 saved
    as .dta format
*************** 2010 *****************
  0
*****************   2011   ************************
  (all newnames==oldnames)
(69,653 missing values generated)
(4,445 real changes made)
(3,868 real changes made)
(52,541 real changes made)
(3,248 real changes made)
(0 real changes made)
area already numeric; no replace
(variable id_persona was str20, now str21 to accommodate using data's values)
(label lbl_etnia already defined)
(label area already defined)
file /var/folders/v8/j2_3wzqd1rqc2l_95p5k_2l00000gn/T//St28152.000001 saved
    as .dta format
*************** 2011 *****************
  0
*****************   2012   ************************
  (all newnames==oldnames)
(73,686 missing values generated)
(4,668 real changes made)
(3,520 real changes made)
(56,411 real changes made)
(3,537 real changes made)
(0 real changes made)
area already numeric; no replace
(variable id_persona was str20, now str21 to accommodate using data's values)
(label lbl_etnia already defined)
(label area already defined)
file /var/folders/v8/j2_3wzqd1rqc2l_95p5k_2l00000gn/T//St28152.000001 saved
    as .dta format
*************** 2012 *****************
  0
*****************   2013   ************************
  (all newnames==oldnames)
(81,386 missing values generated)
(6,453 real changes made)
(4,664 real changes made)
(60,253 real changes made)
(3,054 real changes made)
(0 real changes made)
area already numeric; no replace
(variable id_persona was str20, now str21 to accommodate using data's values)
(label lbl_etnia already defined)
(label area already defined)
file /var/folders/v8/j2_3wzqd1rqc2l_95p5k_2l00000gn/T//St28152.000001 saved
    as .dta format
*************** 2013 *****************
  0
*****************   2014   ************************
  (all newnames==oldnames)
(116,505 missing values generated)
(13,442 real changes made)
(4,672 real changes made)
(85,419 real changes made)
(2,505 real changes made)
(0 real changes made)
area already numeric; no replace
(variable area was byte, now double to accommodate using data's values)
(variable id_persona was str20, now str21 to accommodate using data's values)
(label lbl_etnia already defined)
file /var/folders/v8/j2_3wzqd1rqc2l_95p5k_2l00000gn/T//St28152.000001 saved
    as .dta format
*************** 2014 *****************
  0
*****************   2015   ************************
  (all newnames==oldnames)
(112,821 missing values generated)
(14,078 real changes made)
(4,754 real changes made)
(80,712 real changes made)
(3,020 real changes made)
(0 real changes made)
area already numeric; no replace
(variable area was byte, now double to accommodate using data's values)
(variable id_persona was str20, now str21 to accommodate using data's values)
(label lbl_etnia already defined)
file /var/folders/v8/j2_3wzqd1rqc2l_95p5k_2l00000gn/T//St28152.000001 saved
    as .dta format
*************** 2015 *****************
  0
*****************   2016   ************************
  (all newnames==oldnames)
(114,086 missing values generated)
(14,309 real changes made)
(4,537 real changes made)
(83,327 real changes made)
(2,602 real changes made)
(0 real changes made)
area already numeric; no replace
(variable area was byte, now double to accommodate using data's values)
(variable id_persona was str20, now str21 to accommodate using data's values)
(label lbl_etnia already defined)
file /var/folders/v8/j2_3wzqd1rqc2l_95p5k_2l00000gn/T//St28152.000001 saved
    as .dta format
*************** 2016 *****************
  0
*****************   2017   ************************
  (all newnames==oldnames)
(110,283 missing values generated)
(13,705 real changes made)
(4,638 real changes made)
(80,390 real changes made)
(3,055 real changes made)
(0 real changes made)
area already numeric; no replace
(variable area was byte, now double to accommodate using data's values)
(variable id_persona was str20, now str21 to accommodate using data's values)
(label lbl_etnia already defined)
(label labels0 already defined)
file /var/folders/v8/j2_3wzqd1rqc2l_95p5k_2l00000gn/T//St28152.000001 saved
    as .dta format
*************** 2017 *****************
  0
*****************   2018   ************************
  (all newnames==oldnames)
(59,350 missing values generated)
(4,256 real changes made)
(1,509 real changes made)
(46,290 real changes made)
(3,320 real changes made)
(0 real changes made)
area already numeric; no replace
(variable area was byte, now double to accommodate using data's values)
(variable id_persona was str20, now str21 to accommodate using data's values)
(label lbl_etnia already defined)
(label labels0 already defined)
file /var/folders/v8/j2_3wzqd1rqc2l_95p5k_2l00000gn/T//St28152.000001 saved
    as .dta format
*************** 2018 *****************
  0
*****************   2019   ************************
  (all newnames==oldnames)
(59,208 missing values generated)
(4,665 real changes made)
(2,039 real changes made)
(43,907 real changes made)
(4,810 real changes made)
(0 real changes made)
area already numeric; no replace
(variable area was byte, now double to accommodate using data's values)
(variable id_persona was str20, now str21 to accommodate using data's values)
(label lbl_etnia already defined)
(label labels0 already defined)
file /var/folders/v8/j2_3wzqd1rqc2l_95p5k_2l00000gn/T//St28152.000001 saved
    as .dta format
*************** 2019 *****************
  0
*****************   2020   ************************
  (all newnames==oldnames)
(30,646 missing values generated)
(2,481 real changes made)
(927 real changes made)
(23,986 real changes made)
(1,346 real changes made)
(0 real changes made)
area already numeric; no replace
(variable area was byte, now double to accommodate using data's values)
(variable id_persona was str20, now str21 to accommodate using data's values)
(label lbl_etnia already defined)
(label labels0 already defined)
file /var/folders/v8/j2_3wzqd1rqc2l_95p5k_2l00000gn/T//St28152.000001 saved
    as .dta format
*************** 2020 *****************
  0
*****************   2021   ************************
  (all newnames==oldnames)
(30,026 missing values generated)
(2,142 real changes made)
(1,225 real changes made)
(24,201 real changes made)
(570 real changes made)
(0 real changes made)
area already numeric; no replace
(variable area was byte, now double to accommodate using data's values)
(variable id_persona was str20, now str21 to accommodate using data's values)
(label lbl_etnia already defined)
(label labels0 already defined)
file /var/folders/v8/j2_3wzqd1rqc2l_95p5k_2l00000gn/T//St28152.000001 saved
    as .dta format
*************** 2021 *****************
  0
*****************   2022   ************************
  (all newnames==oldnames)
(28,993 missing values generated)
(1,943 real changes made)
(944 real changes made)
(23,967 real changes made)
(457 real changes made)
(0 real changes made)
area already numeric; no replace
(variable area was byte, now double to accommodate using data's values)
(variable id_persona was str20, now str21 to accommodate using data's values)
(label lbl_etnia already defined)
(label labels0 already defined)
file /var/folders/v8/j2_3wzqd1rqc2l_95p5k_2l00000gn/T//St28152.000001 saved
    as .dta format
*************** 2022 *****************
  0
*****************   2023   ************************
  (all newnames==oldnames)
(28,306 missing values generated)
(1,976 real changes made)
(1,002 real changes made)
(23,307 real changes made)
(387 real changes made)
(0 real changes made)
area already numeric; no replace
(variable area was byte, now double to accommodate using data's values)
(variable id_persona was str20, now str21 to accommodate using data's values)
(label lbl_etnia already defined)
(label labels0 already defined)
file /var/folders/v8/j2_3wzqd1rqc2l_95p5k_2l00000gn/T//St28152.000001 saved
    as .dta format
*************** 2023 *****************
  0
*****************   2024   ************************
  (all newnames==oldnames)
(27,610 missing values generated)
(1,965 real changes made)
(1,036 real changes made)
(22,726 real changes made)
(432 real changes made)
(0 real changes made)
area already numeric; no replace
(variable id_persona was str20, now str21 to accommodate using data's values)
(label lbl_etnia already defined)
file /var/folders/v8/j2_3wzqd1rqc2l_95p5k_2l00000gn/T//St28152.000001 saved
    as .dta format
*************** 2024 *****************
  0
*****************   2025   ************************
  (all newnames==oldnames)
(27,808 missing values generated)
(1,934 real changes made)
(1,085 real changes made)
(22,991 real changes made)
(360 real changes made)
(0 real changes made)
area already numeric; no replace
(variable area was byte, now double to accommodate using data's values)
(variable id_persona was str20, now str21 to accommodate using data's values)
(label lbl_etnia already defined)
file /var/folders/v8/j2_3wzqd1rqc2l_95p5k_2l00000gn/T//St28152.000001 saved
    as .dta format
*************** 2025 *****************
  0

. 
. save "$out/historico_etnia.dta", replace
file
    /Users/santiago/Library/CloudStorage/GoogleDrive-observatorio.pobreza@fla
    > cso.edu.ec/Mi unidad//Bases/ENEMDU/Procesadas/analisis
    informalidad/Santiago/historico_etnia.dta saved

. 
. use "$out/historico_etnia.dta", clear

. 
. tab anio etnia_arm, nofreq row

           |             Etnia (armonizado)
      anio |  Indígena  Negro/Afr  Blanco/Me       Otro |     Total
-----------+--------------------------------------------+----------
      2003 |      9.16       5.34      85.31       0.19 |    100.00 
      2004 |      9.31       4.75      85.92       0.01 |    100.00 
      2005 |      8.38       5.19      86.22       0.20 |    100.00 
      2006 |      8.86       5.46      85.64       0.03 |    100.00 
      2007 |      8.11       5.27      86.29       0.34 |    100.00 
      2008 |      8.30       6.06      85.54       0.10 |    100.00 
      2009 |      7.98       5.03      86.74       0.24 |    100.00 
      2010 |      7.74       5.49      80.93       5.83 |    100.00 
      2011 |      6.93       6.03      81.96       5.07 |    100.00 
      2012 |      6.85       5.17      82.79       5.19 |    100.00 
      2013 |      8.67       6.27      80.96       4.10 |    100.00 
      2014 |     12.68       4.41      80.56       2.36 |    100.00 
      2015 |     13.73       4.64      78.69       2.94 |    100.00 
      2016 |     13.66       4.33      79.53       2.48 |    100.00 
      2017 |     13.46       4.56      78.98       3.00 |    100.00 
      2018 |      7.69       2.73      83.59       6.00 |    100.00 
      2019 |      8.42       3.68      79.22       8.68 |    100.00 
      2020 |      8.63       3.23      83.46       4.68 |    100.00 
      2021 |      7.61       4.35      86.01       2.03 |    100.00 
      2022 |      7.11       3.46      87.76       1.67 |    100.00 
      2023 |      7.41       3.76      87.38       1.45 |    100.00 
      2024 |      7.51       3.96      86.88       1.65 |    100.00 
      2025 |      7.33       4.11      87.19       1.37 |    100.00 
-----------+--------------------------------------------+----------
     Total |      9.60       4.82      82.97       2.61 |    100.00 

. 
end of do-file

OK  armonizacion_etnia.do  (   4.0 segundos)


------------------------------------------------------------------------------
>>> [armonizacion] armonizacion_pea.do   (21:49:47)
------------------------------------------------------------------------------

. * PEA armonizada        
. 
. * ======================================================================
. * 0. CONFIGURACIÓN INICIAL Y RUTAS
. * ======================================================================
. clear all

. set more off

. 
. * Raiz del Drive segun el usuario que corre el script: antes estaba fija en
. * la carpeta de vero, asi que el do-file no arrancaba en otras maquinas.
. if "`c(username)'" == "vero" global user_root "/Users/vero/Library/CloudStora
> ge/GoogleDrive-observatorio.pobreza@flacso.edu.ec/Mi unidad"

. else                         global user_root "/Users/santiago/Library/CloudS
> torage/GoogleDrive-observatorio.pobreza@flacso.edu.ec/Mi unidad"

. global bases "$user_root/Bases"

. global raw "$bases/ENEMDU/Procesadas/Armonizacion/Variables base/Mensuales"

. global out "$bases/ENEMDU/Procesadas/analisis informalidad/Santiago"

. global out_plot "$user_root/Boletín 3/2. Armonización de variables/Gráfico
> s de control"

. 
. 
. 
. * ======================================================================
. * 1. BUCLE DE PROCESAMIENTO CON TABLAS DE VALORES ABSOLUTOS
. * ======================================================================
. forvalues anio_loop = 1990/2025 {
  2.     
.     use "$raw/empleo`anio_loop'.dta", clear
  3.         
.     * --- A. PROCESAMIENTO SILENCIOSO ---
.     quietly {
  4.         capture rename p03 edad
  5.         drop if edad < 15
  6.         capture rename anio_encuesta anio
  7.         capture rename periodo anio
  8. 
.         * Condición de Actividad
.         capture confirm variable condactn
  9.         if _rc == 0 local v_cond "condactn"
 10.         else {
 11.             capture confirm variable condact
 12.             if _rc == 0 local v_cond "condact"
 13.             else local v_cond ""
 14.         }
 15. 
.         * Sectorización
.         local v_sect ""
 16.         foreach v in peamsiu SECEMP secemp {
 17.             capture confirm variable `v'
 18.             if _rc == 0 {
 19.                 local v_sect "`v'"
 20.                 continue, break
 21.             }
 22.         }
 23. 
.         * Creación de PEA
.         if "`v_cond'" != "" {
 24.             capture drop mi_pea
 25.             gen mi_pea = 0
 26.             if `anio_loop' <= 2013 replace mi_pea = 1 if inrange(`v_cond',
>  0, 6)
 27.             else               replace mi_pea = 1 if inrange(`v_cond', 1, 
> 8)
 28.             
.             label define lpea 1 "PEA" 0 "Inactivo", replace
 29.             label values mi_pea lpea
 30.         }
 31.         
.         gen sector_armonizado = .
 32.         if "`v_sect'" != "" replace sector_armonizado = `v_sect'
 33.     }
 34. 
.         
.     * Tabla 1: Cruce de Condición de Actividad vs Nuestra PEA
.     tab `v_cond' mi_pea [iw=fexp], missing
 35.     
.     * Tabla 2: Cruce de nuestra PEA con Sector
.     if "`v_sect'" != "" {
 36.         display "2. Distribución de la PEA por Sector (`v_sect'):"
 37.         tab mi_pea `v_sect' [iw=fexp], missing
 38.     }
 39.     else {
 40.         display "❌ No se detectó variable de sector en este año."
 41.     }
 42. 
.         
. 
.     * --- C. GUARDADO ---
.     quietly {
 43.         capture confirm variable id_persona
 44.         if _rc == 0 {
 45.                         
.                         cap confirm variable area
 46.                         if !_rc local area_var area
 47.                         else    local area_var 
 48.             keep id_persona anio mi_pea sector_armonizado fexp `area_var'
 49.                         tempfile clasif_`anio_loop'
 50.             save `clasif_`anio_loop'', replace
 51.             local guardado "SÍ"
 52.         }
 53.         else local guardado "NO"
 54.     }
 55.     
.     if "`guardado'" == "SÍ" display "✅ Base espejo guardada con éxito."
 56.     display ""
 57. }

         condici�n de |        mi_pea
            actividad |  Inactivo        PEA |     Total
----------------------+----------------------+----------
ocupados no bi�n defi |         0     74,714 |    74,714 
      ocupados plenos |         0    884,656 |   884,656 
  subempleo invisible |         0    312,507 |   312,507 
    subempleo visible |         0     56,829 |    56,829 
           informales |         0    938,516 |   938,516 
 desocupados cesantes |         0     69,206 |    69,206 
desocupados primera v |         0     76,982 |    76,982 
            inactivos | 1,554,243          0 | 1,554,243 
      otros inactivos |     4,685          0 |     4,685 
----------------------+----------------------+----------
                Total | 1,558,928  2,413,410 | 3,972,338 
2. Distribución de la PEA por Sector (peamsiu):

           |                sectorizaci�n de la pea
    mi_pea |   moderno   informal  actividad  servicio           . |     Total
-----------+-------------------------------------------------------+----------
  Inactivo |         0          0          0          0  1,558,928 | 1,558,928 
       PEA | 1,198,394    938,942    153,821    122,253          0 | 2,413,410 
-----------+-------------------------------------------------------+----------
     Total | 1,198,394    938,942    153,821    122,253  1,558,928 | 3,972,338 
✅ Base espejo guardada con éxito.


         condici�n de |        mi_pea
            actividad |  Inactivo        PEA |     Total
----------------------+----------------------+----------
ocupados no bi�n defi |         0     30,716 |    30,716 
      ocupados plenos |         0  1,152,441 | 1,152,441 
  subempleo invisible |         0    127,443 |   127,443 
    subempleo visible |         0     98,033 |    98,033 
           informales |         0  1,088,030 | 1,088,030 
 desocupados cesantes |         0     82,289 |    82,289 
desocupados primera v |         0     74,178 |    74,178 
            inactivos |    72,086          0 |    72,086 
   menores de 10 a�os | 1,441,570          0 | 1,441,570 
      otros inactivos |     3,410          0 |     3,410 
----------------------+----------------------+----------
                Total | 1,517,066  2,653,130 | 4,170,196 
2. Distribución de la PEA por Sector (peamsiu):

           |                sectorizaci�n de la pea
    mi_pea |   moderno   informal  actividad  servicio           . |     Total
-----------+-------------------------------------------------------+----------
  Inactivo |    72,086          0          0          0  1,444,980 | 1,517,066 
       PEA | 1,232,664  1,088,254    187,759    144,453          0 | 2,653,130 
-----------+-------------------------------------------------------+----------
     Total | 1,304,750  1,088,254    187,759    144,453  1,444,980 | 4,170,196 
✅ Base espejo guardada con éxito.


         condici�n de |        mi_pea
            actividad |  Inactivo        PEA |     Total
----------------------+----------------------+----------
ocupados no bi�n defi |         0     54,313 |    54,313 
      ocupados plenos |         0  1,078,734 | 1,078,734 
  subempleo invisible |         0    184,276 |   184,276 
    subempleo visible |         0     76,779 |    76,779 
           informales |         0  1,124,886 | 1,124,886 
 desocupados cesantes |         0    142,308 |   142,308 
desocupados primera v |         0    101,313 |   101,313 
            inactivos | 1,332,930          0 | 1,332,930 
      otros inactivos |     7,452          0 |     7,452 
----------------------+----------------------+----------
                Total | 1,340,382  2,762,609 | 4,102,991 
2. Distribución de la PEA por Sector (peamsiu):

           |                sectorizaci�n de la pea
    mi_pea |   moderno   informal  actividad  servicio           . |     Total
-----------+-------------------------------------------------------+----------
  Inactivo |         0          0          0          0  1,340,382 | 1,340,382 
       PEA | 1,321,218  1,124,886    166,440    150,065          0 | 2,762,609 
-----------+-------------------------------------------------------+----------
     Total | 1,321,218  1,124,886    166,440    150,065  1,340,382 | 4,102,991 
✅ Base espejo guardada con éxito.


         condici�n de |        mi_pea
            actividad |  Inactivo        PEA |     Total
----------------------+----------------------+----------
ocupados no bi�n defi |         0     85,651 |    85,651 
      ocupados plenos |         0  1,090,571 | 1,090,571 
  subempleo invisible |         0    151,733 |   151,733 
    subempleo visible |         0    116,200 |   116,200 
           informales |         0  1,120,324 | 1,120,324 
 desocupados cesantes |         0    141,589 |   141,589 
desocupados primera v |         0     87,292 |    87,292 
            inactivos | 1,477,162          0 | 1,477,162 
----------------------+----------------------+----------
                Total | 1,477,162  2,793,360 | 4,270,522 
2. Distribución de la PEA por Sector (peamsiu):

           |                sectorizaci�n de la pea
    mi_pea |   moderno   informal  actividad  servicio           . |     Total
-----------+-------------------------------------------------------+----------
  Inactivo |         0          0          0          0  1,477,162 | 1,477,162 
       PEA | 1,345,029  1,120,324    185,947    142,060          0 | 2,793,360 
-----------+-------------------------------------------------------+----------
     Total | 1,345,029  1,120,324    185,947    142,060  1,477,162 | 4,270,522 
✅ Base espejo guardada con éxito.


         condici�n de |        mi_pea
            actividad |  Inactivo        PEA |     Total
----------------------+----------------------+----------
ocupados no bi�n defi |         0    204,086 |   204,086 
      ocupados plenos |         0  1,082,359 | 1,082,359 
  subempleo invisible |         0    143,858 |   143,858 
    subempleo visible |         0     98,142 |    98,142 
           informales |         0  1,105,725 | 1,105,725 
 desocupados cesantes |         0    128,581 |   128,581 
desocupados primera v |         0     71,343 |    71,343 
            inactivos | 1,647,744          0 | 1,647,744 
----------------------+----------------------+----------
                Total | 1,647,744  2,834,094 | 4,481,838 
2. Distribución de la PEA por Sector (peamsiu):

           |                sectorizaci�n de la pea
    mi_pea |   moderno   informal  actividad  servicio           . |     Total
-----------+-------------------------------------------------------+----------
  Inactivo |         0          0          0          0  1,647,744 | 1,647,744 
       PEA | 1,395,305  1,105,725    181,515    151,549          0 | 2,834,094 
-----------+-------------------------------------------------------+----------
     Total | 1,395,305  1,105,725    181,515    151,549  1,647,744 | 4,481,838 
✅ Base espejo guardada con éxito.


         condici�n de |        mi_pea
            actividad |  Inactivo        PEA |     Total
----------------------+----------------------+----------
ocupados no bi�n defi |         0     84,364 |    84,364 
      ocupados plenos |         0  1,297,609 | 1,297,609 
  subempleo invisible |         0    119,150 |   119,150 
    subempleo visible |         0     86,325 |    86,325 
           informales |         0  1,243,447 | 1,243,447 
 desocupados cesantes |         0    126,438 |   126,438 
desocupados primera v |         0     81,247 |    81,247 
            inactivos | 1,737,909          0 | 1,737,909 
----------------------+----------------------+----------
                Total | 1,737,909  3,038,580 | 4,776,489 
2. Distribución de la PEA por Sector (peamsiu):

           |                sectorizaci�n de la pea
    mi_pea |   moderno   informal  actividad  servicio           . |     Total
-----------+-------------------------------------------------------+----------
  Inactivo |         0          0          0          0  1,737,909 | 1,737,909 
       PEA | 1,459,153  1,243,447    174,463    161,517          0 | 3,038,580 
-----------+-------------------------------------------------------+----------
     Total | 1,459,153  1,243,447    174,463    161,517  1,737,909 | 4,776,489 
✅ Base espejo guardada con éxito.


         condici�n de |        mi_pea
            actividad |  Inactivo        PEA |     Total
----------------------+----------------------+----------
ocupados no bi�n defi |         0    145,875 |   145,875 
      ocupados plenos |         0  1,260,809 | 1,260,809 
  subempleo invisible |         0     92,849 |    92,849 
    subempleo visible |         0    103,511 |   103,511 
           informales |         0  1,237,188 | 1,237,188 
 desocupados cesantes |         0    206,541 |   206,541 
desocupados primera v |         0    122,642 |   122,642 
            inactivos | 1,823,112          0 | 1,823,112 
----------------------+----------------------+----------
                Total | 1,823,112  3,169,415 | 4,992,527 
2. Distribución de la PEA por Sector (peamsiu):

           |                sectorizaci�n de la pea
    mi_pea |   moderno   informal  actividad  servicio           . |     Total
-----------+-------------------------------------------------------+----------
  Inactivo |         0          0          0          0  1,823,112 | 1,823,112 
       PEA | 1,595,247  1,237,188    187,285    149,695          0 | 3,169,415 
-----------+-------------------------------------------------------+----------
     Total | 1,595,247  1,237,188    187,285    149,695  1,823,112 | 4,992,527 
✅ Base espejo guardada con éxito.


         condici�n de |        mi_pea
            actividad |  Inactivo        PEA |     Total
----------------------+----------------------+----------
ocupados no bi�n defi |         0    122,566 |   122,566 
      ocupados plenos |         0  1,484,922 | 1,484,922 
  subempleo invisible |         0     84,368 |    84,368 
    subempleo visible |         0    129,959 |   129,959 
           informales |         0  1,199,129 | 1,199,129 
 desocupados cesantes |         0    190,450 |   190,450 
desocupados primera v |         0    114,503 |   114,503 
            inactivos | 1,850,652          0 | 1,850,652 
----------------------+----------------------+----------
                Total | 1,850,652  3,325,897 | 5,176,549 
2. Distribución de la PEA por Sector (peamsiu):

           |                sectorizaci�n de la pea
    mi_pea |   moderno   informal  actividad  servicio           . |     Total
-----------+-------------------------------------------------------+----------
  Inactivo |         0          0          0          0  1,850,652 | 1,850,652 
       PEA | 1,749,342  1,199,129    204,841    172,585          0 | 3,325,897 
-----------+-------------------------------------------------------+----------
     Total | 1,749,342  1,199,129    204,841    172,585  1,850,652 | 5,176,549 
✅ Base espejo guardada con éxito.


         condici�n de |        mi_pea
            actividad |  Inactivo        PEA |     Total
----------------------+----------------------+----------
ocupados no bi�n defi |         0   80,327.2 |  80,327.2 
      ocupados plenos |         0  1431428.4 | 1431428.4 
  subempleo invisible |         0  122,981.7 | 122,981.7 
    subempleo visible |         0  168,638.6 | 168,638.6 
           informales |         0  1287160.6 | 1287160.6 
 desocupados cesantes |         0  267,367.2 | 267,367.2 
desocupados primera v |         0 133,906.98 |133,906.98 
            inactivos | 1768523.3          0 | 1768523.3 
----------------------+----------------------+----------
                Total | 1768523.3  3491810.7 | 5260334.1 
2. Distribución de la PEA por Sector (peamsiu):

           |                sectorizaci�n de la pea
    mi_pea |   moderno   informal  actividad  servicio           . |     Total
-----------+-------------------------------------------------------+----------
  Inactivo |         0          0          0          0  1768523.3 | 1768523.3 
       PEA | 1744190.8  1287160.6  227,119.3    233,340          0 | 3491810.7 
-----------+-------------------------------------------------------+----------
     Total | 1744190.8  1287160.6  227,119.3    233,340  1768523.3 | 5260334.1 
✅ Base espejo guardada con éxito.


         condici�n de |        mi_pea
            actividad |  Inactivo        PEA |     Total
----------------------+----------------------+----------
ocupados no bi�n defi |         0  82,656.49 | 82,656.49 
      ocupados plenos |         0 932,706.75 |932,706.75 
  subempleo invisible |         0 514,515.66 |514,515.66 
    subempleo visible |         0  225,452.8 | 225,452.8 
           informales |         0  1401818.7 | 1401818.7 
 desocupados cesantes |         0 357,955.75 |357,955.75 
desocupados primera v |         0 165,523.71 |165,523.71 
            inactivos | 1774495.1          0 | 1774495.1 
      otros inactivos |  1,116.49          0 |  1,116.49 
----------------------+----------------------+----------
                Total | 1775611.5  3680629.8 | 5456241.4 
2. Distribución de la PEA por Sector (peamsiu):

           |                sectorizaci�n de la pea
    mi_pea |   moderno   informal  actividad  servicio           . |     Total
-----------+-------------------------------------------------------+----------
  Inactivo |         0          0          0          0  1775611.5 | 1775611.5 
       PEA | 1808179.2  1401818.7 235,869.86 234,762.09          0 | 3680629.8 
-----------+-------------------------------------------------------+----------
     Total | 1808179.2  1401818.7 235,869.86 234,762.09  1775611.5 | 5456241.4 
✅ Base espejo guardada con éxito.


         condici�n de |        mi_pea
            actividad |  Inactivo        PEA |     Total
----------------------+----------------------+----------
ocupados no bi�n defi |         0  349,693.6 | 349,693.6 
      ocupados plenos |         0  1398154.5 | 1398154.5 
  subempleo invisible |         0  1084187.9 | 1084187.9 
    subempleo visible |         0  446,901.9 | 446,901.9 
           informales |         0  1809759.9 | 1809759.9 
 desocupados cesantes |         0  240,519.2 | 240,519.2 
desocupados primera v |         0  157,160.6 | 157,160.6 
            inactivos | 2939251.9          0 | 2939251.9 
      otros inactivos | 1,682.956          0 | 1,682.956 
----------------------+----------------------+----------
                Total | 2940934.8  5486377.6 | 8427312.4 
2. Distribución de la PEA por Sector (peamsiu):

           |                sectorizaci�n de la pea
    mi_pea |   moderno   informal  actividad  servicio           . |     Total
-----------+-------------------------------------------------------+----------
  Inactivo |         0          0          0          0  2940934.8 | 2940934.8 
       PEA | 1971035.6  1809759.9  1448628.3  256,953.8          0 | 5486377.6 
-----------+-------------------------------------------------------+----------
     Total | 1971035.6  1809759.9  1448628.3  256,953.8  2940934.8 | 8427312.4 
✅ Base espejo guardada con éxito.


         condicion de |        mi_pea
            actividad |  Inactivo        PEA |     Total
----------------------+----------------------+----------
ocupdados indetermina |         0  486,404.5 | 486,404.5 
      ocupados plenos |         0  1774928.3 | 1774928.3 
subempleados invisibl |         0  854,421.3 | 854,421.3 
 subempleados visible |         0  556,234.6 | 556,234.6 
subempleados informal |         0  1986863.8 | 1986863.8 
 desocupados cesantes |         0  321,279.4 | 321,279.4 
   desocupados 1a vez |         0  194,591.1 | 194,591.1 
            inactivos | 2290437.4          0 | 2290437.4 
       indeterminados | 38,222.27          0 | 38,222.27 
----------------------+----------------------+----------
                Total | 2328659.7  6,174,723 | 8503382.7 
2. Distribución de la PEA por Sector (peamsiu):

           |                  sectores economicos
    mi_pea |         0  sector mo  sector in  actividad  servicio  |     Total
-----------+-------------------------------------------------------+----------
  Inactivo | 2328659.7          0          0          0          0 | 2328659.7 
       PEA |         0  2236503.5  1986863.8  1669849.9  281,505.8 | 6,174,723 
-----------+-------------------------------------------------------+----------
     Total | 2328659.7  2236503.5  1986863.8  1669849.9  281,505.8 | 8503382.7 
✅ Base espejo guardada con éxito.


         condici�n de |        mi_pea
            actividad |  Inactivo        PEA |     Total
----------------------+----------------------+----------
ocupados no bi�n defi |         0  65,403.56 | 65,403.56 
      ocupados plenos |         0  1328620.6 | 1328620.6 
  subempleo invisible |         0  298,955.4 | 298,955.4 
    subempleo visible |         0  230,203.1 | 230,203.1 
           informales |         0  1465190.1 | 1465190.1 
 desocupados cesantes |         0  212,144.5 | 212,144.5 
desocupados primera v |         0  125,984.2 | 125,984.2 
            inactivos | 1866050.6          0 | 1866050.6 
----------------------+----------------------+----------
                Total | 1866050.6  3726501.4 | 5,592,552 
2. Distribución de la PEA por Sector (peamsiu):

           |                sectorizaci�n de la pea
    mi_pea |         0    moderno   informal  actividad  servicio  |     Total
-----------+-------------------------------------------------------+----------
  Inactivo | 1866050.6          0          0          0          0 | 1866050.6 
       PEA |         0  1765969.9  1465190.1  287,083.3  208,258.1 | 3726501.4 
-----------+-------------------------------------------------------+----------
     Total | 1866050.6  1765969.9  1465190.1  287,083.3  208,258.1 | 5,592,552 
✅ Base espejo guardada con éxito.


         condicion de |        mi_pea
            actividad |  Inactivo        PEA |     Total
----------------------+----------------------+----------
ocupados no bi�n defi |         0  200,117.4 | 200,117.4 
      ocupados plenos |         0  1794696.1 | 1794696.1 
  subempleo invisible |         0  914,680.2 | 914,680.2 
    subempleo visible |         0  535,391.8 | 535,391.8 
           informales |         0  1858476.2 | 1858476.2 
 desocupados cesantes |         0    317,416 |   317,416 
desocupados primera v |         0    227,033 |   227,033 
            inactivos | 2,757,528          0 | 2,757,528 
----------------------+----------------------+----------
                Total | 2,757,528  5847810.8 | 8605338.8 
2. Distribución de la PEA por Sector (peamsiu):

           |                   sectorizacion pea
    mi_pea |         0    moderno   informal  actividad  servicio  |     Total
-----------+-------------------------------------------------------+----------
  Inactivo | 2,757,528          0          0          0          0 | 2,757,528 
       PEA |         0  2210681.4  1858476.2  1580411.8  198,241.4 | 5847810.8 
-----------+-------------------------------------------------------+----------
     Total | 2,757,528  2210681.4  1858476.2  1580411.8  198,241.4 | 8605338.8 
✅ Base espejo guardada con éxito.


         condici�n de |        mi_pea
            actividad |  Inactivo        PEA |     Total
----------------------+----------------------+----------
ocupados no bien defi |         0  333,712.1 | 333,712.1 
      ocupados plenos |         0  2114926.4 | 2114926.4 
subocupados invisible |         0  662,610.4 | 662,610.4 
 subocupados visibles |         0    659,630 |   659,630 
   subempleo informal |         0  2063561.1 | 2063561.1 
 desocupados cesantes |         0 283,142.54 |283,142.54 
 desocupados 1era vez |         0 136,370.59 |136,370.59 
            inactivos | 2665803.7          0 | 2665803.7 
----------------------+----------------------+----------
                Total | 2665803.7  6253953.2 | 8919756.9 
2. Distribución de la PEA por Sector (peamsiu):

           |                   sectorizaci�n pea
    mi_pea |         0  sector mo  sector in  sector ag  serv. dom |     Total
-----------+-------------------------------------------------------+----------
  Inactivo | 2665803.7          0          0          0          0 | 2665803.7 
       PEA |         0  2199979.9  2063561.1  1810901.5  179,510.6 | 6253953.2 
-----------+-------------------------------------------------------+----------
     Total | 2665803.7  2199979.9  2063561.1  1810901.5  179,510.6 | 8919756.9 
✅ Base espejo guardada con éxito.


         condici�n de |        mi_pea
            actividad |  Inactivo        PEA |     Total
----------------------+----------------------+----------
      ocupados plenos |         0  1930426.9 | 1930426.9 
subocupados invisible |         0 934,848.24 |934,848.24 
 subocupados visibles |         0 935,779.83 |935,779.83 
   subempleo informal |         0  2049790.9 | 2049790.9 
 desocupados cesantes |         0  240,801.2 | 240,801.2 
 desocupados 1era vez |         0  172,523.7 | 172,523.7 
            inactivos | 2814833.4          0 | 2814833.4 
----------------------+----------------------+----------
                Total | 2814833.4  6264170.7 | 9079004.2 
2. Distribución de la PEA por Sector (peamsiu):

           |                         sector
    mi_pea |         0  sector mo  sector in  sector ag  serv. dom |     Total
-----------+-------------------------------------------------------+----------
  Inactivo | 2814833.4          0          0          0          0 | 2814833.4 
       PEA |         0  2198258.9  2049790.9  1775566.7  240,554.2 | 6264170.7 
-----------+-------------------------------------------------------+----------
     Total | 2814833.4  2198258.9  2049790.9  1775566.7  240,554.2 | 9079004.2 
✅ Base espejo guardada con éxito.


         condici�n de |        mi_pea
            actividad |  Inactivo        PEA |     Total
----------------------+----------------------+----------
      ocupados plenos |         0  1,974,346 | 1,974,346 
subocupados invisible |         0  971,908.9 | 971,908.9 
 subocupados visibles |         0    944,643 |   944,643 
   subempleo informal |         0  2166104.6 | 2166104.6 
 desocupados cesantes |         0    249,482 |   249,482 
 desocupados 1era vez |         0  159,871.2 | 159,871.2 
            inactivos | 2777013.3          0 | 2777013.3 
----------------------+----------------------+----------
                Total | 2777013.3  6466355.7 | 9,243,369 
2. Distribución de la PEA por Sector (peamsiu):

           |                   sectores de la pea
    mi_pea |         0  sector mo  sector in  sector ag  serv. dom |     Total
-----------+-------------------------------------------------------+----------
  Inactivo | 2777013.3          0          0          0          0 | 2777013.3 
       PEA |         0  2303971.2  2166104.6  1794206.4  202,073.5 | 6466355.7 
-----------+-------------------------------------------------------+----------
     Total | 2777013.3  2303971.2  2166104.6  1794206.4  202,073.5 | 9,243,369 
✅ Base espejo guardada con éxito.


         Condición de |        mi_pea
      actividad Nueva |  Inactivo        PEA |     Total
----------------------+----------------------+----------
      Empleo adecuado |         0  2737158.5 | 2737158.5 
Subempleo por insufic |         0  860,315.3 | 860,315.3 
Subempleo por insufic |         0  295,556.3 | 295,556.3 
Otro empleo Inadecuad |         0  1504000.5 | 1504000.5 
 Empleo no remunerado |         0  557,146.4 | 557,146.4 
Empleo no clasificado |         0  65,155.06 | 65,155.06 
    Desempleo abierto | 193,224.8          0 | 193,224.8 
     Desempleo oculto | 123,472.4          0 | 123,472.4 
Población Económicame | 2973321.1          0 | 2973321.1 
----------------------+----------------------+----------
                Total | 3290018.3  6019332.1 | 9309350.4 
2. Distribución de la PEA por Sector (secemp):

           |  Sectores de los Empleados (clasificación para >= 15
           |                         años)
    mi_pea | Sector Fo  Sector In  Empleo Do  No Clasif          . |     Total
-----------+-------------------------------------------------------+----------
  Inactivo |         0          0          0          0  3290018.3 | 3290018.3 
       PEA | 2,465,390  2716462.8  200,662.2 636,816.99          0 | 6019332.1 
-----------+-------------------------------------------------------+----------
     Total | 2,465,390  2716462.8  200,662.2 636,816.99  3290018.3 | 9309350.4 
✅ Base espejo guardada con éxito.


         Condición de |        mi_pea
      actividad Nueva |  Inactivo        PEA |     Total
----------------------+----------------------+----------
      Empleo adecuado |         0  2858658.6 | 2858658.6 
Subempleo por insufic |         0    704,516 |   704,516 
Subempleo por insufic |         0  253,462.3 | 253,462.3 
Otro empleo Inadecuad |         0  1649349.4 | 1649349.4 
 Empleo no remunerado |         0 523,927.85 |523,927.85 
Empleo no clasificado |         0   15,480.8 |  15,480.8 
    Desempleo abierto | 252,924.4          0 | 252,924.4 
     Desempleo oculto |127,101.55          0 |127,101.55 
Población Económicame | 3263575.4          0 | 3263575.4 
----------------------+----------------------+----------
                Total | 3643601.3  6,005,395 | 9648996.4 
2. Distribución de la PEA por Sector (secemp):

           |  Sectores de los Empleados (clasificación para >= 15
           |                         años)
    mi_pea | Sector Fo  Sector In  Empleo Do  No Clasif          . |     Total
-----------+-------------------------------------------------------+----------
  Inactivo |         0          0          0          0  3643601.3 | 3643601.3 
       PEA | 2637032.4  2610437.1  207,526.1  550,399.4          0 | 6,005,395 
-----------+-------------------------------------------------------+----------
     Total | 2637032.4  2610437.1  207,526.1  550,399.4  3643601.3 | 9648996.4 
✅ Base espejo guardada con éxito.


         Condición de |        mi_pea
      actividad Nueva |  Inactivo        PEA |     Total
----------------------+----------------------+----------
      Empleo adecuado |         0  2565690.8 | 2565690.8 
Inadecuado por insufi |         0  764,485.8 | 764,485.8 
Inadecuado por insufi |         0  307,129.4 | 307,129.4 
Otro empleo Inadecuad |         0  1778578.4 | 1778578.4 
 Empleo no remunerado |         0  582,203.8 | 582,203.8 
Empleo no clasificado |         0  127,046.9 | 127,046.9 
    Desempleo abierto | 294,589.7          0 | 294,589.7 
     Desempleo oculto | 129,212.3          0 | 129,212.3 
Población Económicame | 3483778.8          0 | 3483778.8 
----------------------+----------------------+----------
                Total | 3907580.8  6125135.1 |10,032,716 
2. Distribución de la PEA por Sector (secemp):

           |  Sectores de los Empleados (clasificación para >= 15
           |                         años)
    mi_pea | Sector Fo  Sector In  Empleo Do  No Clasif          . |     Total
-----------+-------------------------------------------------------+----------
  Inactivo |         0          0          0          0  3907580.8 | 3907580.8 
       PEA | 2677452.4  2682413.9  207,415.6  557,853.3          0 | 6125135.1 
-----------+-------------------------------------------------------+----------
     Total | 2677452.4  2682413.9  207,415.6  557,853.3  3907580.8 |10,032,716 
✅ Base espejo guardada con éxito.


         Condición de |        mi_pea
      actividad Nueva |  Inactivo        PEA |     Total
----------------------+----------------------+----------
      Empleo adecuado |         0  2875532.8 | 2875532.8 
Subempleo por insufic |         0  673,316.6 | 673,316.6 
Subempleo por insufic |         0  215,938.6 | 215,938.6 
Otro empleo Inadecuad |         0  1765687.6 | 1765687.6 
 Empleo no remunerado |         0  528,991.5 | 528,991.5 
Empleo no clasificado |         0  53,763.17 | 53,763.17 
    Desempleo abierto | 224,553.1          0 | 224,553.1 
     Desempleo oculto |  98,473.5          0 |  98,473.5 
Población Económicame | 3855243.6          0 | 3855243.6 
----------------------+----------------------+----------
                Total | 4178270.2  6113230.2 |10,291,500 
2. Distribución de la PEA por Sector (secemp):

           |  Sectores de los Empleados (clasificación para >= 15
           |                         años)
    mi_pea | Sector Fo  Sector In  Empleo Do  No Clasif          . |     Total
-----------+-------------------------------------------------------+----------
  Inactivo |         0          0          0          0  4178270.2 | 4178270.2 
       PEA | 2886143.1  2618901.4  176,220.4  431,965.3          0 | 6113230.2 
-----------+-------------------------------------------------------+----------
     Total | 2886143.1  2618901.4  176,220.4  431,965.3  4178270.2 |10,291,500 
✅ Base espejo guardada con éxito.


         Condición de |        mi_pea
      actividad Nueva |  Inactivo        PEA |     Total
----------------------+----------------------+----------
      Empleo adecuado |         0  2996565.8 | 2996565.8 
Subempleo por insufic |         0  560,164.3 | 560,164.3 
Subempleo por insufic |         0  146,293.8 | 146,293.8 
Otro empleo Inadecuad |         0  2056874.8 | 2056874.8 
 Empleo no remunerado |         0  505,484.4 | 505,484.4 
Empleo no clasificado |         0  39,450.72 | 39,450.72 
    Desempleo abierto | 196,178.3          0 | 196,178.3 
     Desempleo oculto | 80,609.09          0 | 80,609.09 
Población Económicame | 3951382.3          0 | 3951382.3 
----------------------+----------------------+----------
                Total | 4228169.7  6304833.7 |10,533,003 
2. Distribución de la PEA por Sector (secemp):

           |  Sectores de los Empleados (clasificación para >= 15
           |                         años)
    mi_pea | Sector Fo  Sector In  Empleo Do  No Clasif          . |     Total
-----------+-------------------------------------------------------+----------
  Inactivo |         0          0          0          0  4228169.7 | 4228169.7 
       PEA | 2,931,886  2694152.3  147,615.5  531,179.9          0 | 6304833.7 
-----------+-------------------------------------------------------+----------
     Total | 2,931,886  2694152.3  147,615.5  531,179.9  4228169.7 |10,533,003 
✅ Base espejo guardada con éxito.


         Condición de |        mi_pea
      actividad Nueva |  Inactivo        PEA |     Total
----------------------+----------------------+----------
   Menores de 15 años |         0  248.53592 | 248.53592 
      Empleo adecuado |         0  3118173.9 | 3118173.9 
Subempleo por insufic |         0  485,511.9 | 485,511.9 
Subempleo por insufic |         0  118,378.3 | 118,378.3 
Otro empleo Inadecuad |         0  2018581.8 | 2018581.8 
 Empleo no remunerado |         0  537,430.8 | 537,430.8 
Empleo no clasificado |         0  146,763.2 | 146,763.2 
    Desempleo abierto | 210,173.4          0 | 210,173.4 
     Desempleo oculto | 66,000.68          0 | 66,000.68 
Población Económicame | 4162884.5          0 | 4162884.5 
----------------------+----------------------+----------
                Total | 4439058.6  6425088.5 |10,864,147 
2. Distribución de la PEA por Sector (secemp):

           |  Sectores de los Empleados (clasificación para >= 15
           |                         años)
    mi_pea | Sector Fo  Sector In  Empleo Do  No Clasif          . |     Total
-----------+-------------------------------------------------------+----------
  Inactivo |         0          0          0          0  4439058.6 | 4439058.6 
       PEA | 3128663.7  2622119.1  158,019.1  516,286.6          0 | 6425088.5 
-----------+-------------------------------------------------------+----------
     Total | 3128663.7  2622119.1  158,019.1  516,286.6  4439058.6 |10,864,147 
✅ Base espejo guardada con éxito.


         Condición de |        mi_pea
      actividad Nueva |  Inactivo        PEA |     Total
----------------------+----------------------+----------
      Empleo adecuado |         0  3328047.9 | 3328047.9 
Subempleo por insufic |         0  654,049.7 | 654,049.7 
Subempleo por insufic |         0  155,219.3 | 155,219.3 
Otro empleo Inadecuad |         0  2019279.2 | 2019279.2 
 Empleo no remunerado |         0  493,181.5 | 493,181.5 
Empleo no clasificado |         0  14,463.03 | 14,463.03 
    Desempleo abierto | 205,126.7          0 | 205,126.7 
     Desempleo oculto | 83,618.38          0 | 83,618.38 
Población Económicame | 4247384.9          0 | 4247384.9 
----------------------+----------------------+----------
                Total | 4,536,130  6664240.6 |11,200,371 
2. Distribución de la PEA por Sector (secemp):

           |  Sectores de los Empleados (clasificación para >= 15
           |                         años)
    mi_pea | Sector Fo  Sector In  Empleo Do  No Clasif          . |     Total
-----------+-------------------------------------------------------+----------
  Inactivo |         0          0          0          0  4,536,130 | 4,536,130 
       PEA | 3288613.7  2,669,389  206,296.3  499,941.7          0 | 6664240.6 
-----------+-------------------------------------------------------+----------
     Total | 3288613.7  2,669,389  206,296.3  499,941.7  4,536,130 |11,200,371 
✅ Base espejo guardada con éxito.


         Condición de |        mi_pea
      actividad Nueva |  Inactivo        PEA |     Total
----------------------+----------------------+----------
      Empleo adecuado |         0  3545801.9 | 3545801.9 
Subempleo por insufic |         0  759,650.6 | 759,650.6 
Subempleo por insufic |         0  166,123.1 | 166,123.1 
Otro empleo Inadecuad |         0  1924634.3 | 1924634.3 
 Empleo no remunerado |         0  508,476.4 | 508,476.4 
Empleo no clasificado |         0  16,420.84 | 16,420.84 
    Desempleo abierto |         0  216,941.3 | 216,941.3 
     Desempleo oculto |         0  56,472.49 | 56,472.49 
Población Económicame | 3964733.8          0 | 3964733.8 
----------------------+----------------------+----------
                Total | 3964733.8  7,194,521 |11,159,255 
2. Distribución de la PEA por Sector (peamsiu):

           |                Sectorizaciòn de la PEA
    mi_pea | Inactivos  Sector Fo  Sector In  Servicio   Desocupad |     Total
-----------+-------------------------------------------------------+----------
  Inactivo | 3964733.8          0          0          0          0 | 3964733.8 
       PEA |         0  2579608.1  3698310.2  225,147.8 273,413.79 | 7,194,521 
-----------+-------------------------------------------------------+----------
     Total | 3964733.8  2579608.1  3698310.2  225,147.8 273,413.79 |11,159,255 


           | Sectorizac
           | iòn de la
           |    PEA
    mi_pea | Ocupados  |     Total
-----------+-----------+----------
  Inactivo |         0 | 3964733.8 
       PEA | 418,041.1 | 7,194,521 
-----------+-----------+----------
     Total | 418,041.1 |11,159,255 
✅ Base espejo guardada con éxito.


         Condición de |        mi_pea
      actividad Nueva |  Inactivo        PEA |     Total
----------------------+----------------------+----------
      Empleo adecuado |         0  3487109.9 | 3487109.9 
Subempleo por insufic |         0  848,626.4 | 848,626.4 
Subempleo por insufic |         0  202,019.6 | 202,019.6 
Otro empleo Inadecuad |         0  1981204.8 | 1981204.8 
 Empleo no remunerado |         0  574,061.4 | 574,061.4 
Empleo no clasificado |         0  47,613.54 | 47,613.54 
    Desempleo abierto |         0    274,939 |   274,939 
     Desempleo oculto |         0 82,953.399 |82,953.399 
Población Económicame | 3900748.2          0 | 3900748.2 
----------------------+----------------------+----------
                Total | 3900748.2  7,498,528 |11,399,276 
2. Distribución de la PEA por Sector (secemp):

           |  Sectores de los Empleados (clasificación para >= 15
           |                         años)
    mi_pea | Sector Fo  Sector In  Empleo Do  No Clasif          . |     Total
-----------+-------------------------------------------------------+----------
  Inactivo |         0          0          0          0  3900748.2 | 3900748.2 
       PEA | 3605511.2  2882064.5  190,833.9  462,226.1  357,892.4 | 7,498,528 
-----------+-------------------------------------------------------+----------
     Total | 3605511.2  2882064.5  190,833.9  462,226.1  4258640.6 |11,399,276 
✅ Base espejo guardada con éxito.


         Condición de |        mi_pea
      actividad Nueva |  Inactivo        PEA |     Total
----------------------+----------------------+----------
Empleo Adecuado/Pleno |         0  3243293.5 | 3243293.5 
Subempleo por insufic |         0  1253263.7 | 1253263.7 
Subempleo por insufic |         0  311,561.5 | 311,561.5 
 Otro empleo no pleno |         0  1978070.5 | 1978070.5 
 Empleo no remunerado |         0  660,893.3 | 660,893.3 
Empleo no clasificado |         0 16,496.992 |16,496.992 
    Desempleo abierto |         0  321,581.6 | 321,581.6 
     Desempleo oculto |         0  88,859.89 | 88,859.89 
Población Económicame | 3822110.2          0 | 3822110.2 
----------------------+----------------------+----------
                Total | 3822110.2  7874020.9 |11,696,131 
2. Distribución de la PEA por Sector (secemp):

           |  Sectores de los Empleados (clasificación para >= 15
           |                         años)
    mi_pea | Sector Fo  Sector In  Empleo Do  No Clasif          . |     Total
-----------+-------------------------------------------------------+----------
  Inactivo |         0          0          0          0  3822110.2 | 3822110.2 
       PEA | 3550860.5  3260018.5  208,140.2  444,560.3  410,441.4 | 7874020.9 
-----------+-------------------------------------------------------+----------
     Total | 3550860.5  3260018.5  208,140.2  444,560.3  4232551.7 |11,696,131 
✅ Base espejo guardada con éxito.


         Condición de |        mi_pea
      actividad Nueva |  Inactivo        PEA |     Total
----------------------+----------------------+----------
Empleo Adecuado/Pleno |         0  3,417,483 | 3,417,483 
Subempleo por insufic |         0  1235758.8 | 1235758.8 
Subempleo por insufic |         0  367,150.6 | 367,150.6 
 Otro empleo no pleno |         0  1951059.7 | 1951059.7 
 Empleo no remunerado |         0  727,778.1 | 727,778.1 
Empleo no clasificado |         0  12,947.18 | 12,947.18 
    Desempleo abierto |         0 300,956.49 |300,956.49 
     Desempleo oculto |         0  72,914.14 | 72,914.14 
Población Económicame | 3,851,880          0 | 3,851,880 
----------------------+----------------------+----------
                Total | 3,851,880  8086048.1 |11,937,928 
2. Distribución de la PEA por Sector (secemp):

           |  Sectores de los Empleados (clasificación para >= 15
           |                         años)
    mi_pea | Sector Fo  Sector In  Empleo Do  No Clasif          . |     Total
-----------+-------------------------------------------------------+----------
  Inactivo |         0          0          0          0  3,851,880 | 3,851,880 
       PEA | 3773499.1  3397581.9  191,912.3  349,184.2  373,870.6 | 8086048.1 
-----------+-------------------------------------------------------+----------
     Total | 3773499.1  3397581.9  191,912.3  349,184.2  4225750.7 |11,937,928 
✅ Base espejo guardada con éxito.


         Condición de |        mi_pea
      actividad Nueva |  Inactivo        PEA |     Total
----------------------+----------------------+----------
Empleo Adecuado/Pleno |         0  3,262,079 | 3,262,079 
Subempleo por insufic |         0  1074227.5 | 1074227.5 
Subempleo por insufic |         0  249,496.8 | 249,496.8 
 Otro empleo no pleno |         0  2313023.4 | 2313023.4 
 Empleo no remunerado |         0  798,391.3 | 798,391.3 
Empleo no clasificado |         0  33,814.38 | 33,814.38 
    Desempleo abierto |         0  239,360.5 | 239,360.5 
     Desempleo oculto |         0  56,736.76 | 56,736.76 
Población Económicame | 4211893.2          0 | 4211893.2 
----------------------+----------------------+----------
                Total | 4211893.2  8027129.8 |12,239,023 
2. Distribución de la PEA por Sector (secemp):

           |  Sectores de los Empleados (clasificación para >= 15
           |                         años)
    mi_pea | Sector Fo  Sector In  Empleo Do  No Clasif          . |     Total
-----------+-------------------------------------------------------+----------
  Inactivo |         0          0          0          0  4211893.2 | 4211893.2 
       PEA | 3573423.7  3569148.5 221,065.97  367,394.3  296,097.3 | 8027129.8 
-----------+-------------------------------------------------------+----------
     Total | 3573423.7  3569148.5 221,065.97  367,394.3  4507990.5 |12,239,023 
✅ Base espejo guardada con éxito.


         Condición de |        mi_pea
            actividad |  Inactivo        PEA |     Total
----------------------+----------------------+----------
Empleo Adecuado/Pleno |         0  3146297.1 | 3146297.1 
Subempleo por insufic |         0  1190073.1 | 1190073.1 
Subempleo por insufic |         0  250,909.8 | 250,909.8 
 Otro empleo no pleno |         0  2268076.6 | 2268076.6 
 Empleo no remunerado |         0  884,616.7 | 884,616.7 
Empleo no clasificado |         0   47,922.6 |  47,922.6 
    Desempleo abierto |         0  271,916.9 | 271,916.9 
     Desempleo oculto |         0  39,216.81 | 39,216.81 
Población Económicame | 4303535.3          0 | 4303535.3 
----------------------+----------------------+----------
                Total | 4303535.3  8099029.7 |12,402,565 
2. Distribución de la PEA por Sector (secemp):

           |     Sectorización de los empleados (15 años y más)
    mi_pea | Sector Fo  Sector In  Empleo Do  No Clasif          . |     Total
-----------+-------------------------------------------------------+----------
  Inactivo |         0          0          0          0  4303535.3 | 4303535.3 
       PEA | 3,477,935  3640635.7  236,590.3    432,735  311,133.7 | 8099029.7 
-----------+-------------------------------------------------------+----------
     Total | 3,477,935  3640635.7  236,590.3    432,735  4614669.1 |12,402,565 
✅ Base espejo guardada con éxito.


         Condición de |        mi_pea
            actividad |  Inactivo        PEA |     Total
----------------------+----------------------+----------
Empleo Adecuado/Pleno |         0  2495718.5 | 2495718.5 
Subempleo por insufic |         0  1629835.8 | 1629835.8 
Subempleo por insufic |         0  203,866.5 | 203,866.5 
 Otro empleo no pleno |         0  2300960.2 | 2300960.2 
 Empleo no remunerado |         0  988,682.9 | 988,682.9 
Empleo no clasificado |         0  69,879.68 | 69,879.68 
    Desempleo abierto |         0  324,152.2 | 324,152.2 
     Desempleo oculto |         0  77,152.86 | 77,152.86 
Población Económicame | 4483550.3          0 | 4483550.3 
----------------------+----------------------+----------
                Total | 4483550.3  8090248.7 |12,573,799 
2. Distribución de la PEA por Sector (secemp):

           |     Sectorización de los empleados (15 años y más)
    mi_pea | Sector Fo  Sector In  Empleo Do  No Clasif          . |     Total
-----------+-------------------------------------------------------+----------
  Inactivo |         0          0          0          0  4483550.3 | 4483550.3 
       PEA | 3,190,972  3927221.2  199,093.7  371,656.8  401,305.1 | 8090248.7 
-----------+-------------------------------------------------------+----------
     Total | 3,190,972  3927221.2  199,093.7  371,656.8  4884855.3 |12,573,799 
✅ Base espejo guardada con éxito.


         Condición de |        mi_pea
            actividad |  Inactivo        PEA |     Total
----------------------+----------------------+----------
Empleo Adecuado/Pleno |         0  2919910.2 | 2919910.2 
Subempleo por insufic |         0  1759315.3 | 1759315.3 
Subempleo por insufic |         0 216,772.57 |216,772.57 
 Otro empleo no pleno |         0  2381839.2 | 2381839.2 
 Empleo no remunerado |         0  926,054.7 | 926,054.7 
Empleo no clasificado |         0  42,320.06 | 42,320.06 
    Desempleo abierto |         0 317,560.63 |317,560.63 
     Desempleo oculto |         0  39,164.46 | 39,164.46 
Población Económicame | 4155500.9          0 | 4155500.9 
----------------------+----------------------+----------
                Total | 4155500.9  8602937.1 |12,758,438 
2. Distribución de la PEA por Sector (secemp):

           |     Sectorización de los empleados (15 años y más)
    mi_pea | Sector Fo  Sector In  Empleo Do  No Clasif          . |     Total
-----------+-------------------------------------------------------+----------
  Inactivo |         0          0          0          0  4155500.9 | 4155500.9 
       PEA | 3564154.4  4176500.5  188,605.8  316,951.3  356,725.1 | 8602937.1 
-----------+-------------------------------------------------------+----------
     Total | 3564154.4  4176500.5  188,605.8  316,951.3  4,512,226 |12,758,438 
✅ Base espejo guardada con éxito.


         Condición de |        mi_pea
            actividad |  Inactivo        PEA |     Total
----------------------+----------------------+----------
Empleo Adecuado/Pleno |         0  3011799.7 | 3011799.7 
Subempleo por insufic |         0  1496088.5 | 1496088.5 
Subempleo por insufic |         0  122,757.1 | 122,757.1 
 Otro empleo no pleno |         0  2549766.2 | 2549766.2 
 Empleo no remunerado |         0  893,979.8 | 893,979.8 
Empleo no clasificado |         0 16,503.679 |16,503.679 
    Desempleo abierto |         0  234,245.8 | 234,245.8 
     Desempleo oculto |         0  32,696.39 | 32,696.39 
Población Económicame | 4583642.8          0 | 4583642.8 
----------------------+----------------------+----------
                Total | 4583642.8  8357837.2 |12,941,480 
2. Distribución de la PEA por Sector (secemp):

           |  Sectores de los Empleados (clasificación para >= 15
           |                         años)
    mi_pea | Sector Fo  Sector In  Empleo Do  No Clasif          . |     Total
-----------+-------------------------------------------------------+----------
  Inactivo |         0          0          0          0  4583642.8 | 4583642.8 
       PEA | 3444856.8  4317992.7  203,572.9  124,472.7  266,942.2 | 8357837.2 
-----------+-------------------------------------------------------+----------
     Total | 3444856.8  4317992.7  203,572.9  124,472.7  4,850,585 |12,941,480 
✅ Base espejo guardada con éxito.


         Condición de |        mi_pea
            actividad |  Inactivo        PEA |     Total
----------------------+----------------------+----------
Empleo Adecuado/Pleno |         0  3093646.5 | 3093646.5 
Subempleo por insufic |         0  1711789.9 | 1711789.9 
Subempleo por insufic |         0    112,947 |   112,947 
 Otro empleo no pleno |         0  2449364.3 | 2449364.3 
 Empleo no remunerado |         0  941,134.1 | 941,134.1 
Empleo no clasificado |         0  13,057.08 | 13,057.08 
    Desempleo abierto |         0  264,616.4 | 264,616.4 
     Desempleo oculto |         0  26,802.98 | 26,802.98 
Población Económicame | 4516012.7          0 | 4516012.7 
----------------------+----------------------+----------
                Total | 4516012.7  8613358.3 |13,129,371 
2. Distribución de la PEA por Sector (secemp):

           |  Sectores de los Empleados (clasificación para >= 15
           |                         años)
    mi_pea | Sector Fo  Sector In  Empleo Do  No Clasif          . |     Total
-----------+-------------------------------------------------------+----------
  Inactivo |         0          0          0          0  4516012.7 | 4516012.7 
       PEA | 3438552.9  4634081.2  184,507.5  64,797.28  291,419.3 | 8613358.3 
-----------+-------------------------------------------------------+----------
     Total | 3438552.9  4634081.2  184,507.5  64,797.28  4807432.1 |13,129,371 
✅ Base espejo guardada con éxito.


         Condición de |        mi_pea
            actividad |  Inactivo        PEA |     Total
----------------------+----------------------+----------
Empleo Adecuado/Pleno |         0  2830687.9 | 2830687.9 
Subempleo por insufic |         0  1987747.6 | 1987747.6 
Subempleo por insufic |         0  108,062.3 | 108,062.3 
 Otro empleo no pleno |         0  2471543.5 | 2471543.5 
 Empleo no remunerado |         0  931,399.1 | 931,399.1 
Empleo no clasificado |         0 10,464.074 |10,464.074 
    Desempleo abierto |         0  199,340.7 | 199,340.7 
     Desempleo oculto |         0   31,050.2 |  31,050.2 
Población Económicame | 4738992.2          0 | 4738992.2 
----------------------+----------------------+----------
                Total | 4738992.2  8570295.5 |13,309,288 
2. Distribución de la PEA por Sector (secemp):

           |  Sectores de los Empleados (clasificación para >= 15
           |                         años)
    mi_pea | Sector Fo  Sector In  Empleo Do  No Clasif          . |     Total
-----------+-------------------------------------------------------+----------
  Inactivo |         0          0          0          0  4738992.2 | 4738992.2 
       PEA | 3205688.8  4836165.8  198,257.1  99,792.87 230,390.92 | 8570295.5 
-----------+-------------------------------------------------------+----------
     Total | 3205688.8  4836165.8  198,257.1  99,792.87  4969383.1 |13,309,288 
✅ Base espejo guardada con éxito.


         Condición de |        mi_pea
            actividad |  Inactivo        PEA |     Total
----------------------+----------------------+----------
Empleo Adecuado/Pleno |         0  3,178,815 | 3,178,815 
Subempleo por insufic |         0  1,408,385 | 1,408,385 
Subempleo por insufic |         0  80,860.91 | 80,860.91 
 Otro empleo no pleno |         0  2811839.2 | 2811839.2 
 Empleo no remunerado |         0  838,925.1 | 838,925.1 
Empleo no clasificado |         0 32,624.708 |32,624.708 
    Desempleo abierto |         0  207,514.1 | 207,514.1 
     Desempleo oculto |         0 16,480.843 |16,480.843 
Población Económicame | 4916110.2          0 | 4916110.2 
----------------------+----------------------+----------
                Total | 4916110.2  8575444.8 |13,491,555 
2. Distribución de la PEA por Sector (secemp):

           |  Sectores de los Empleados (clasificación para >= 15
           |                         años)
    mi_pea | Sector Fo  Sector In  Empleo Do  No Clasif          . |     Total
-----------+-------------------------------------------------------+----------
  Inactivo |         0          0          0          0  4916110.2 | 4916110.2 
       PEA | 3,495,709  4,523,591  201,469.8  130,680.1  223,994.9 | 8575444.8 
-----------+-------------------------------------------------------+----------
     Total | 3,495,709  4,523,591  201,469.8  130,680.1  5140105.1 |13,491,555 
✅ Base espejo guardada con éxito.


. 
. 
. * ======================================================================
. * 2. CONSOLIDACIÓN Y GRÁFICO FINAL
. * ======================================================================
. clear

. display "🚀 Consolidando serie histórica para el gráfico..."
🚀 Consolidando serie histórica para el gráfico...

. forvalues a = 1990/2025 { 
  2.    capture confirm variable area
  3.    if !_rc destring area, replace
  4.    append using `clasif_`a'.dta'
  5. }
area: all characters numeric; replaced as byte
(label lpea already defined)
area already numeric; no replace
(label lpea already defined)
area already numeric; no replace
(label lpea already defined)
area already numeric; no replace
(label lpea already defined)
area already numeric; no replace
(label lpea already defined)
area already numeric; no replace
(label lpea already defined)
area already numeric; no replace
(label lpea already defined)
area already numeric; no replace
(variable fexp was int, now float to accommodate using data's values)
(label lpea already defined)
area already numeric; no replace
(label lpea already defined)
area already numeric; no replace
(label lpea already defined)
area already numeric; no replace
(label lpea already defined)
area already numeric; no replace
(label lpea already defined)
area already numeric; no replace
(variable id_persona was str19, now str21 to accommodate using data's values)
(label lpea already defined)
(label area already defined)
area already numeric; no replace
(label lpea already defined)
area already numeric; no replace
(label lpea already defined)
(label area already defined)
area already numeric; no replace
(label lpea already defined)
area already numeric; no replace
(variable area was byte, now double to accommodate using data's values)
(variable fexp was float, now double to accommodate using data's values)
(label lpea already defined)
(label area already defined)
area already numeric; no replace
(label lpea already defined)
(label area already defined)
area already numeric; no replace
(label lpea already defined)
(label area already defined)
area already numeric; no replace
(label lpea already defined)
(label area already defined)
area already numeric; no replace
(label lpea already defined)
(label area already defined)
area already numeric; no replace
(label lpea already defined)
(label area already defined)
area already numeric; no replace
(label lpea already defined)
(label area already defined)
area already numeric; no replace
(label lpea already defined)
area already numeric; no replace
(label lpea already defined)
area already numeric; no replace
(label lpea already defined)
(label labels0 already defined)
area already numeric; no replace
(label lpea already defined)
(label labels0 already defined)
area already numeric; no replace
(label lpea already defined)
(label labels0 already defined)
area already numeric; no replace
(label lpea already defined)
(label labels0 already defined)
area already numeric; no replace
(label lpea already defined)
(label labels0 already defined)
area already numeric; no replace
(label lpea already defined)
(label labels0 already defined)
area already numeric; no replace
(label lpea already defined)
(label labels0 already defined)
area already numeric; no replace
(label lpea already defined)
(label labels0 already defined)
area already numeric; no replace
(label lpea already defined)
(label area already defined)
area already numeric; no replace
(label lpea already defined)
(label labels0 already defined)

. 
. save "$out/pea.dta", replace
file
    /Users/santiago/Library/CloudStorage/GoogleDrive-observatorio.pobreza@fla
    > cso.edu.ec/Mi unidad/Bases/ENEMDU/Procesadas/analisis
    informalidad/Santiago/pea.dta saved

. 
. 
. use "$out/pea.dta", clear

. replace area = 1 if area == .
(229,018 real changes made)

. 
. 
. global important_variable mi_pea

. 
. preserve

.     collapse (mean) $important_variable if anio != 2002, by(anio area)

.     list

     +------------------------+
     | area   anio     mi_pea |
     |------------------------|
  1. |    1   1990   .6108481 |
  2. |    1   1991   .6408266 |
  3. |    1   1992   .6744186 |
  4. |    1   1993   .6515359 |
  5. |    1   1994   .6370054 |
     |------------------------|
  6. |    1   1995   .6355835 |
  7. |    1   1996   .6347713 |
  8. |    1   1997   .6402493 |
  9. |    1   1998   .6600044 |
 10. |    1   1999   .6748162 |
     |------------------------|
 11. |    1   2000   .6476718 |
 12. |    2   2000   .6631586 |
 13. |    1   2001   .6979733 |
 14. |    2   2001   .7812105 |
 15. |    1   2003   .6642761 |
     |------------------------|
 16. |    2   2003   .7024928 |
 17. |    1   2004   .6770632 |
 18. |    2   2004   .7564573 |
 19. |    1   2005    .660675 |
 20. |    2   2005   .7235128 |
     |------------------------|
 21. |    1   2006   .6811689 |
 22. |    2   2006   .7472401 |
 23. |    1   2007   .6295599 |
 24. |    2   2007   .6890627 |
 25. |    1   2008   .6077104 |
     |------------------------|
 26. |    2   2008   .6437578 |
 27. |    1   2009   .5933363 |
 28. |    2   2009   .6320658 |
 29. |    1   2010   .5829034 |
 30. |    2   2010   .6120676 |
     |------------------------|
 31. |    1   2011   .5859684 |
 32. |    2   2011   .6023731 |
 33. |    1   2012   .5821716 |
 34. |    2   2012   .5951508 |
 35. |    1   2013   .5832937 |
     |------------------------|
 36. |    2   2013    .619687 |
 37. |    1   2014   .6303174 |
 38. |    2   2014   .6989132 |
 39. |    1   2015   .6418687 |
 40. |    2   2015    .709811 |
     |------------------------|
 41. |    1   2016    .646867 |
 42. |    2   2016   .7395616 |
 43. |    1   2017   .6488293 |
 44. |    2   2017   .7388874 |
 45. |    1   2018   .6312974 |
     |------------------------|
 46. |    2   2018   .6958691 |
 47. |    1   2019   .6207851 |
 48. |    2   2019   .7046369 |
 49. |    1   2020   .6224937 |
 50. |    2   2020   .7031511 |
     |------------------------|
 51. |    1   2021    .648744 |
 52. |    2   2021   .7408423 |
 53. |    1   2022    .628796 |
 54. |    2   2022   .6970734 |
 55. |    1   2023   .6237854 |
     |------------------------|
 56. |    2   2023   .7013817 |
 57. |    1   2024   .6163662 |
 58. |    2   2024   .6936783 |
 59. |    1   2025   .6115134 |
 60. |    2   2025   .6834744 |
     +------------------------+

.     format $important_variable %9.2f

.     keep if area == 1
(25 observations deleted)

.     rename $important_variable ${important_variable}_urb

.     tempfile urb

.     save `urb'
file /var/folders/v8/j2_3wzqd1rqc2l_95p5k_2l00000gn/T//St28152.000014 saved
    as .dta format

. restore

. 
. preserve

.     collapse (mean) $important_variable if anio != 2002, by(anio)

.     format $important_variable %9.2f

.     rename $important_variable ${important_variable}_nac

.     merge 1:1 anio using `urb', nogen

    Result                      Number of obs
    -----------------------------------------
    Not matched                             0
    Matched                                35  
    -----------------------------------------

.     list

     +-----------------------------------+
     | anio   mi_pea~c   area   mi_pea~b |
     |-----------------------------------|
  1. | 1990       0.61      1       0.61 |
  2. | 1991       0.64      1       0.64 |
  3. | 1992       0.67      1       0.67 |
  4. | 1993       0.65      1       0.65 |
  5. | 1994       0.64      1       0.64 |
     |-----------------------------------|
  6. | 1995       0.64      1       0.64 |
  7. | 1996       0.63      1       0.63 |
  8. | 1997       0.64      1       0.64 |
  9. | 1998       0.66      1       0.66 |
 10. | 1999       0.67      1       0.67 |
     |-----------------------------------|
 11. | 2000       0.65      1       0.65 |
 12. | 2001       0.73      1       0.70 |
 13. | 2003       0.68      1       0.66 |
 14. | 2004       0.71      1       0.68 |
 15. | 2005       0.69      1       0.66 |
     |-----------------------------------|
 16. | 2006       0.71      1       0.68 |
 17. | 2007       0.66      1       0.63 |
 18. | 2008       0.62      1       0.61 |
 19. | 2009       0.61      1       0.59 |
 20. | 2010       0.60      1       0.58 |
     |-----------------------------------|
 21. | 2011       0.59      1       0.59 |
 22. | 2012       0.59      1       0.58 |
 23. | 2013       0.60      1       0.58 |
 24. | 2014       0.66      1       0.63 |
 25. | 2015       0.67      1       0.64 |
     |-----------------------------------|
 26. | 2016       0.68      1       0.65 |
 27. | 2017       0.68      1       0.65 |
 28. | 2018       0.66      1       0.63 |
 29. | 2019       0.65      1       0.62 |
 30. | 2020       0.65      1       0.62 |
     |-----------------------------------|
 31. | 2021       0.67      1       0.65 |
 32. | 2022       0.65      1       0.63 |
 33. | 2023       0.64      1       0.62 |
 34. | 2024       0.64      1       0.62 |
 35. | 2025       0.63      1       0.61 |
     +-----------------------------------+

.     
.     twoway (line ${important_variable}_nac anio if anio >= 2000)  ///
>            (line ${important_variable}_urb anio), ///
>            legend(order(1 "Nacional" 2 "Urbano"))  ///
>            yscale(range(0 1)) ylabel(#5, format(%9.2f)) ///
>            ytitle("Cuenta propistas") xtitle("Año") ///
>            title("Cuenta propistas")

. restore

. 
. graph export "$out_plot/historico_${important_variable}.pdf", replace
file
    /Users/santiago/Library/CloudStorage/GoogleDrive-observatorio.pobreza@fla
    > cso.edu.ec/Mi unidad/Boletín 3/2. Armonización de variables/Gráficos
    de control/historico_mi_pea.pdf saved as PDF format

. 
end of do-file

OK  armonizacion_pea.do  (   4.0 segundos)


------------------------------------------------------------------------------
>>> [armonizacion] master_rama.do   (21:49:51)
------------------------------------------------------------------------------

. *----------------------------------------------------------------------------
> -
. * 00_master.do
. *
. * Ejecuta toda la cadena de armonizacion de ramas de ENEMDU:
. *   1) CIIU Rev. 2  -> Rev. 3.1   (1990-1999)
. *   2) CIIU Rev. 3  -> Rev. 3.1   (2000-2006)
. *   3) CIIU Rev. 3.1 -> Rev. 4    (1991-2012) + pass-through (2013-2025)
. *   4) Tabla descriptiva: % de las ramas mas grandes por anio.
. *----------------------------------------------------------------------------
> -
. 
. clear all

. set more off

. version 16

. 
. 
. * Carpeta del repositorio segun el usuario que corre el script.
. if "`c(username)'" == "vero" global rama "/Users/vero/Documents/Observatorio 
> GH/Observatorio-Desigualdad-Pobreza/Boletín 3/1. Infomalidad/2. Armonización 
> de variables/main/desagregaciones/rama"

. else                         global rama "/Users/santiago/Documents/GitHub/Ob
> servatorio-Desigualdad-Pobreza/Boletín 3/1. Infomalidad/2. Armonización de va
> riables/main/desagregaciones/rama"

. di as text "================ STEP 1: Rev 2 -> Rev 3.1 (1990-1999) ===========
> ====="
================ STEP 1: Rev 2 -> Rev 3.1 (1990-1999) ================

. do "$rama/isic2_31.do"

. clear

. 
. * Definicion de rutas globales para facilitar la portabilidad del codigo
. if "`c(username)'" == "vero" global user_root "/Users/vero/Library/CloudStora
> ge/GoogleDrive-observatorio.pobreza@flacso.edu.ec/Mi unidad"

. else                         global user_root "/Users/santiago/Library/CloudS
> torage/GoogleDrive-observatorio.pobreza@flacso.edu.ec/Mi unidad"

. global bases "$user_root/Bases/ENEMDU/Procesadas/Armonizacion/Variables base/
> Mensuales"

. 
. global isic "$user_root/Bases/ENEMDU/Procesadas/ramas homogeneizadas"

. global out "$user_root/Bases/ENEMDU/Procesadas/ramas homogeneizadas"

. 
. *----------------------------------------------------------------------------
> -
. * STEP 1: Preparar correspondencia CIIU Rev. 2 -> CIIU Rev. 3.1
. *----------------------------------------------------------------------------
> --
. 
. import delimited using "$isic/ISIC2_ISIC31.txt", clear stringcols(_all)
(5 vars, 562 obs)

. 
. rename (rev2 rev31) (isic2code isic31code)

. destring partial2 partial31, replace ignore("\")
partial2: all characters numeric; replaced as byte
partial31: all characters numeric; replaced as byte

. 
. replace isic2code  = strtrim(isic2code)
(0 real changes made)

. replace isic31code = strtrim(isic31code)
(0 real changes made)

. drop if missing(isic2code) | missing(isic31code)
(0 observations deleted)

. 
. replace isic2code  = substr("0000" + isic2code,  -4, .)
(2 real changes made)

. replace isic31code = substr("0000" + isic31code, -4, .)
(23 real changes made)

. 
. * En codigos con multiples correspondencias se prioriza:
. * 1) correspondencia no parcial, 2) destino no parcial, 3) mismo codigo.
. gen byte exact_match = isic2code == isic31code

. gsort isic2code partial2 partial31 -exact_match isic31code

. duplicates drop isic2code, force

Duplicates in terms of isic2code

(402 observations deleted)

. 
. rename isic2code  p40_old

. rename isic31code p40

. 
. keep p40_old p40

. tempfile crosswalk_clean_2_31

. save `crosswalk_clean_2_31'
file /var/folders/v8/j2_3wzqd1rqc2l_95p5k_2l00000gn/T//St28152.000001 saved
    as .dta format

. 
. *----------------------------------------------------------------------------
> -
. * STEP 2: Actualizar bases 1990-1999 de CIIU Rev. 2 a Rev. 3.1
. *----------------------------------------------------------------------------
> --
. 
. forval anio = 1990/1999 {
  2. 
.         di "********************************`anio'***************************
> *****"
  3. 
.         * 1990 fue grabado en latin1; los demas anos abren sin problema.
.         capture noisily use "$bases/empleo`anio'.dta", clear
  4.         if _rc {
  5.                 di as error "  AVISO: empleo`anio'.dta no se pudo abrir di
> rectamente."
  6.                 di as error "  Intente: unicode encoding set Latin1 ; unic
> ode translate ""$bases/empleo`anio'.dta"""
  7.                 continue
  8.         }
  9. 
.         * Algunos anos (p.ej. 1999) ya traen una variable rama1 con el codigo
>  de 4
.         * digitos; se preserva como respaldo para evitar conflictos de nombre
> s.
.         capture confirm variable rama1
 10.         if !_rc rename rama1 rama1_codigo_orig
 11. 
.         rename rama p40_old
 12.         tostring p40_old, replace force
 13.         replace p40_old = strtrim(p40_old)
 14.         replace p40_old = substr("0000" + p40_old, -4, .) if p40_old != ""
>  & p40_old != "."
 15. 
.         merge m:1 p40_old using `crosswalk_clean_2_31', keep(master match)
 16. 
.         * Lista codigos no mapeados para revision manual.
.         tab p40_old if missing(p40) & p40_old != ""
 17. 
.         rename p40_old rama_old_isic2
 18.         drop _merge
 19. 
.         * Extrae los primeros 2 digitos del nuevo codigo CIIU Rev. 3.1.
.         gen isic2 = substr(p40, 1, 2)
 20.         gen rama_new = ""
 21. 
.         * Mapeo de divisiones a secciones CIIU Rev. 3.1.
.         replace rama_new = "A" if isic2 >= "01" & isic2 <= "02"
 22.         replace rama_new = "B" if isic2 == "05"
 23.         replace rama_new = "C" if isic2 >= "10" & isic2 <= "14"
 24.         replace rama_new = "D" if isic2 >= "15" & isic2 <= "37"
 25.         replace rama_new = "E" if isic2 >= "40" & isic2 <= "41"
 26.         replace rama_new = "F" if isic2 == "45"
 27.         replace rama_new = "G" if isic2 >= "50" & isic2 <= "52"
 28.         replace rama_new = "H" if isic2 == "55"
 29.         replace rama_new = "I" if isic2 >= "60" & isic2 <= "64"
 30.         replace rama_new = "J" if isic2 >= "65" & isic2 <= "67"
 31.         replace rama_new = "K" if isic2 >= "70" & isic2 <= "74"
 32.         replace rama_new = "L" if isic2 == "75"
 33.         replace rama_new = "M" if isic2 == "80"
 34.         replace rama_new = "N" if isic2 == "85"
 35.         replace rama_new = "O" if isic2 >= "90" & isic2 <= "93"
 36.         replace rama_new = "P" if isic2 >= "95" & isic2 <= "97"
 37.         replace rama_new = "Q" if isic2 == "99"
 38. 
.         * Codificacion deterministica: la letra define directamente el numero
.         * (A=1, B=2, ..., Q=17) independiente de las secciones presentes.
.         * strpos retorna 1 cuando la aguja es vacia, asi que se filtra explic
> ito.
.         gen byte rama_final = strpos("ABCDEFGHIJKLMNOPQ", rama_new) if rama_n
> ew != ""
 39.         replace rama_final = . if rama_final == 0
 40. 
.         label define isic31_secciones ///
>                 1 "Agricultura, caza y silvicultura" ///
>                 2 "Pesca" ///
>                 3 "Explotacion de minas y canteras" ///
>                 4 "Industria manufacturera" ///
>                 5 "Electricidad, gas y agua" ///
>                 6 "Construccion" ///
>                 7 "Comercio al por mayor y al por menor; reparacion de vehicu
> los automotores, motocicletas y efectos personales y enseres domesticos" ///
>                 8 "Hoteles y restaurantes" ///
>                 9 "Transporte, almacenamiento y comunicaciones" ///
>                 10 "Intermediacion financiera" ///
>                 11 "Actividades inmobiliarias, empresariales y de alquiler" /
> //
>                 12 "Administracion publica y defensa; seguridad social de afi
> liacion obligatoria" ///
>                 13 "Educacion" ///
>                 14 "Servicios sociales y de salud" ///
>                 15 "Otras actividades de servicios comunitarios, sociales y p
> ersonales" ///
>                 16 "Actividades de los hogares como empleadores y actividades
>  de produccion no diferenciada de los hogares" ///
>                 17 "Organizaciones y organos extraterritoriales", replace
 41. 
.         label values rama_final isic31_secciones
 42.         rename rama_final rama1
 43. 
.         drop isic2 rama_new
 44. 
.         save "$out/empleo`anio'_isic31.dta", replace
 45. 
. }
********************************1990********************************
p40_old was int now str4
(0 real changes made)
(13,921 real changes made)

    Result                      Number of obs
    -----------------------------------------
    Not matched                        25,421
        from master                    25,421  (_merge==1)
        from using                          0  (_merge==2)

    Matched                            11,790  (_merge==3)
    -----------------------------------------

    rama de |
  actividad |      Freq.     Percent        Cum.
------------+-----------------------------------
          . |      8,895       34.99       34.99
       0000 |     13,921       54.76       89.75
       2114 |          1        0.00       89.76
       6101 |          5        0.02       89.78
       6102 |          5        0.02       89.80
       6103 |          9        0.04       89.83
       6104 |         13        0.05       89.88
       6105 |          4        0.02       89.90
       6106 |          2        0.01       89.91
       6107 |        120        0.47       90.38
       6108 |          1        0.00       90.38
       6201 |        669        2.63       93.01
       6202 |         70        0.28       93.29
       6203 |        262        1.03       94.32
       6204 |        113        0.44       94.76
       6205 |        116        0.46       95.22
       6206 |         62        0.24       95.46
       6207 |         18        0.07       95.54
       6208 |         25        0.10       95.63
       6209 |         78        0.31       95.94
       6210 |        108        0.42       96.37
       6211 |          5        0.02       96.38
       6212 |         33        0.13       96.51
       6213 |         28        0.11       96.62
       6214 |          5        0.02       96.64
       6215 |        117        0.46       97.10
       6216 |        127        0.50       97.60
       6217 |        490        1.93       99.53
       6218 |         25        0.10       99.63
       6219 |          9        0.04       99.67
       6220 |         85        0.33      100.00
------------+-----------------------------------
      Total |     25,421      100.00
(25,421 missing values generated)
(37,211 missing values generated)
(1,063 real changes made)
(106 real changes made)
(1,132 real changes made)
(2,564 real changes made)
(138 real changes made)
(98 real changes made)
(1,175 real changes made)
(699 real changes made)
(608 real changes made)
(247 real changes made)
(434 real changes made)
(765 real changes made)
(1,036 real changes made)
(528 real changes made)
(388 real changes made)
(803 real changes made)
(6 real changes made)
(25,421 missing values generated)
(0 real changes made)
file
    /Users/santiago/Library/CloudStorage/GoogleDrive-observatorio.pobreza@fla
    > cso.edu.ec/Mi unidad/Bases/ENEMDU/Procesadas/ramas
    homogeneizadas/empleo1990_isic31.dta saved
********************************1991********************************
p40_old was int now str4
(0 real changes made)
(22,958 real changes made)

    Result                      Number of obs
    -----------------------------------------
    Not matched                        25,804
        from master                    25,804  (_merge==1)
        from using                          0  (_merge==2)

    Matched                            13,267  (_merge==3)
    -----------------------------------------

    rama de |
  actividad |      Freq.     Percent        Cum.
------------+-----------------------------------
       0000 |     22,957       88.97       88.97
       0930 |          1        0.00       88.97
       6101 |          2        0.01       88.98
       6102 |          3        0.01       88.99
       6103 |          4        0.02       89.01
       6104 |         12        0.05       89.05
       6105 |          6        0.02       89.08
       6106 |          4        0.02       89.09
       6107 |        140        0.54       89.63
       6201 |        671        2.60       92.23
       6202 |         67        0.26       92.49
       6203 |        276        1.07       93.56
       6204 |         89        0.34       93.91
       6205 |        137        0.53       94.44
       6206 |         87        0.34       94.78
       6207 |         21        0.08       94.86
       6208 |         32        0.12       94.98
       6209 |         89        0.34       95.33
       6210 |        106        0.41       95.74
       6211 |         10        0.04       95.78
       6212 |         27        0.10       95.88
       6213 |         57        0.22       96.10
       6214 |         21        0.08       96.18
       6215 |        118        0.46       96.64
       6216 |        138        0.53       97.17
       6217 |        605        2.34       99.52
       6218 |         57        0.22       99.74
       6219 |          6        0.02       99.76
       6220 |         61        0.24      100.00
------------+-----------------------------------
      Total |     25,804      100.00
(25,804 missing values generated)
(39,071 missing values generated)
(1,265 real changes made)
(176 real changes made)
(1,194 real changes made)
(2,687 real changes made)
(140 real changes made)
(107 real changes made)
(1,646 real changes made)
(760 real changes made)
(570 real changes made)
(307 real changes made)
(425 real changes made)
(926 real changes made)
(1,067 real changes made)
(532 real changes made)
(456 real changes made)
(994 real changes made)
(15 real changes made)
(25,804 missing values generated)
(0 real changes made)
file
    /Users/santiago/Library/CloudStorage/GoogleDrive-observatorio.pobreza@fla
    > cso.edu.ec/Mi unidad/Bases/ENEMDU/Procesadas/ramas
    homogeneizadas/empleo1991_isic31.dta saved
********************************1992********************************
p40_old was int now str4
(0 real changes made)
(12,939 real changes made)

    Result                      Number of obs
    -----------------------------------------
    Not matched                        24,535
        from master                    24,535  (_merge==1)
        from using                          0  (_merge==2)

    Matched                            13,553  (_merge==3)
    -----------------------------------------

    rama de |
  actividad |      Freq.     Percent        Cum.
------------+-----------------------------------
          . |      8,462       34.49       34.49
       0000 |     12,939       52.74       87.23
       6101 |          6        0.02       87.25
       6102 |          7        0.03       87.28
       6103 |          6        0.02       87.30
       6104 |         13        0.05       87.36
       6105 |         15        0.06       87.42
       6106 |         11        0.04       87.46
       6107 |        157        0.64       88.10
       6108 |          2        0.01       88.11
       6201 |        724        2.95       91.06
       6202 |         85        0.35       91.41
       6203 |        323        1.32       92.72
       6204 |         93        0.38       93.10
       6205 |        148        0.60       93.71
       6206 |         81        0.33       94.04
       6207 |         20        0.08       94.12
       6208 |         36        0.15       94.27
       6209 |        163        0.66       94.93
       6210 |        115        0.47       95.40
       6211 |         14        0.06       95.46
       6212 |         32        0.13       95.59
       6213 |         43        0.18       95.76
       6214 |          9        0.04       95.80
       6215 |         97        0.40       96.19
       6216 |        174        0.71       96.90
       6217 |        613        2.50       99.40
       6218 |         74        0.30       99.70
       6219 |          6        0.02       99.73
       6220 |         67        0.27      100.00
------------+-----------------------------------
      Total |     24,535      100.00
(24,535 missing values generated)
(38,088 missing values generated)
(1,275 real changes made)
(132 real changes made)
(1,217 real changes made)
(2,653 real changes made)
(110 real changes made)
(128 real changes made)
(1,644 real changes made)
(909 real changes made)
(575 real changes made)
(300 real changes made)
(529 real changes made)
(818 real changes made)
(1,164 real changes made)
(554 real changes made)
(517 real changes made)
(1,022 real changes made)
(6 real changes made)
(24,535 missing values generated)
(0 real changes made)
file
    /Users/santiago/Library/CloudStorage/GoogleDrive-observatorio.pobreza@fla
    > cso.edu.ec/Mi unidad/Bases/ENEMDU/Procesadas/ramas
    homogeneizadas/empleo1992_isic31.dta saved
********************************1993********************************
p40_old was int now str4
(0 real changes made)
(13,129 real changes made)

    Result                      Number of obs
    -----------------------------------------
    Not matched                        24,433
        from master                    24,433  (_merge==1)
        from using                          0  (_merge==2)

    Matched                            13,302  (_merge==3)
    -----------------------------------------

    rama de |
  actividad |      Freq.     Percent        Cum.
------------+-----------------------------------
          . |      8,387       34.33       34.33
       0000 |     13,129       53.73       88.06
       6101 |         13        0.05       88.11
       6102 |          7        0.03       88.14
       6103 |         15        0.06       88.20
       6104 |         21        0.09       88.29
       6105 |         11        0.05       88.34
       6106 |         16        0.07       88.40
       6107 |        121        0.50       88.90
       6108 |          8        0.03       88.93
       6201 |        705        2.89       91.81
       6202 |         90        0.37       92.18
       6203 |        310        1.27       93.45
       6204 |         94        0.38       93.84
       6205 |         97        0.40       94.23
       6206 |         69        0.28       94.52
       6207 |         14        0.06       94.57
       6208 |         30        0.12       94.70
       6209 |        120        0.49       95.19
       6210 |        105        0.43       95.62
       6211 |         13        0.05       95.67
       6212 |         33        0.14       95.80
       6213 |         41        0.17       95.97
       6214 |         53        0.22       96.19
       6215 |         98        0.40       96.59
       6216 |        163        0.67       97.26
       6217 |        559        2.29       99.55
       6218 |         37        0.15       99.70
       6219 |          1        0.00       99.70
       6220 |         72        0.29      100.00
       7110 |          1        0.00      100.00
------------+-----------------------------------
      Total |     24,433      100.00
(24,433 missing values generated)
(37,735 missing values generated)
(1,215 real changes made)
(143 real changes made)
(1,148 real changes made)
(2,807 real changes made)
(127 real changes made)
(114 real changes made)
(1,737 real changes made)
(777 real changes made)
(559 real changes made)
(287 real changes made)
(448 real changes made)
(888 real changes made)
(1,106 real changes made)
(500 real changes made)
(490 real changes made)
(951 real changes made)
(5 real changes made)
(24,433 missing values generated)
(0 real changes made)
file
    /Users/santiago/Library/CloudStorage/GoogleDrive-observatorio.pobreza@fla
    > cso.edu.ec/Mi unidad/Bases/ENEMDU/Procesadas/ramas
    homogeneizadas/empleo1993_isic31.dta saved
********************************1994********************************
p40_old was int now str4
(0 real changes made)
(13,389 real changes made)

    Result                      Number of obs
    -----------------------------------------
    Not matched                        24,756
        from master                    24,756  (_merge==1)
        from using                          0  (_merge==2)

    Matched                            12,653  (_merge==3)
    -----------------------------------------

    rama de |
  actividad |      Freq.     Percent        Cum.
------------+-----------------------------------
          . |      8,231       33.25       33.25
       0000 |     13,388       54.08       87.33
       0226 |          1        0.00       87.33
       6101 |         19        0.08       87.41
       6102 |         13        0.05       87.46
       6103 |         43        0.17       87.64
       6104 |         19        0.08       87.71
       6105 |         25        0.10       87.81
       6106 |         19        0.08       87.89
       6107 |        102        0.41       88.30
       6108 |          6        0.02       88.33
       6201 |        730        2.95       91.27
       6202 |         67        0.27       91.55
       6203 |        278        1.12       92.67
       6204 |        114        0.46       93.13
       6205 |        140        0.57       93.69
       6206 |         86        0.35       94.04
       6207 |         14        0.06       94.10
       6208 |         43        0.17       94.27
       6209 |        102        0.41       94.68
       6210 |        137        0.55       95.24
       6211 |          7        0.03       95.27
       6212 |         67        0.27       95.54
       6213 |         52        0.21       95.75
       6214 |         60        0.24       95.99
       6215 |         94        0.38       96.37
       6216 |        185        0.75       97.12
       6217 |        616        2.49       99.60
       6218 |         42        0.17       99.77
       6219 |          3        0.01       99.79
       6220 |         53        0.21      100.00
------------+-----------------------------------
      Total |     24,756      100.00
(24,756 missing values generated)
(37,409 missing values generated)
(1,033 real changes made)
(196 real changes made)
(1,099 real changes made)
(2,431 real changes made)
(85 real changes made)
(141 real changes made)
(1,590 real changes made)
(791 real changes made)
(563 real changes made)
(256 real changes made)
(369 real changes made)
(1,022 real changes made)
(1,191 real changes made)
(472 real changes made)
(473 real changes made)
(937 real changes made)
(4 real changes made)
(24,756 missing values generated)
(0 real changes made)
file
    /Users/santiago/Library/CloudStorage/GoogleDrive-observatorio.pobreza@fla
    > cso.edu.ec/Mi unidad/Bases/ENEMDU/Procesadas/ramas
    homogeneizadas/empleo1994_isic31.dta saved
********************************1995********************************
p40_old was int now str4
(0 real changes made)
(13,238 real changes made)

    Result                      Number of obs
    -----------------------------------------
    Not matched                        23,778
        from master                    23,778  (_merge==1)
        from using                          0  (_merge==2)

    Matched                            12,790  (_merge==3)
    -----------------------------------------

    rama de |
  actividad |      Freq.     Percent        Cum.
------------+-----------------------------------
          . |      7,849       33.01       33.01
       0000 |     13,238       55.67       88.68
       6101 |          3        0.01       88.70
       6102 |         10        0.04       88.74
       6103 |          3        0.01       88.75
       6104 |         19        0.08       88.83
       6105 |         27        0.11       88.94
       6106 |         20        0.08       89.03
       6107 |         70        0.29       89.32
       6108 |          6        0.03       89.35
       6201 |        447        1.88       91.23
       6202 |         71        0.30       91.53
       6203 |        269        1.13       92.66
       6204 |        103        0.43       93.09
       6205 |        114        0.48       93.57
       6206 |         65        0.27       93.84
       6207 |         14        0.06       93.90
       6208 |         51        0.21       94.12
       6209 |        149        0.63       94.74
       6210 |        150        0.63       95.37
       6211 |          1        0.00       95.38
       6212 |         29        0.12       95.50
       6213 |         49        0.21       95.71
       6214 |         31        0.13       95.84
       6215 |        119        0.50       96.34
       6216 |        185        0.78       97.11
       6217 |        549        2.31       99.42
       6218 |         70        0.29       99.72
       6219 |          7        0.03       99.75
       6220 |         60        0.25      100.00
------------+-----------------------------------
      Total |     23,778      100.00
(23,778 missing values generated)
(36,568 missing values generated)
(997 real changes made)
(158 real changes made)
(1,048 real changes made)
(2,271 real changes made)
(102 real changes made)
(131 real changes made)
(2,165 real changes made)
(746 real changes made)
(499 real changes made)
(264 real changes made)
(419 real changes made)
(891 real changes made)
(1,135 real changes made)
(490 real changes made)
(565 real changes made)
(896 real changes made)
(13 real changes made)
(23,778 missing values generated)
(0 real changes made)
file
    /Users/santiago/Library/CloudStorage/GoogleDrive-observatorio.pobreza@fla
    > cso.edu.ec/Mi unidad/Bases/ENEMDU/Procesadas/ramas
    homogeneizadas/empleo1995_isic31.dta saved
********************************1996********************************
p40_old was int now str4
(0 real changes made)
(13,687 real changes made)

    Result                      Number of obs
    -----------------------------------------
    Not matched                        24,369
        from master                    24,369  (_merge==1)
        from using                          0  (_merge==2)

    Matched                            12,895  (_merge==3)
    -----------------------------------------

    rama de |
  actividad |      Freq.     Percent        Cum.
------------+-----------------------------------
          . |      7,804       32.02       32.02
       0000 |     13,687       56.17       88.19
       6101 |         30        0.12       88.31
       6102 |         15        0.06       88.37
       6103 |         27        0.11       88.49
       6104 |         15        0.06       88.55
       6105 |         16        0.07       88.61
       6106 |         35        0.14       88.76
       6107 |        119        0.49       89.24
       6108 |          2        0.01       89.25
       6201 |        722        2.96       92.22
       6202 |         71        0.29       92.51
       6203 |        250        1.03       93.53
       6204 |        103        0.42       93.96
       6205 |        119        0.49       94.44
       6206 |         73        0.30       94.74
       6207 |         21        0.09       94.83
       6208 |         22        0.09       94.92
       6209 |        124        0.51       95.43
       6210 |        102        0.42       95.85
       6211 |          4        0.02       95.86
       6212 |         43        0.18       96.04
       6213 |         55        0.23       96.27
       6214 |         27        0.11       96.38
       6215 |        113        0.46       96.84
       6216 |        190        0.78       97.62
       6217 |        450        1.85       99.47
       6218 |         45        0.18       99.65
       6219 |          5        0.02       99.67
       6220 |         80        0.33      100.00
------------+-----------------------------------
      Total |     24,369      100.00
(24,369 missing values generated)
(37,264 missing values generated)
(1,091 real changes made)
(138 real changes made)
(1,067 real changes made)
(2,360 real changes made)
(63 real changes made)
(115 real changes made)
(1,813 real changes made)
(807 real changes made)
(530 real changes made)
(276 real changes made)
(423 real changes made)
(979 real changes made)
(1,180 real changes made)
(516 real changes made)
(676 real changes made)
(855 real changes made)
(6 real changes made)
(24,369 missing values generated)
(0 real changes made)
file
    /Users/santiago/Library/CloudStorage/GoogleDrive-observatorio.pobreza@fla
    > cso.edu.ec/Mi unidad/Bases/ENEMDU/Procesadas/ramas
    homogeneizadas/empleo1996_isic31.dta saved
********************************1997********************************
p40_old was int now str4
(0 real changes made)
(13,182 real changes made)

    Result                      Number of obs
    -----------------------------------------
    Not matched                        23,823
        from master                    23,823  (_merge==1)
        from using                          0  (_merge==2)

    Matched                            12,861  (_merge==3)
    -----------------------------------------

    rama de |
  actividad |      Freq.     Percent        Cum.
------------+-----------------------------------
          . |      7,779       32.65       32.65
       0000 |     13,182       55.33       87.99
       3417 |          1        0.00       87.99
       6101 |         26        0.11       88.10
       6102 |         30        0.13       88.23
       6103 |         43        0.18       88.41
       6104 |         41        0.17       88.58
       6105 |         28        0.12       88.70
       6106 |         64        0.27       88.96
       6107 |        211        0.89       89.85
       6108 |         17        0.07       89.92
       6201 |        629        2.64       92.56
       6202 |         82        0.34       92.91
       6203 |        219        0.92       93.83
       6204 |         83        0.35       94.17
       6205 |         86        0.36       94.53
       6206 |         45        0.19       94.72
       6207 |         15        0.06       94.79
       6208 |         47        0.20       94.98
       6209 |        111        0.47       95.45
       6210 |        149        0.63       96.08
       6211 |          7        0.03       96.10
       6212 |         48        0.20       96.31
       6213 |         36        0.15       96.46
       6214 |         43        0.18       96.64
       6215 |         87        0.37       97.00
       6216 |        193        0.81       97.81
       6217 |        436        1.83       99.64
       6218 |         31        0.13       99.77
       6219 |          7        0.03       99.80
       6220 |         47        0.20      100.00
------------+-----------------------------------
      Total |     23,823      100.00
(23,823 missing values generated)
(36,684 missing values generated)
(1,156 real changes made)
(69 real changes made)
(1,025 real changes made)
(2,463 real changes made)
(34 real changes made)
(150 real changes made)
(1,677 real changes made)
(810 real changes made)
(473 real changes made)
(256 real changes made)
(416 real changes made)
(1,155 real changes made)
(1,127 real changes made)
(494 real changes made)
(681 real changes made)
(867 real changes made)
(8 real changes made)
(23,823 missing values generated)
(0 real changes made)
file
    /Users/santiago/Library/CloudStorage/GoogleDrive-observatorio.pobreza@fla
    > cso.edu.ec/Mi unidad/Bases/ENEMDU/Procesadas/ramas
    homogeneizadas/empleo1997_isic31.dta saved
********************************1998********************************
p40_old was int now str4
(0 real changes made)
(13,971 real changes made)

    Result                      Number of obs
    -----------------------------------------
    Not matched                        26,073
        from master                    26,073  (_merge==1)
        from using                          0  (_merge==2)

    Matched                            14,436  (_merge==3)
    -----------------------------------------

    rama de |
  actividad |      Freq.     Percent        Cum.
------------+-----------------------------------
          . |      8,735       33.50       33.50
       0000 |     13,971       53.58       87.09
       6101 |         17        0.07       87.15
       6102 |         15        0.06       87.21
       6103 |         39        0.15       87.36
       6104 |         43        0.16       87.52
       6105 |         25        0.10       87.62
       6106 |         25        0.10       87.72
       6107 |        219        0.84       88.56
       6108 |          8        0.03       88.59
       6201 |        744        2.85       91.44
       6202 |         95        0.36       91.80
       6203 |        326        1.25       93.05
       6204 |        102        0.39       93.45
       6205 |        135        0.52       93.96
       6206 |         68        0.26       94.22
       6207 |         23        0.09       94.31
       6208 |         39        0.15       94.46
       6209 |        156        0.60       95.06
       6210 |        172        0.66       95.72
       6211 |          5        0.02       95.74
       6212 |         41        0.16       95.90
       6213 |         58        0.22       96.12
       6214 |         38        0.15       96.26
       6215 |         96        0.37       96.63
       6216 |        167        0.64       97.27
       6217 |        601        2.31       99.58
       6218 |         57        0.22       99.80
       6219 |          3        0.01       99.81
       6220 |         50        0.19      100.00
------------+-----------------------------------
      Total |     26,073      100.00
(26,073 missing values generated)
(40,509 missing values generated)
(1,303 real changes made)
(215 real changes made)
(1,149 real changes made)
(2,650 real changes made)
(102 real changes made)
(163 real changes made)
(1,704 real changes made)
(1,013 real changes made)
(708 real changes made)
(295 real changes made)
(601 real changes made)
(775 real changes made)
(1,309 real changes made)
(541 real changes made)
(601 real changes made)
(1,298 real changes made)
(9 real changes made)
(26,073 missing values generated)
(0 real changes made)
file
    /Users/santiago/Library/CloudStorage/GoogleDrive-observatorio.pobreza@fla
    > cso.edu.ec/Mi unidad/Bases/ENEMDU/Procesadas/ramas
    homogeneizadas/empleo1998_isic31.dta saved
********************************1999********************************
p40_old was int now str4
(0 real changes made)
(13,523 real changes made)

    Result                      Number of obs
    -----------------------------------------
    Not matched                        25,207
        from master                    25,207  (_merge==1)
        from using                          0  (_merge==2)

    Matched                            14,865  (_merge==3)
    -----------------------------------------

    rama de |
  actividad |      Freq.     Percent        Cum.
------------+-----------------------------------
          . |      8,654       34.33       34.33
       0000 |     13,523       53.65       87.98
       6101 |         26        0.10       88.08
       6102 |         24        0.10       88.18
       6103 |         23        0.09       88.27
       6104 |         17        0.07       88.34
       6105 |         30        0.12       88.46
       6106 |         40        0.16       88.61
       6107 |        159        0.63       89.25
       6108 |          9        0.04       89.28
       6201 |        687        2.73       92.01
       6202 |         68        0.27       92.28
       6203 |        348        1.38       93.66
       6204 |        118        0.47       94.12
       6205 |        113        0.45       94.57
       6206 |         62        0.25       94.82
       6207 |         14        0.06       94.87
       6208 |         24        0.10       94.97
       6209 |        104        0.41       95.38
       6210 |        153        0.61       95.99
       6211 |          7        0.03       96.02
       6212 |         48        0.19       96.21
       6213 |         54        0.21       96.42
       6214 |         30        0.12       96.54
       6215 |         88        0.35       96.89
       6216 |        146        0.58       97.47
       6217 |        529        2.10       99.57
       6218 |         48        0.19       99.76
       6219 |          9        0.04       99.79
       6220 |         52        0.21      100.00
------------+-----------------------------------
      Total |     25,207      100.00
(25,207 missing values generated)
(40,072 missing values generated)
(1,185 real changes made)
(199 real changes made)
(1,255 real changes made)
(2,635 real changes made)
(116 real changes made)
(132 real changes made)
(2,076 real changes made)
(980 real changes made)
(669 real changes made)
(279 real changes made)
(571 real changes made)
(872 real changes made)
(1,309 real changes made)
(552 real changes made)
(745 real changes made)
(1,283 real changes made)
(7 real changes made)
(25,207 missing values generated)
(0 real changes made)
file
    /Users/santiago/Library/CloudStorage/GoogleDrive-observatorio.pobreza@fla
    > cso.edu.ec/Mi unidad/Bases/ENEMDU/Procesadas/ramas
    homogeneizadas/empleo1999_isic31.dta saved

. 
end of do-file

. 
. di as text "================ STEP 2: Rev 3 -> Rev 3.1 (2000-2006) ===========
> ====="
================ STEP 2: Rev 3 -> Rev 3.1 (2000-2006) ================

. do "$rama/isic3_31.do"

. clear

. 
. * Definicion de rutas globales para facilitar la portabilidad del codigo
. if "`c(username)'" == "vero" global user_root "/Users/vero/Library/CloudStora
> ge/GoogleDrive-observatorio.pobreza@flacso.edu.ec/Mi unidad"

. else                         global user_root "/Users/santiago/Library/CloudS
> torage/GoogleDrive-observatorio.pobreza@flacso.edu.ec/Mi unidad"

. global bases "$user_root/Bases/ENEMDU/Procesadas/Armonizacion/Variables base/
> Mensuales"

. 
. global isic "$user_root/Bases/ENEMDU/Procesadas/ramas homogeneizadas"

. global out "$user_root/Bases/ENEMDU/Procesadas/ramas homogeneizadas"

. 
. *----------------------------------------------------------------------------
> -
. * STEP 1: Preparar correspondencia CIIU Rev. 3 -> CIIU Rev. 3.1
. *----------------------------------------------------------------------------
> --
. 
. * El archivo .rtf contiene una tabla tipo CSV desde la fila 10.
. * bindquote(nobind) evita que comillas internas en la descripcion corten la i
> mportacion.
. import delimited using "$isic/ISIC3_ISIC31.rtf", clear ///
>         varnames(10) colrange(1:4) stringcols(_all) bindquote(nobind)
(4 vars, 317 obs)

. 
. rename *, lower
  (all newnames==oldnames)

. 
. rename (rev3 rev31) (isic3code isic31code)

. destring parcial3 parcial31, replace ignore("\")
parcial3: all characters numeric; replaced as byte
(1 missing value generated)
parcial31: all characters numeric; replaced as byte
(1 missing value generated)

. 
. replace isic3code = strtrim(isic3code)
(0 real changes made)

. replace isic31code = strtrim(isic31code)
(0 real changes made)

. replace isic3code = subinstr(isic3code, `"""', "", .)
(316 real changes made)

. replace isic31code = subinstr(isic31code, `"""', "", .)
(316 real changes made)

. drop if missing(isic3code) | missing(isic31code) | isic3code == "n/a"
(3 observations deleted)

. 
. replace isic3code = substr("0000" + isic3code, -4, .)
(0 real changes made)

. replace isic31code = substr("0000" + isic31code, -4, .)
(0 real changes made)

. 
. * En codigos con multiples correspondencias se prioriza:
. * 1) correspondencia no parcial, 2) destino no parcial, 3) mismo codigo.
. gen byte exact_match = isic3code == isic31code

. gsort isic3code parcial3 parcial31 -exact_match isic31code

. duplicates drop isic3code, force

Duplicates in terms of isic3code

(22 observations deleted)

. 
. rename isic3code p40_old

. rename isic31code p40

. 
. keep p40_old p40

. tempfile crosswalk_clean_3_31

. save `crosswalk_clean_3_31'
file /var/folders/v8/j2_3wzqd1rqc2l_95p5k_2l00000gn/T//St28152.000001 saved
    as .dta format

. 
. *----------------------------------------------------------------------------
> -
. * STEP 2: Actualizar bases 2000-2006 de CIIU Rev. 3 a Rev. 3.1
. *----------------------------------------------------------------------------
> --
. 
. forval anio = 2000/2006 {
  2. 
.         di "********************************`anio'***************************
> *****"
  3. 
.         capture noisily use "$bases/empleo`anio'.dta", clear
  4. 
.         * Preserva cualquier rama1 preexistente para evitar conflictos al
.         * generar la nueva seccion Rev. 3.1.
.         capture confirm variable rama1
  5.         if !_rc rename rama1 rama1_codigo_orig
  6. 
.         rename rama p40_old
  7.         tostring p40_old, replace force
  8.         replace p40_old = strtrim(p40_old)
  9.         replace p40_old = substr("0000" + p40_old, -4, .) if p40_old != ""
>  & p40_old != "."
 10. 
.         merge m:1 p40_old using `crosswalk_clean_3_31', keep(master match)
 11. 
.         * Lista codigos no mapeados para revision manual.
.         tab p40_old if missing(p40) & p40_old != ""
 12. 
.         rename p40_old rama_old_isic3
 13.         drop _merge
 14. 
.         * Extrae los primeros 2 digitos del nuevo codigo CIIU Rev. 3.1.
.         gen isic2 = substr(p40, 1, 2)
 15.         gen rama_new = ""
 16. 
.         * Mapeo de divisiones a secciones CIIU Rev. 3.1.
.         replace rama_new = "A" if isic2 >= "01" & isic2 <= "02"
 17.         replace rama_new = "B" if isic2 == "05"
 18.         replace rama_new = "C" if isic2 >= "10" & isic2 <= "14"
 19.         replace rama_new = "D" if isic2 >= "15" & isic2 <= "37"
 20.         replace rama_new = "E" if isic2 >= "40" & isic2 <= "41"
 21.         replace rama_new = "F" if isic2 == "45"
 22.         replace rama_new = "G" if isic2 >= "50" & isic2 <= "52"
 23.         replace rama_new = "H" if isic2 == "55"
 24.         replace rama_new = "I" if isic2 >= "60" & isic2 <= "64"
 25.         replace rama_new = "J" if isic2 >= "65" & isic2 <= "67"
 26.         replace rama_new = "K" if isic2 >= "70" & isic2 <= "74"
 27.         replace rama_new = "L" if isic2 == "75"
 28.         replace rama_new = "M" if isic2 == "80"
 29.         replace rama_new = "N" if isic2 == "85"
 30.         replace rama_new = "O" if isic2 >= "90" & isic2 <= "93"
 31.         replace rama_new = "P" if isic2 >= "95" & isic2 <= "97"
 32.         replace rama_new = "Q" if isic2 == "99"
 33. 
.         * Codificacion deterministica: la letra define directamente el numero
.         * (A=1, B=2, ..., Q=17) independiente de las secciones presentes.
.         * strpos retorna 1 cuando la aguja es vacia, asi que se filtra explic
> ito.
.         gen byte rama_final = strpos("ABCDEFGHIJKLMNOPQ", rama_new) if rama_n
> ew != ""
 34.         replace rama_final = . if rama_final == 0
 35. 
.         label define isic31_secciones ///
>                 1 "Agricultura, caza y silvicultura" ///
>                 2 "Pesca" ///
>                 3 "Explotacion de minas y canteras" ///
>                 4 "Industria manufacturera" ///
>                 5 "Electricidad, gas y agua" ///
>                 6 "Construccion" ///
>                 7 "Comercio al por mayor y al por menor; reparacion de vehicu
> los automotores, motocicletas y efectos personales y enseres domesticos" ///
>                 8 "Hoteles y restaurantes" ///
>                 9 "Transporte, almacenamiento y comunicaciones" ///
>                 10 "Intermediacion financiera" ///
>                 11 "Actividades inmobiliarias, empresariales y de alquiler" /
> //
>                 12 "Administracion publica y defensa; seguridad social de afi
> liacion obligatoria" ///
>                 13 "Educacion" ///
>                 14 "Servicios sociales y de salud" ///
>                 15 "Otras actividades de servicios comunitarios, sociales y p
> ersonales" ///
>                 16 "Actividades de los hogares como empleadores y actividades
>  de produccion no diferenciada de los hogares" ///
>                 17 "Organizaciones y organos extraterritoriales", replace
 36. 
.         label values rama_final isic31_secciones
 37.         rename rama_final rama1
 38. 
.         drop isic2 rama_new
 39. 
.         save "$out/empleo`anio'_isic31.dta", replace
 40.         
. }
********************************2000********************************
p40_old was int now str4
(0 real changes made)
(37,140 real changes made)
(variable p40_old was str4, now str6 to accommodate using data's values)

    Result                      Number of obs
    -----------------------------------------
    Not matched                        35,244
        from master                    35,244  (_merge==1)
        from using                          0  (_merge==2)

    Matched                            27,225  (_merge==3)
    -----------------------------------------

    rama de |
  actividad |      Freq.     Percent        Cum.
------------+-----------------------------------
          . |      6,747       19.14       19.14
       0000 |     28,432       80.67       99.82
       0002 |          1        0.00       99.82
       0005 |          1        0.00       99.82
       0110 |         21        0.06       99.88
       0114 |          1        0.00       99.88
       1420 |          1        0.00       99.89
       1530 |          1        0.00       99.89
       2210 |          2        0.01       99.90
       2920 |          1        0.00       99.90
       3200 |          1        0.00       99.90
       3609 |          2        0.01       99.91
       5000 |          1        0.00       99.91
       5120 |          5        0.01       99.92
       5222 |          1        0.00       99.93
       5230 |         16        0.05       99.97
       5250 |          2        0.01       99.98
       6510 |          1        0.00       99.98
       7520 |          2        0.01       99.99
       7592 |          1        0.00       99.99
       8000 |          1        0.00       99.99
       8020 |          1        0.00       99.99
       9210 |          1        0.00      100.00
       9300 |          1        0.00      100.00
------------+-----------------------------------
      Total |     35,244      100.00
(35,244 missing values generated)
(62,469 missing values generated)
(8,191 real changes made)
(493 real changes made)
(160 real changes made)
(3,266 real changes made)
(125 real changes made)
(1,539 real changes made)
(5,341 real changes made)
(870 real changes made)
(1,272 real changes made)
(208 real changes made)
(635 real changes made)
(940 real changes made)
(1,412 real changes made)
(573 real changes made)
(897 real changes made)
(1,300 real changes made)
(3 real changes made)
(35,244 missing values generated)
(0 real changes made)
file
    /Users/santiago/Library/CloudStorage/GoogleDrive-observatorio.pobreza@fla
    > cso.edu.ec/Mi unidad/Bases/ENEMDU/Procesadas/ramas
    homogeneizadas/empleo2000_isic31.dta saved
********************************2001********************************
p40_old was int now str4
(0 real changes made)
(11,188 real changes made)
(variable p40_old was str4, now str6 to accommodate using data's values)

    Result                      Number of obs
    -----------------------------------------
    Not matched                        30,342
        from master                    30,342  (_merge==1)
        from using                          0  (_merge==2)

    Matched                            30,407  (_merge==3)
    -----------------------------------------

    rama de |
  actividad |      Freq.     Percent        Cum.
------------+-----------------------------------
          . |     30,017       98.93       98.93
       0101 |          1        0.00       98.93
       0110 |          1        0.00       98.94
       0114 |          1        0.00       98.94
       0119 |          3        0.01       98.95
       0123 |          2        0.01       98.96
       0129 |          3        0.01       98.97
       0131 |          3        0.01       98.98
       0133 |          1        0.00       98.98
       0136 |          1        0.00       98.98
       0190 |          1        0.00       98.98
       0192 |          1        0.00       98.99
       0211 |          1        0.00       98.99
       0229 |          1        0.00       98.99
       0650 |          1        0.00       99.00
       0999 |          1        0.00       99.00
       1122 |          1        0.00       99.00
       1222 |          1        0.00       99.01
       1420 |          1        0.00       99.01
       1424 |          1        0.00       99.01
       1500 |          2        0.01       99.02
       1510 |          1        0.00       99.02
       1521 |          1        0.00       99.03
       1540 |          1        0.00       99.03
       1545 |          1        0.00       99.03
       1559 |          1        0.00       99.04
       1591 |          1        0.00       99.04
       1593 |          1        0.00       99.04
       1602 |          1        0.00       99.05
       1603 |          1        0.00       99.05
       1630 |          1        0.00       99.05
       1710 |          1        0.00       99.06
       1801 |          1        0.00       99.06
       1811 |          1        0.00       99.06
       1851 |          1        0.00       99.07
       1923 |          1        0.00       99.07
       1930 |          2        0.01       99.08
       2011 |          1        0.00       99.08
       2018 |          1        0.00       99.08
       2020 |          3        0.01       99.09
       2024 |          6        0.02       99.11
       2050 |          2        0.01       99.12
       2095 |          1        0.00       99.12
       2120 |          1        0.00       99.13
       2121 |          1        0.00       99.13
       2148 |          1        0.00       99.13
       2204 |          1        0.00       99.14
       2309 |          1        0.00       99.14
       2513 |          2        0.01       99.15
       2521 |          1        0.00       99.15
       2522 |          1        0.00       99.15
       2523 |          1        0.00       99.16
       2770 |          1        0.00       99.16
       2920 |          1        0.00       99.16
       2928 |          1        0.00       99.17
       3023 |          1        0.00       99.17
       3259 |          1        0.00       99.17
       3450 |          1        0.00       99.18
       3471 |          1        0.00       99.18
       3474 |          1        0.00       99.18
       3611 |          1        0.00       99.19
       3621 |          1        0.00       99.19
       4160 |          1        0.00       99.19
       4500 |         18        0.06       99.25
       4512 |          1        0.00       99.26
       4522 |          1        0.00       99.26
       5023 |          2        0.01       99.27
       5052 |          1        0.00       99.27
       5080 |          1        0.00       99.27
       5111 |          1        0.00       99.27
       5113 |          2        0.01       99.28
       5119 |          2        0.01       99.29
       5120 |          4        0.01       99.30
       5129 |          1        0.00       99.30
       5130 |          1        0.00       99.31
       5132 |          2        0.01       99.31
       5152 |          2        0.01       99.32
       5159 |          1        0.00       99.32
       5162 |          2        0.01       99.33
       5200 |          1        0.00       99.33
       5205 |          1        0.00       99.34
       5210 |          1        0.00       99.34
       5212 |          3        0.01       99.35
       5214 |          1        0.00       99.35
       5217 |          1        0.00       99.36
       5221 |          5        0.02       99.37
       5222 |          1        0.00       99.38
       5223 |          3        0.01       99.39
       5225 |          2        0.01       99.39
       5229 |         12        0.04       99.43
       5230 |         22        0.07       99.51
       5236 |          5        0.02       99.52
       5237 |          1        0.00       99.53
       5238 |          1        0.00       99.53
       5250 |          2        0.01       99.54
       5254 |          4        0.01       99.55
       5255 |          1        0.00       99.55
       5282 |          1        0.00       99.56
       5512 |          1        0.00       99.56
       5516 |          1        0.00       99.56
       5519 |          1        0.00       99.56
       5522 |          1        0.00       99.57
       5526 |          1        0.00       99.57
       5546 |          1        0.00       99.57
       5559 |          1        0.00       99.58
       6012 |          2        0.01       99.58
       6020 |          6        0.02       99.60
       6031 |          2        0.01       99.61
       6032 |          1        0.00       99.61
       6033 |          1        0.00       99.62
       6039 |          1        0.00       99.62
       6062 |          1        0.00       99.62
       6093 |          1        0.00       99.63
       6111 |          1        0.00       99.63
       6119 |          1        0.00       99.63
       6122 |          3        0.01       99.64
       6130 |          1        0.00       99.65
       6131 |          1        0.00       99.65
       6310 |          3        0.01       99.66
       6320 |          1        0.00       99.66
       6399 |          1        0.00       99.67
       6421 |          1        0.00       99.67
       6609 |          1        0.00       99.67
       7023 |          1        0.00       99.68
       7030 |          1        0.00       99.68
       7135 |          2        0.01       99.69
       7222 |          4        0.01       99.70
       7231 |          4        0.01       99.71
       7239 |          1        0.00       99.72
       7259 |          1        0.00       99.72
       7303 |          1        0.00       99.72
       7307 |          1        0.00       99.73
       7330 |          1        0.00       99.73
       7343 |          1        0.00       99.73
       7418 |          1        0.00       99.74
       7429 |          1        0.00       99.74
       7449 |          2        0.01       99.75
       7471 |          1        0.00       99.75
       7500 |          3        0.01       99.76
       7515 |          1        0.00       99.76
       7520 |          2        0.01       99.77
       7541 |          1        0.00       99.77
       7550 |          2        0.01       99.78
       8020 |         19        0.06       99.84
       8023 |          1        0.00       99.85
       8025 |          1        0.00       99.85
       8029 |          1        0.00       99.85
       8052 |          1        0.00       99.85
       8551 |          1        0.00       99.86
       9010 |          1        0.00       99.86
       9039 |          1        0.00       99.86
       9113 |          2        0.01       99.87
       9131 |          1        0.00       99.87
       9132 |          1        0.00       99.88
       9133 |          1        0.00       99.88
       9150 |          1        0.00       99.88
       9152 |          1        0.00       99.89
       9209 |          1        0.00       99.89
       9210 |          1        0.00       99.89
       9217 |          1        0.00       99.90
       9221 |          1        0.00       99.90
       9243 |          1        0.00       99.90
       9248 |          1        0.00       99.91
       9291 |          1        0.00       99.91
       9293 |          1        0.00       99.91
       9300 |          1        0.00       99.92
       9304 |          2        0.01       99.92
       9313 |          2        0.01       99.93
       9320 |          1        0.00       99.93
       9332 |          1        0.00       99.94
       9360 |          1        0.00       99.94
       9362 |          1        0.00       99.94
       9390 |          1        0.00       99.95
       9540 |          1        0.00       99.95
       9550 |         12        0.04       99.99
       9555 |          1        0.00       99.99
       9999 |          2        0.01      100.00
------------+-----------------------------------
      Total |     30,342      100.00
(30,342 missing values generated)
(60,749 missing values generated)
(10,701 real changes made)
(465 real changes made)
(195 real changes made)
(3,723 real changes made)
(129 real changes made)
(1,470 real changes made)
(5,605 real changes made)
(984 real changes made)
(1,234 real changes made)
(192 real changes made)
(739 real changes made)
(1,000 real changes made)
(1,279 real changes made)
(517 real changes made)
(849 real changes made)
(1,316 real changes made)
(9 real changes made)
(30,342 missing values generated)
(0 real changes made)
file
    /Users/santiago/Library/CloudStorage/GoogleDrive-observatorio.pobreza@fla
    > cso.edu.ec/Mi unidad/Bases/ENEMDU/Procesadas/ramas
    homogeneizadas/empleo2001_isic31.dta saved
********************************2002********************************
p40_old was int now str4
(0 real changes made)
(14,885 real changes made)
(variable p40_old was str4, now str6 to accommodate using data's values)

    Result                      Number of obs
    -----------------------------------------
    Not matched                        13,905
        from master                    13,905  (_merge==1)
        from using                          0  (_merge==2)

    Matched                            10,894  (_merge==3)
    -----------------------------------------

    rama de |
  actividad |      Freq.     Percent        Cum.
------------+-----------------------------------
       0000 |     13,870       99.75       99.75
       1550 |          2        0.01       99.76
       2020 |          2        0.01       99.78
       2200 |          2        0.01       99.79
       3100 |          2        0.01       99.81
       3310 |          1        0.01       99.81
       3510 |          1        0.01       99.82
       4500 |          1        0.01       99.83
       5120 |          2        0.01       99.84
       5210 |          3        0.02       99.86
       5230 |          9        0.06       99.93
       5250 |          1        0.01       99.94
       6500 |          1        0.01       99.94
       7410 |          3        0.02       99.96
       8020 |          2        0.01       99.98
       9300 |          3        0.02      100.00
------------+-----------------------------------
      Total |     13,905      100.00
(13,905 missing values generated)
(24,799 missing values generated)
(887 real changes made)
(128 real changes made)
(78 real changes made)
(1,574 real changes made)
(50 real changes made)
(770 real changes made)
(3,020 real changes made)
(489 real changes made)
(657 real changes made)
(132 real changes made)
(462 real changes made)
(471 real changes made)
(749 real changes made)
(346 real changes made)
(363 real changes made)
(717 real changes made)
(1 real change made)
(13,905 missing values generated)
(0 real changes made)
file
    /Users/santiago/Library/CloudStorage/GoogleDrive-observatorio.pobreza@fla
    > cso.edu.ec/Mi unidad/Bases/ENEMDU/Procesadas/ramas
    homogeneizadas/empleo2002_isic31.dta saved
********************************2003********************************
p40_old was int now str4
(0 real changes made)
(15,234 real changes made)
(variable p40_old was str4, now str6 to accommodate using data's values)

    Result                      Number of obs
    -----------------------------------------
    Not matched                        44,983
        from master                    44,983  (_merge==1)
        from using                          0  (_merge==2)

    Matched                            37,334  (_merge==3)
    -----------------------------------------

    rama de |
  actividad |      Freq.     Percent        Cum.
------------+-----------------------------------
          . |     44,932       99.89       99.89
       0110 |         11        0.02       99.91
       0120 |          1        0.00       99.91
       1420 |          3        0.01       99.92
       2220 |          1        0.00       99.92
       3310 |          1        0.00       99.92
       4500 |          3        0.01       99.93
       5200 |          1        0.00       99.93
       5210 |          2        0.00       99.94
       5230 |          8        0.02       99.96
       5250 |          2        0.00       99.96
       6020 |          3        0.01       99.97
       7410 |          1        0.00       99.97
       7420 |          1        0.00       99.97
       7490 |          1        0.00       99.97
       7510 |          1        0.00       99.98
       7520 |          1        0.00       99.98
       8020 |          5        0.01       99.99
       8510 |          1        0.00       99.99
       9200 |          1        0.00       99.99
       9210 |          3        0.01      100.00
------------+-----------------------------------
      Total |     44,983      100.00
(44,983 missing values generated)
(82,317 missing values generated)
(14,767 real changes made)
(455 real changes made)
(230 real changes made)
(3,795 real changes made)
(120 real changes made)
(1,981 real changes made)
(6,330 real changes made)
(956 real changes made)
(1,529 real changes made)
(216 real changes made)
(794 real changes made)
(1,280 real changes made)
(1,788 real changes made)
(638 real changes made)
(1,205 real changes made)
(1,245 real changes made)
(5 real changes made)
(44,983 missing values generated)
(0 real changes made)
file
    /Users/santiago/Library/CloudStorage/GoogleDrive-observatorio.pobreza@fla
    > cso.edu.ec/Mi unidad/Bases/ENEMDU/Procesadas/ramas
    homogeneizadas/empleo2003_isic31.dta saved
********************************2004********************************
p40_old was int now str4
(0 real changes made)
(17,581 real changes made)
(variable p40_old was str4, now str6 to accommodate using data's values)

    Result                      Number of obs
    -----------------------------------------
    Not matched                        41,964
        from master                    41,964  (_merge==1)
        from using                          0  (_merge==2)

    Matched                            41,079  (_merge==3)
    -----------------------------------------

    rama de |
  actividad |      Freq.     Percent        Cum.
------------+-----------------------------------
          . |     41,911       99.87       99.87
       0110 |          3        0.01       99.88
       1510 |          1        0.00       99.88
       1540 |          2        0.00       99.89
       1550 |          1        0.00       99.89
       1910 |          1        0.00       99.89
       2220 |          1        0.00       99.90
       2420 |          1        0.00       99.90
       2629 |          1        0.00       99.90
       3310 |          1        0.00       99.90
       3510 |          1        0.00       99.90
       3600 |          1        0.00       99.91
       4500 |          5        0.01       99.92
       5120 |          2        0.00       99.92
       5130 |          1        0.00       99.93
       5210 |          1        0.00       99.93
       5230 |         12        0.03       99.96
       5250 |          4        0.01       99.97
       5500 |          1        0.00       99.97
       6020 |          1        0.00       99.97
       7462 |          1        0.00       99.97
       7520 |          1        0.00       99.98
       8020 |          8        0.02      100.00
       8510 |          1        0.00      100.00
       9210 |          1        0.00      100.00
------------+-----------------------------------
      Total |     41,964      100.00
(41,964 missing values generated)
(83,043 missing values generated)
(17,131 real changes made)
(447 real changes made)
(215 real changes made)
(3,871 real changes made)
(161 real changes made)
(2,015 real changes made)
(6,949 real changes made)
(1,248 real changes made)
(1,737 real changes made)
(231 real changes made)
(846 real changes made)
(1,184 real changes made)
(1,958 real changes made)
(752 real changes made)
(1,210 real changes made)
(1,117 real changes made)
(7 real changes made)
(41,964 missing values generated)
(0 real changes made)
file
    /Users/santiago/Library/CloudStorage/GoogleDrive-observatorio.pobreza@fla
    > cso.edu.ec/Mi unidad/Bases/ENEMDU/Procesadas/ramas
    homogeneizadas/empleo2004_isic31.dta saved
********************************2005********************************
p40_old was int now str4
(0 real changes made)
(14,972 real changes made)
(variable p40_old was str4, now str6 to accommodate using data's values)

    Result                      Number of obs
    -----------------------------------------
    Not matched                        40,496
        from master                    40,496  (_merge==1)
        from using                          0  (_merge==2)

    Matched                            36,554  (_merge==3)
    -----------------------------------------

 pe38. rama |
         de |
  actividad |      Freq.     Percent        Cum.
------------+-----------------------------------
          . |     40,423       99.82       99.82
       0110 |          2        0.00       99.82
       0120 |          1        0.00       99.83
       0900 |          4        0.01       99.84
       1100 |          1        0.00       99.84
       1224 |          1        0.00       99.84
       1510 |          1        0.00       99.84
       1540 |          1        0.00       99.85
       1910 |          1        0.00       99.85
       2020 |          4        0.01       99.86
       2220 |          2        0.00       99.86
       2420 |          1        0.00       99.87
       3310 |          1        0.00       99.87
       3510 |          1        0.00       99.87
       4500 |          1        0.00       99.87
       5120 |          3        0.01       99.88
       5210 |          4        0.01       99.89
       5230 |         15        0.04       99.93
       5250 |          5        0.01       99.94
       5500 |          1        0.00       99.94
       6020 |          3        0.01       99.95
       6300 |          2        0.00       99.96
       6590 |          3        0.01       99.96
       7520 |          1        0.00       99.97
       8020 |          9        0.02       99.99
       9141 |          1        0.00       99.99
       9190 |          1        0.00       99.99
       9300 |          3        0.01      100.00
------------+-----------------------------------
      Total |     40,496      100.00
(40,496 missing values generated)
(77,050 missing values generated)
(14,498 real changes made)
(467 real changes made)
(178 real changes made)
(3,321 real changes made)
(127 real changes made)
(1,872 real changes made)
(6,341 real changes made)
(1,206 real changes made)
(1,690 real changes made)
(205 real changes made)
(843 real changes made)
(1,112 real changes made)
(1,740 real changes made)
(690 real changes made)
(996 real changes made)
(1,261 real changes made)
(7 real changes made)
(40,496 missing values generated)
(0 real changes made)
file
    /Users/santiago/Library/CloudStorage/GoogleDrive-observatorio.pobreza@fla
    > cso.edu.ec/Mi unidad/Bases/ENEMDU/Procesadas/ramas
    homogeneizadas/empleo2005_isic31.dta saved
********************************2006********************************
p40_old was int now str4
(0 real changes made)
(16,451 real changes made)
(variable p40_old was str4, now str6 to accommodate using data's values)

    Result                      Number of obs
    -----------------------------------------
    Not matched                        39,022
        from master                    39,022  (_merge==1)
        from using                          0  (_merge==2)

    Matched                            38,942  (_merge==3)
    -----------------------------------------

38. rama de |
  actividad |      Freq.     Percent        Cum.
------------+-----------------------------------
          . |     38,560       98.82       98.82
       0501 |        288        0.74       99.55
       0502 |        147        0.38       99.93
       5151 |          3        0.01       99.94
       5152 |          3        0.01       99.95
       5159 |         12        0.03       99.98
       7221 |          3        0.01       99.98
       7229 |          6        0.02      100.00
------------+-----------------------------------
      Total |     39,022      100.00
(39,022 missing values generated)
(77,964 missing values generated)
(16,016 real changes made)
(0 real changes made)
(220 real changes made)
(3,526 real changes made)
(131 real changes made)
(2,088 real changes made)
(6,821 real changes made)
(1,418 real changes made)
(1,741 real changes made)
(216 real changes made)
(905 real changes made)
(1,144 real changes made)
(1,872 real changes made)
(694 real changes made)
(1,062 real changes made)
(1,086 real changes made)
(2 real changes made)
(39,022 missing values generated)
(0 real changes made)
file
    /Users/santiago/Library/CloudStorage/GoogleDrive-observatorio.pobreza@fla
    > cso.edu.ec/Mi unidad/Bases/ENEMDU/Procesadas/ramas
    homogeneizadas/empleo2006_isic31.dta saved

. 
end of do-file

. 
. di as text "================ STEP 3: Rev 3.1 -> Rev 4 (1991-2025) ===========
> ====="
================ STEP 3: Rev 3.1 -> Rev 4 (1991-2025) ================

. do "$rama/ISIC3_1_to_ISIC4.do"

. clear

. 
. * Definicion de rutas globales para facilitar la portabilidad del codigo
. 
. if "`c(username)'" == "vero" global user_root "/Users/vero/Library/CloudStora
> ge/GoogleDrive-observatorio.pobreza@flacso.edu.ec/Mi unidad"

. else                         global user_root "/Users/santiago/Library/CloudS
> torage/GoogleDrive-observatorio.pobreza@flacso.edu.ec/Mi unidad"

. global bases "$user_root/Bases/ENEMDU/Procesadas/Armonizacion/Variables base/
> Mensuales"

. 
. 
. global isic "$user_root/Bases/ENEMDU/Procesadas/ramas homogeneizadas"

. global out "$user_root/Bases/ENEMDU/Procesadas/ramas homogeneizadas"

. 
. *----------------------------------------------------------------------------
> -
. * STEP 1: Preparar correspondencia CIIU Rev. 3.1 -> CIIU Rev. 4
. *----------------------------------------------------------------------------
> --
. 
. import delimited using "$isic/ISIC31_ISIC4.txt", clear
(5 vars, 737 obs)

. 
. tostring isic31code, replace
isic31code was int now str4

. tostring isic4code,  replace
isic4code was int now str4

. replace isic31code = strtrim(isic31code)
(0 real changes made)

. replace isic4code  = strtrim(isic4code)
(0 real changes made)

. drop if missing(isic31code) | missing(isic4code)
(0 observations deleted)

. 
. replace isic31code = substr("0000" + isic31code, -4, .)
(55 real changes made)

. replace isic4code  = substr("0000" + isic4code,  -4, .)
(81 real changes made)

. 
. * En codigos con multiples correspondencias se prioriza:
. * 1) correspondencia no parcial, 2) destino no parcial, 3) mismo codigo.
. gen byte exact_match = isic31code == isic4code

. gsort isic31code partialisic31 partialisic4 -exact_match isic4code

. duplicates drop isic31code, force

Duplicates in terms of isic31code

(439 observations deleted)

. 
. rename isic31code p40

. rename isic4code  p40_rev4_new

. 
. keep p40 p40_rev4_new

. tempfile crosswalk_clean

. save `crosswalk_clean'
file /var/folders/v8/j2_3wzqd1rqc2l_95p5k_2l00000gn/T//St28152.000001 saved
    as .dta format

. 
. *----------------------------------------------------------------------------
> -
. * STEP 2: Actualizar bases 1991-2012 de CIIU Rev. 3.1 a Rev. 4
. *
. * Fuentes de entrada:
. *   - 1991-1999: $out/empleo`anio'_isic31.dta (salida de isic2_31.do)
. *   - 2000-2006: $out/empleo`anio'_isic31.dta (salida de isic3_31.do)
. *   - 2007-2012: empleo`anio'.dta original (ya estan en Rev. 3.1)
. *----------------------------------------------------------------------------
> --
. 
. forval anio = 1991/2012 {
  2. 
.         di "********************************`anio'***************************
> *****"
  3. 
.         if (inrange(`anio', 1991, 2006)) {
  4.                 capture noisily use "$out/empleo`anio'_isic31.dta", clear
  5.                 if _rc {
  6.                         di as error "  AVISO: falta empleo`anio'_isic31.dt
> a. Ejecute isic2_31.do / isic3_31.do primero."
  7.                         continue
  8.                 }
  9.         }
 10.         else {
 11.                 use "$bases/empleo`anio'.dta", clear
 12.         }
 13. 
.         * Asegura que p40 sea string de 4 digitos (ej. "0111").
.         tostring p40, replace force
 14.         replace p40 = strtrim(p40)
 15.         replace p40 = substr("0000" + p40, -4, .) if p40 != "" & p40 != ".
> "
 16. 
.         * Fusiona con el crosswalk Rev. 3.1 -> Rev. 4.
.         merge m:1 p40 using `crosswalk_clean', keep(master match)
 17. 
.         * Lista codigos no mapeados para revision manual.
.         tab p40 if missing(p40_rev4_new) & p40 != ""
 18.         drop _merge
 19. 
.         rename p40           p40_old_isic31
 20.         rename p40_rev4_new  p40
 21. 
.         *--------------------------------------------------------------------
> ------
.         * STEP 3: Generar la nueva 'rama1' (Secciones A-U) bajo CIIU Rev. 4
.         *--------------------------------------------------------------------
> ------
. 
.         gen rama_new = ""
 22.         gen isic2 = substr(p40, 1, 2)
 23. 
.         replace rama_new = "A" if isic2 >= "01" & isic2 <= "03"
 24.         replace rama_new = "B" if isic2 >= "05" & isic2 <= "09"
 25.         replace rama_new = "C" if isic2 >= "10" & isic2 <= "33"
 26.         replace rama_new = "D" if isic2 == "35"
 27.         replace rama_new = "E" if isic2 >= "36" & isic2 <= "39"
 28.         replace rama_new = "F" if isic2 >= "41" & isic2 <= "43"
 29.         replace rama_new = "G" if isic2 >= "45" & isic2 <= "47"
 30.         replace rama_new = "H" if isic2 >= "49" & isic2 <= "53"
 31.         replace rama_new = "I" if isic2 >= "55" & isic2 <= "56"
 32.         replace rama_new = "J" if isic2 >= "58" & isic2 <= "63"
 33.         replace rama_new = "K" if isic2 >= "64" & isic2 <= "66"
 34.         replace rama_new = "L" if isic2 == "68"
 35.         replace rama_new = "M" if isic2 >= "69" & isic2 <= "75"
 36.         replace rama_new = "N" if isic2 >= "77" & isic2 <= "82"
 37.         replace rama_new = "O" if isic2 == "84"
 38.         replace rama_new = "P" if isic2 == "85"
 39.         replace rama_new = "Q" if isic2 >= "86" & isic2 <= "88"
 40.         replace rama_new = "R" if isic2 >= "90" & isic2 <= "93"
 41.         replace rama_new = "S" if isic2 >= "94" & isic2 <= "96"
 42.         replace rama_new = "T" if isic2 >= "97" & isic2 <= "98"
 43.         replace rama_new = "U" if isic2 == "99"
 44. 
.         * Conserva la seccion anterior (Rev. 3.1) como respaldo si existia.
.         capture confirm variable rama1
 45.         if !_rc rename rama1 rama_old_isic31
 46. 
.         * Codificacion deterministica: la letra define directamente el numero
.         * (A=1, B=2, ..., U=21) independiente de las secciones presentes.
.         * strpos retorna 1 cuando la aguja es vacia, asi que se filtra explic
> ito.
.         gen byte rama1 = strpos("ABCDEFGHIJKLMNOPQRSTU", rama_new) if rama_ne
> w != ""
 47.         replace rama1 = . if rama1 == 0
 48.         drop isic2 rama_new
 49. 
.         label define rama_isic4 ///
>                 1  "A. Agricultura, ganaderia, silvicultura y pesca" ///
>                 2  "B. Explotacion de minas y canteras" ///
>                 3  "C. Industrias manufactureras" ///
>                 4  "D. Suministros de electricidad, gas, vapor y aire acondic
> ionado" ///
>                 5  "E. Distribucion de agua; alcantarillado, gestion de desec
> hos y saneamiento" ///
>                 6  "F. Construccion" ///
>                 7  "G. Comercio al por mayor y al por menor; reparacion de ve
> hiculos automotores y motocicletas" ///
>                 8  "H. Transporte y almacenamiento" ///
>                 9  "I. Actividades de alojamiento y de servicio de comidas" /
> //
>                 10 "J. Informacion y comunicaciones" ///
>                 11 "K. Actividades financieras y de seguros" ///
>                 12 "L. Actividades inmobiliarias" ///
>                 13 "M. Actividades profesionales, cientificas y tecnicas" ///
>                 14 "N. Actividades de servicios administrativos y de apoyo" /
> //
>                 15 "O. Administracion publica y defensa; seguridad social de 
> afiliacion obligatoria" ///
>                 16 "P. Ensenanza" ///
>                 17 "Q. Actividades de atencion de la salud humana y de asiste
> ncia social" ///
>                 18 "R. Actividades artisticas, de entretenimiento y recreativ
> as" ///
>                 19 "S. Otras actividades de servicios" ///
>                 20 "T. Actividades de los hogares como empleadores" ///
>                 21 "U. Actividades de organizaciones y organos extraterritori
> ales", replace
 50. 
.         label values rama1 rama_isic4
 51. 
.         save "$out/empleo`anio'_isic4.dta", replace
 52. }
********************************1991********************************
p40 already string; no replace
(0 real changes made)
(0 real changes made)

    Result                      Number of obs
    -----------------------------------------
    Not matched                        25,804
        from master                    25,804  (_merge==1)
        from using                          0  (_merge==2)

    Matched                            13,267  (_merge==3)
    -----------------------------------------
no observations
(39,071 missing values generated)
(25,804 missing values generated)
(1,441 real changes made)
(1,194 real changes made)
(2,687 real changes made)
(86 real changes made)
(72 real changes made)
(138 real changes made)
(1,577 real changes made)
(570 real changes made)
(760 real changes made)
(51 real changes made)
(307 real changes made)
(0 real changes made)
(177 real changes made)
(229 real changes made)
(926 real changes made)
(1,067 real changes made)
(529 real changes made)
(81 real changes made)
(366 real changes made)
(994 real changes made)
(15 real changes made)
(25,804 missing values generated)
(0 real changes made)
file
    /Users/santiago/Library/CloudStorage/GoogleDrive-observatorio.pobreza@fla
    > cso.edu.ec/Mi unidad/Bases/ENEMDU/Procesadas/ramas
    homogeneizadas/empleo1991_isic4.dta saved
********************************1992********************************
p40 already string; no replace
(0 real changes made)
(0 real changes made)

    Result                      Number of obs
    -----------------------------------------
    Not matched                        24,535
        from master                    24,535  (_merge==1)
        from using                          0  (_merge==2)

    Matched                            13,553  (_merge==3)
    -----------------------------------------
no observations
(38,088 missing values generated)
(24,535 missing values generated)
(1,407 real changes made)
(1,217 real changes made)
(2,653 real changes made)
(74 real changes made)
(46 real changes made)
(150 real changes made)
(1,551 real changes made)
(575 real changes made)
(909 real changes made)
(57 real changes made)
(300 real changes made)
(0 real changes made)
(276 real changes made)
(244 real changes made)
(818 real changes made)
(1,164 real changes made)
(551 real changes made)
(82 real changes made)
(451 real changes made)
(1,022 real changes made)
(6 real changes made)
(24,535 missing values generated)
(0 real changes made)
file
    /Users/santiago/Library/CloudStorage/GoogleDrive-observatorio.pobreza@fla
    > cso.edu.ec/Mi unidad/Bases/ENEMDU/Procesadas/ramas
    homogeneizadas/empleo1992_isic4.dta saved
********************************1993********************************
p40 already string; no replace
(0 real changes made)
(0 real changes made)

    Result                      Number of obs
    -----------------------------------------
    Not matched                        24,433
        from master                    24,433  (_merge==1)
        from using                          0  (_merge==2)

    Matched                            13,302  (_merge==3)
    -----------------------------------------
no observations
(37,735 missing values generated)
(24,433 missing values generated)
(1,358 real changes made)
(1,148 real changes made)
(2,807 real changes made)
(89 real changes made)
(42 real changes made)
(137 real changes made)
(1,649 real changes made)
(559 real changes made)
(777 real changes made)
(68 real changes made)
(287 real changes made)
(0 real changes made)
(223 real changes made)
(207 real changes made)
(888 real changes made)
(1,106 real changes made)
(498 real changes made)
(81 real changes made)
(422 real changes made)
(951 real changes made)
(5 real changes made)
(24,433 missing values generated)
(0 real changes made)
file
    /Users/santiago/Library/CloudStorage/GoogleDrive-observatorio.pobreza@fla
    > cso.edu.ec/Mi unidad/Bases/ENEMDU/Procesadas/ramas
    homogeneizadas/empleo1993_isic4.dta saved
********************************1994********************************
p40 already string; no replace
(0 real changes made)
(0 real changes made)

    Result                      Number of obs
    -----------------------------------------
    Not matched                        24,756
        from master                    24,756  (_merge==1)
        from using                          0  (_merge==2)

    Matched                            12,653  (_merge==3)
    -----------------------------------------
no observations
(37,409 missing values generated)
(24,756 missing values generated)
(1,229 real changes made)
(1,099 real changes made)
(2,431 real changes made)
(71 real changes made)
(39 real changes made)
(153 real changes made)
(1,532 real changes made)
(563 real changes made)
(791 real changes made)
(67 real changes made)
(256 real changes made)
(0 real changes made)
(231 real changes made)
(129 real changes made)
(1,022 real changes made)
(1,191 real changes made)
(471 real changes made)
(101 real changes made)
(336 real changes made)
(937 real changes made)
(4 real changes made)
(24,756 missing values generated)
(0 real changes made)
file
    /Users/santiago/Library/CloudStorage/GoogleDrive-observatorio.pobreza@fla
    > cso.edu.ec/Mi unidad/Bases/ENEMDU/Procesadas/ramas
    homogeneizadas/empleo1994_isic4.dta saved
********************************1995********************************
p40 already string; no replace
(0 real changes made)
(0 real changes made)

    Result                      Number of obs
    -----------------------------------------
    Not matched                        23,778
        from master                    23,778  (_merge==1)
        from using                          0  (_merge==2)

    Matched                            12,790  (_merge==3)
    -----------------------------------------
no observations
(36,568 missing values generated)
(23,778 missing values generated)
(1,155 real changes made)
(1,048 real changes made)
(2,271 real changes made)
(75 real changes made)
(73 real changes made)
(151 real changes made)
(2,127 real changes made)
(499 real changes made)
(746 real changes made)
(56 real changes made)
(264 real changes made)
(0 real changes made)
(262 real changes made)
(166 real changes made)
(891 real changes made)
(1,135 real changes made)
(484 real changes made)
(106 real changes made)
(372 real changes made)
(896 real changes made)
(13 real changes made)
(23,778 missing values generated)
(0 real changes made)
file
    /Users/santiago/Library/CloudStorage/GoogleDrive-observatorio.pobreza@fla
    > cso.edu.ec/Mi unidad/Bases/ENEMDU/Procesadas/ramas
    homogeneizadas/empleo1995_isic4.dta saved
********************************1996********************************
p40 already string; no replace
(0 real changes made)
(0 real changes made)

    Result                      Number of obs
    -----------------------------------------
    Not matched                        24,369
        from master                    24,369  (_merge==1)
        from using                          0  (_merge==2)

    Matched                            12,895  (_merge==3)
    -----------------------------------------
no observations
(37,264 missing values generated)
(24,369 missing values generated)
(1,229 real changes made)
(1,067 real changes made)
(2,360 real changes made)
(59 real changes made)
(19 real changes made)
(146 real changes made)
(1,760 real changes made)
(530 real changes made)
(807 real changes made)
(73 real changes made)
(276 real changes made)
(0 real changes made)
(246 real changes made)
(157 real changes made)
(979 real changes made)
(1,180 real changes made)
(510 real changes made)
(93 real changes made)
(543 real changes made)
(855 real changes made)
(6 real changes made)
(24,369 missing values generated)
(0 real changes made)
file
    /Users/santiago/Library/CloudStorage/GoogleDrive-observatorio.pobreza@fla
    > cso.edu.ec/Mi unidad/Bases/ENEMDU/Procesadas/ramas
    homogeneizadas/empleo1996_isic4.dta saved
********************************1997********************************
p40 already string; no replace
(0 real changes made)
(0 real changes made)

    Result                      Number of obs
    -----------------------------------------
    Not matched                        23,823
        from master                    23,823  (_merge==1)
        from using                          0  (_merge==2)

    Matched                            12,861  (_merge==3)
    -----------------------------------------
no observations
(36,684 missing values generated)
(23,823 missing values generated)
(1,225 real changes made)
(1,025 real changes made)
(2,463 real changes made)
(24 real changes made)
(30 real changes made)
(165 real changes made)
(1,640 real changes made)
(473 real changes made)
(810 real changes made)
(71 real changes made)
(256 real changes made)
(0 real changes made)
(233 real changes made)
(173 real changes made)
(1,155 real changes made)
(1,127 real changes made)
(492 real changes made)
(133 real changes made)
(491 real changes made)
(867 real changes made)
(8 real changes made)
(23,823 missing values generated)
(0 real changes made)
file
    /Users/santiago/Library/CloudStorage/GoogleDrive-observatorio.pobreza@fla
    > cso.edu.ec/Mi unidad/Bases/ENEMDU/Procesadas/ramas
    homogeneizadas/empleo1997_isic4.dta saved
********************************1998********************************
p40 already string; no replace
(0 real changes made)
(0 real changes made)

    Result                      Number of obs
    -----------------------------------------
    Not matched                        26,073
        from master                    26,073  (_merge==1)
        from using                          0  (_merge==2)

    Matched                            14,436  (_merge==3)
    -----------------------------------------
no observations
(40,509 missing values generated)
(26,073 missing values generated)
(1,518 real changes made)
(1,149 real changes made)
(2,650 real changes made)
(75 real changes made)
(56 real changes made)
(200 real changes made)
(1,647 real changes made)
(708 real changes made)
(1,013 real changes made)
(68 real changes made)
(295 real changes made)
(0 real changes made)
(269 real changes made)
(304 real changes made)
(775 real changes made)
(1,309 real changes made)
(534 real changes made)
(124 real changes made)
(435 real changes made)
(1,298 real changes made)
(9 real changes made)
(26,073 missing values generated)
(0 real changes made)
file
    /Users/santiago/Library/CloudStorage/GoogleDrive-observatorio.pobreza@fla
    > cso.edu.ec/Mi unidad/Bases/ENEMDU/Procesadas/ramas
    homogeneizadas/empleo1998_isic4.dta saved
********************************1999********************************
p40 already string; no replace
(0 real changes made)
(0 real changes made)

    Result                      Number of obs
    -----------------------------------------
    Not matched                        25,207
        from master                    25,207  (_merge==1)
        from using                          0  (_merge==2)

    Matched                            14,865  (_merge==3)
    -----------------------------------------
no observations
(40,072 missing values generated)
(25,207 missing values generated)
(1,384 real changes made)
(1,255 real changes made)
(2,635 real changes made)
(76 real changes made)
(90 real changes made)
(172 real changes made)
(2,026 real changes made)
(669 real changes made)
(980 real changes made)
(62 real changes made)
(279 real changes made)
(0 real changes made)
(288 real changes made)
(246 real changes made)
(872 real changes made)
(1,309 real changes made)
(549 real changes made)
(154 real changes made)
(529 real changes made)
(1,283 real changes made)
(7 real changes made)
(25,207 missing values generated)
(0 real changes made)
file
    /Users/santiago/Library/CloudStorage/GoogleDrive-observatorio.pobreza@fla
    > cso.edu.ec/Mi unidad/Bases/ENEMDU/Procesadas/ramas
    homogeneizadas/empleo1999_isic4.dta saved
********************************2000********************************
p40 already string; no replace
(0 real changes made)
(0 real changes made)

    Result                      Number of obs
    -----------------------------------------
    Not matched                        35,244
        from master                    35,244  (_merge==1)
        from using                          0  (_merge==2)

    Matched                            27,225  (_merge==3)
    -----------------------------------------
no observations
(62,469 missing values generated)
(35,244 missing values generated)
(8,684 real changes made)
(160 real changes made)
(3,259 real changes made)
(91 real changes made)
(67 real changes made)
(1,520 real changes made)
(5,191 real changes made)
(1,158 real changes made)
(870 real changes made)
(233 real changes made)
(208 real changes made)
(18 real changes made)
(302 real changes made)
(330 real changes made)
(922 real changes made)
(1,412 real changes made)
(564 real changes made)
(120 real changes made)
(813 real changes made)
(1,300 real changes made)
(3 real changes made)
(35,244 missing values generated)
(0 real changes made)
file
    /Users/santiago/Library/CloudStorage/GoogleDrive-observatorio.pobreza@fla
    > cso.edu.ec/Mi unidad/Bases/ENEMDU/Procesadas/ramas
    homogeneizadas/empleo2000_isic4.dta saved
********************************2001********************************
p40 already string; no replace
(0 real changes made)
(0 real changes made)

    Result                      Number of obs
    -----------------------------------------
    Not matched                        30,342
        from master                    30,342  (_merge==1)
        from using                          0  (_merge==2)

    Matched                            30,407  (_merge==3)
    -----------------------------------------
no observations
(60,749 missing values generated)
(30,342 missing values generated)
(11,166 real changes made)
(195 real changes made)
(3,739 real changes made)
(96 real changes made)
(68 real changes made)
(1,449 real changes made)
(5,462 real changes made)
(1,097 real changes made)
(984 real changes made)
(243 real changes made)
(192 real changes made)
(15 real changes made)
(291 real changes made)
(440 real changes made)
(985 real changes made)
(1,279 real changes made)
(510 real changes made)
(191 real changes made)
(680 real changes made)
(1,316 real changes made)
(9 real changes made)
(30,342 missing values generated)
(0 real changes made)
file
    /Users/santiago/Library/CloudStorage/GoogleDrive-observatorio.pobreza@fla
    > cso.edu.ec/Mi unidad/Bases/ENEMDU/Procesadas/ramas
    homogeneizadas/empleo2001_isic4.dta saved
********************************2002********************************
p40 already string; no replace
(0 real changes made)
(0 real changes made)

    Result                      Number of obs
    -----------------------------------------
    Not matched                        13,905
        from master                    13,905  (_merge==1)
        from using                          0  (_merge==2)

    Matched                            10,894  (_merge==3)
    -----------------------------------------
no observations
(24,799 missing values generated)
(13,905 missing values generated)
(1,015 real changes made)
(78 real changes made)
(1,599 real changes made)
(40 real changes made)
(27 real changes made)
(740 real changes made)
(2,946 real changes made)
(596 real changes made)
(489 real changes made)
(113 real changes made)
(132 real changes made)
(11 real changes made)
(212 real changes made)
(229 real changes made)
(460 real changes made)
(749 real changes made)
(340 real changes made)
(70 real changes made)
(330 real changes made)
(717 real changes made)
(1 real change made)
(13,905 missing values generated)
(0 real changes made)
file
    /Users/santiago/Library/CloudStorage/GoogleDrive-observatorio.pobreza@fla
    > cso.edu.ec/Mi unidad/Bases/ENEMDU/Procesadas/ramas
    homogeneizadas/empleo2002_isic4.dta saved
********************************2003********************************
p40 already string; no replace
(0 real changes made)
(0 real changes made)

    Result                      Number of obs
    -----------------------------------------
    Not matched                        44,983
        from master                    44,983  (_merge==1)
        from using                          0  (_merge==2)

    Matched                            37,334  (_merge==3)
    -----------------------------------------
no observations
(82,317 missing values generated)
(44,983 missing values generated)
(15,222 real changes made)
(230 real changes made)
(3,848 real changes made)
(91 real changes made)
(72 real changes made)
(1,896 real changes made)
(6,231 real changes made)
(1,399 real changes made)
(956 real changes made)
(268 real changes made)
(216 real changes made)
(1 real change made)
(356 real changes made)
(421 real changes made)
(1,279 real changes made)
(1,788 real changes made)
(624 real changes made)
(148 real changes made)
(1,038 real changes made)
(1,245 real changes made)
(5 real changes made)
(44,983 missing values generated)
(0 real changes made)
file
    /Users/santiago/Library/CloudStorage/GoogleDrive-observatorio.pobreza@fla
    > cso.edu.ec/Mi unidad/Bases/ENEMDU/Procesadas/ramas
    homogeneizadas/empleo2003_isic4.dta saved
********************************2004********************************
p40 already string; no replace
(0 real changes made)
(0 real changes made)

    Result                      Number of obs
    -----------------------------------------
    Not matched                        41,964
        from master                    41,964  (_merge==1)
        from using                          0  (_merge==2)

    Matched                            41,079  (_merge==3)
    -----------------------------------------
no observations
(83,043 missing values generated)
(41,964 missing values generated)
(17,578 real changes made)
(215 real changes made)
(3,920 real changes made)
(111 real changes made)
(76 real changes made)
(1,966 real changes made)
(6,816 real changes made)
(1,581 real changes made)
(1,248 real changes made)
(309 real changes made)
(231 real changes made)
(9 real changes made)
(387 real changes made)
(405 real changes made)
(1,175 real changes made)
(1,958 real changes made)
(739 real changes made)
(115 real changes made)
(1,116 real changes made)
(1,117 real changes made)
(7 real changes made)
(41,964 missing values generated)
(0 real changes made)
file
    /Users/santiago/Library/CloudStorage/GoogleDrive-observatorio.pobreza@fla
    > cso.edu.ec/Mi unidad/Bases/ENEMDU/Procesadas/ramas
    homogeneizadas/empleo2004_isic4.dta saved
********************************2005********************************
p40 already string; no replace
(0 real changes made)
(0 real changes made)

    Result                      Number of obs
    -----------------------------------------
    Not matched                        40,496
        from master                    40,496  (_merge==1)
        from using                          0  (_merge==2)

    Matched                            36,554  (_merge==3)
    -----------------------------------------
no observations
(77,050 missing values generated)
(40,496 missing values generated)
(14,965 real changes made)
(178 real changes made)
(3,388 real changes made)
(95 real changes made)
(81 real changes made)
(1,800 real changes made)
(6,221 real changes made)
(1,530 real changes made)
(1,206 real changes made)
(278 real changes made)
(205 real changes made)
(10 real changes made)
(387 real changes made)
(400 real changes made)
(1,102 real changes made)
(1,740 real changes made)
(671 real changes made)
(132 real changes made)
(897 real changes made)
(1,261 real changes made)
(7 real changes made)
(40,496 missing values generated)
(0 real changes made)
file
    /Users/santiago/Library/CloudStorage/GoogleDrive-observatorio.pobreza@fla
    > cso.edu.ec/Mi unidad/Bases/ENEMDU/Procesadas/ramas
    homogeneizadas/empleo2005_isic4.dta saved
********************************2006********************************
p40 already string; no replace
(0 real changes made)
(0 real changes made)

    Result                      Number of obs
    -----------------------------------------
    Not matched                        39,022
        from master                    39,022  (_merge==1)
        from using                          0  (_merge==2)

    Matched                            38,942  (_merge==3)
    -----------------------------------------
no observations
(77,964 missing values generated)
(39,022 missing values generated)
(16,016 real changes made)
(220 real changes made)
(3,585 real changes made)
(87 real changes made)
(92 real changes made)
(2,003 real changes made)
(6,677 real changes made)
(1,486 real changes made)
(1,418 real changes made)
(369 real changes made)
(216 real changes made)
(5 real changes made)
(438 real changes made)
(436 real changes made)
(1,139 real changes made)
(1,872 real changes made)
(676 real changes made)
(165 real changes made)
(954 real changes made)
(1,086 real changes made)
(2 real changes made)
(39,022 missing values generated)
(0 real changes made)
file
    /Users/santiago/Library/CloudStorage/GoogleDrive-observatorio.pobreza@fla
    > cso.edu.ec/Mi unidad/Bases/ENEMDU/Procesadas/ramas
    homogeneizadas/empleo2006_isic4.dta saved
********************************2007********************************
p40 was double now str4
(0 real changes made)
(14,174 real changes made)

    Result                      Number of obs
    -----------------------------------------
    Not matched                        40,327
        from master                    40,327  (_merge==1)
        from using                          0  (_merge==2)

    Matched                            36,594  (_merge==3)
    -----------------------------------------

40. Rama de |
  actividad |      Freq.     Percent        Cum.
------------+-----------------------------------
          . |     40,326      100.00      100.00
       9999 |          1        0.00      100.00
------------+-----------------------------------
      Total |     40,327      100.00
(76,921 missing values generated)
(40,327 missing values generated)
(14,174 real changes made)
(232 real changes made)
(3,603 real changes made)
(93 real changes made)
(81 real changes made)
(2,002 real changes made)
(6,121 real changes made)
(1,492 real changes made)
(1,471 real changes made)
(472 real changes made)
(246 real changes made)
(13 real changes made)
(370 real changes made)
(444 real changes made)
(1,123 real changes made)
(1,858 real changes made)
(719 real changes made)
(144 real changes made)
(926 real changes made)
(1,009 real changes made)
(1 real change made)
(40,327 missing values generated)
(0 real changes made)
file
    /Users/santiago/Library/CloudStorage/GoogleDrive-observatorio.pobreza@fla
    > cso.edu.ec/Mi unidad/Bases/ENEMDU/Procesadas/ramas
    homogeneizadas/empleo2007_isic4.dta saved
********************************2008********************************
p40 was double now str4
(0 real changes made)
(13,308 real changes made)

    Result                      Number of obs
    -----------------------------------------
    Not matched                        42,960
        from master                    42,960  (_merge==1)
        from using                          0  (_merge==2)

    Matched                            35,782  (_merge==3)
    -----------------------------------------

40. Rama de |
  actividad |      Freq.     Percent        Cum.
------------+-----------------------------------
          . |     42,960      100.00      100.00
------------+-----------------------------------
      Total |     42,960      100.00
(78,742 missing values generated)
(42,960 missing values generated)
(13,308 real changes made)
(194 real changes made)
(3,652 real changes made)
(97 real changes made)
(73 real changes made)
(2,086 real changes made)
(5,889 real changes made)
(1,477 real changes made)
(1,497 real changes made)
(505 real changes made)
(236 real changes made)
(15 real changes made)
(395 real changes made)
(446 real changes made)
(1,221 real changes made)
(1,881 real changes made)
(744 real changes made)
(146 real changes made)
(917 real changes made)
(1,003 real changes made)
(0 real changes made)
(42,960 missing values generated)
(0 real changes made)
file
    /Users/santiago/Library/CloudStorage/GoogleDrive-observatorio.pobreza@fla
    > cso.edu.ec/Mi unidad/Bases/ENEMDU/Procesadas/ramas
    homogeneizadas/empleo2008_isic4.dta saved
********************************2009********************************
p40 was double now str4
(0 real changes made)
(13,372 real changes made)

    Result                      Number of obs
    -----------------------------------------
    Not matched                        42,779
        from master                    42,779  (_merge==1)
        from using                          0  (_merge==2)

    Matched                            36,099  (_merge==3)
    -----------------------------------------

40. Rama de |
  actividad |      Freq.     Percent        Cum.
------------+-----------------------------------
          . |     42,775       99.99       99.99
       9999 |          4        0.01      100.00
------------+-----------------------------------
      Total |     42,779      100.00
(78,878 missing values generated)
(42,779 missing values generated)
(13,372 real changes made)
(223 real changes made)
(3,652 real changes made)
(124 real changes made)
(95 real changes made)
(2,080 real changes made)
(6,223 real changes made)
(1,542 real changes made)
(1,367 real changes made)
(484 real changes made)
(212 real changes made)
(13 real changes made)
(423 real changes made)
(477 real changes made)
(1,091 real changes made)
(1,903 real changes made)
(706 real changes made)
(140 real changes made)
(928 real changes made)
(1,043 real changes made)
(1 real change made)
(42,779 missing values generated)
(0 real changes made)
file
    /Users/santiago/Library/CloudStorage/GoogleDrive-observatorio.pobreza@fla
    > cso.edu.ec/Mi unidad/Bases/ENEMDU/Procesadas/ramas
    homogeneizadas/empleo2009_isic4.dta saved
********************************2010********************************
p40 was double now str4
(0 real changes made)
(13,536 real changes made)

    Result                      Number of obs
    -----------------------------------------
    Not matched                        45,760
        from master                    45,760  (_merge==1)
        from using                          0  (_merge==2)

    Matched                            37,014  (_merge==3)
    -----------------------------------------

40. Rama de |
  actividad |      Freq.     Percent        Cum.
------------+-----------------------------------
          . |     45,758      100.00      100.00
       9999 |          2        0.00      100.00
------------+-----------------------------------
      Total |     45,760      100.00
(82,774 missing values generated)
(45,760 missing values generated)
(13,536 real changes made)
(262 real changes made)
(3,771 real changes made)
(109 real changes made)
(87 real changes made)
(2,124 real changes made)
(6,188 real changes made)
(1,639 real changes made)
(1,463 real changes made)
(417 real changes made)
(227 real changes made)
(14 real changes made)
(392 real changes made)
(593 real changes made)
(1,257 real changes made)
(2,090 real changes made)
(794 real changes made)
(146 real changes made)
(959 real changes made)
(942 real changes made)
(4 real changes made)
(45,760 missing values generated)
(0 real changes made)
file
    /Users/santiago/Library/CloudStorage/GoogleDrive-observatorio.pobreza@fla
    > cso.edu.ec/Mi unidad/Bases/ENEMDU/Procesadas/ramas
    homogeneizadas/empleo2010_isic4.dta saved
********************************2011********************************
p40 was double now str4
(0 real changes made)
(10,629 real changes made)

    Result                      Number of obs
    -----------------------------------------
    Not matched                        38,603
        from master                    38,603  (_merge==1)
        from using                          0  (_merge==2)

    Matched                            31,050  (_merge==3)
    -----------------------------------------

40. Rama de |
  actividad |      Freq.     Percent        Cum.
------------+-----------------------------------
          . |     38,603      100.00      100.00
------------+-----------------------------------
      Total |     38,603      100.00
(69,653 missing values generated)
(38,603 missing values generated)
(10,629 real changes made)
(188 real changes made)
(3,090 real changes made)
(81 real changes made)
(93 real changes made)
(1,720 real changes made)
(5,644 real changes made)
(1,516 real changes made)
(1,320 real changes made)
(375 real changes made)
(263 real changes made)
(24 real changes made)
(456 real changes made)
(561 real changes made)
(1,053 real changes made)
(1,716 real changes made)
(768 real changes made)
(124 real changes made)
(725 real changes made)
(700 real changes made)
(4 real changes made)
(38,603 missing values generated)
(0 real changes made)
file
    /Users/santiago/Library/CloudStorage/GoogleDrive-observatorio.pobreza@fla
    > cso.edu.ec/Mi unidad/Bases/ENEMDU/Procesadas/ramas
    homogeneizadas/empleo2011_isic4.dta saved
********************************2012********************************
p40 was double now str4
(0 real changes made)
(11,511 real changes made)

    Result                      Number of obs
    -----------------------------------------
    Not matched                        40,715
        from master                    40,715  (_merge==1)
        from using                          0  (_merge==2)

    Matched                            32,971  (_merge==3)
    -----------------------------------------

40. Rama de |
  actividad |      Freq.     Percent        Cum.
------------+-----------------------------------
          . |     40,714      100.00      100.00
       9999 |          1        0.00      100.00
------------+-----------------------------------
      Total |     40,715      100.00
(73,686 missing values generated)
(40,715 missing values generated)
(11,511 real changes made)
(204 real changes made)
(3,175 real changes made)
(72 real changes made)
(93 real changes made)
(1,956 real changes made)
(5,723 real changes made)
(1,641 real changes made)
(1,480 real changes made)
(395 real changes made)
(249 real changes made)
(29 real changes made)
(459 real changes made)
(593 real changes made)
(1,202 real changes made)
(1,797 real changes made)
(759 real changes made)
(91 real changes made)
(788 real changes made)
(743 real changes made)
(11 real changes made)
(40,715 missing values generated)
(0 real changes made)
file
    /Users/santiago/Library/CloudStorage/GoogleDrive-observatorio.pobreza@fla
    > cso.edu.ec/Mi unidad/Bases/ENEMDU/Procesadas/ramas
    homogeneizadas/empleo2012_isic4.dta saved

. 
. *----------------------------------------------------------------------------
> -
. * STEP 4: Pass-through 2013-2025 (ya estan en CIIU Rev. 4 nativamente)
. *
. * Solo se renormaliza la etiqueta de rama1 al mismo formato Rev. 4 y se guard
> a
. * con sufijo _isic4 para mantener la nomenclatura uniforme de salida.
. *----------------------------------------------------------------------------
> --
. 
. forval anio = 2013/2025 {
  2. 
.         di "********************************`anio' (nativo Rev. 4)***********
> *********************"
  3. 
.         capture confirm file "$bases/empleo`anio'.dta"
  4.         if _rc continue
  5.         use "$bases/empleo`anio'.dta", clear
  6. 
.         * Normaliza p40 a string de 4 digitos.
.         capture confirm variable p40
  7.         if !_rc {
  8.                 tostring p40, replace force
  9.                 replace p40 = strtrim(p40)
 10.                 replace p40 = substr("0000" + p40, -4, .) if p40 != "" & p
> 40 != "."
 11.         }
 12. 
.         * Asegura tipo numerico de rama1 con la misma etiqueta Rev. 4.
.         capture confirm variable rama1
 13.         if !_rc {
 14.                 capture confirm numeric variable rama1
 15.                 if _rc {
 16.                         destring rama1, replace force
 17.                 }
 18.                 label define rama_isic4 ///
>                         1  "A. Agricultura, ganaderia, silvicultura y pesca" 
> ///
>                         2  "B. Explotacion de minas y canteras" ///
>                         3  "C. Industrias manufactureras" ///
>                         4  "D. Suministros de electricidad, gas, vapor y aire
>  acondicionado" ///
>                         5  "E. Distribucion de agua; alcantarillado, gestion 
> de desechos y saneamiento" ///
>                         6  "F. Construccion" ///
>                         7  "G. Comercio al por mayor y al por menor; reparaci
> on de vehiculos automotores y motocicletas" ///
>                         8  "H. Transporte y almacenamiento" ///
>                         9  "I. Actividades de alojamiento y de servicio de co
> midas" ///
>                         10 "J. Informacion y comunicaciones" ///
>                         11 "K. Actividades financieras y de seguros" ///
>                         12 "L. Actividades inmobiliarias" ///
>                         13 "M. Actividades profesionales, cientificas y tecni
> cas" ///
>                         14 "N. Actividades de servicios administrativos y de 
> apoyo" ///
>                         15 "O. Administracion publica y defensa; seguridad so
> cial de afiliacion obligatoria" ///
>                         16 "P. Ensenanza" ///
>                         17 "Q. Actividades de atencion de la salud humana y d
> e asistencia social" ///
>                         18 "R. Actividades artisticas, de entretenimiento y r
> ecreativas" ///
>                         19 "S. Otras actividades de servicios" ///
>                         20 "T. Actividades de los hogares como empleadores" /
> //
>                         21 "U. Actividades de organizaciones y organos extrat
> erritoriales", replace
 19.                 label values rama1 rama_isic4
 20.         }
 21. 
.         save "$out/empleo`anio'_isic4.dta", replace
 22. }
********************************2013 (nativo Rev. 4)***************************
> *****
p40 was double now str4
(0 real changes made)
(12,931 real changes made)
file
    /Users/santiago/Library/CloudStorage/GoogleDrive-observatorio.pobreza@fla
    > cso.edu.ec/Mi unidad/Bases/ENEMDU/Procesadas/ramas
    homogeneizadas/empleo2013_isic4.dta saved
********************************2014 (nativo Rev. 4)***************************
> *****
p40 was int now str4
(0 real changes made)
(18,707 real changes made)
file
    /Users/santiago/Library/CloudStorage/GoogleDrive-observatorio.pobreza@fla
    > cso.edu.ec/Mi unidad/Bases/ENEMDU/Procesadas/ramas
    homogeneizadas/empleo2014_isic4.dta saved
********************************2015 (nativo Rev. 4)***************************
> *****
p40 was int now str4
(0 real changes made)
(18,283 real changes made)
file
    /Users/santiago/Library/CloudStorage/GoogleDrive-observatorio.pobreza@fla
    > cso.edu.ec/Mi unidad/Bases/ENEMDU/Procesadas/ramas
    homogeneizadas/empleo2015_isic4.dta saved
********************************2016 (nativo Rev. 4)***************************
> *****
p40 was int now str4
(0 real changes made)
(20,391 real changes made)
file
    /Users/santiago/Library/CloudStorage/GoogleDrive-observatorio.pobreza@fla
    > cso.edu.ec/Mi unidad/Bases/ENEMDU/Procesadas/ramas
    homogeneizadas/empleo2016_isic4.dta saved
********************************2017 (nativo Rev. 4)***************************
> *****
p40 was int now str4
(0 real changes made)
(19,314 real changes made)
file
    /Users/santiago/Library/CloudStorage/GoogleDrive-observatorio.pobreza@fla
    > cso.edu.ec/Mi unidad/Bases/ENEMDU/Procesadas/ramas
    homogeneizadas/empleo2017_isic4.dta saved
********************************2018 (nativo Rev. 4)***************************
> *****
p40 was int now str4
(0 real changes made)
(9,491 real changes made)
file
    /Users/santiago/Library/CloudStorage/GoogleDrive-observatorio.pobreza@fla
    > cso.edu.ec/Mi unidad/Bases/ENEMDU/Procesadas/ramas
    homogeneizadas/empleo2018_isic4.dta saved
********************************2019 (nativo Rev. 4)***************************
> *****
p40 was int now str4
(0 real changes made)
(10,089 real changes made)
file
    /Users/santiago/Library/CloudStorage/GoogleDrive-observatorio.pobreza@fla
    > cso.edu.ec/Mi unidad/Bases/ENEMDU/Procesadas/ramas
    homogeneizadas/empleo2019_isic4.dta saved
********************************2020 (nativo Rev. 4)***************************
> *****
p40 was int now str4
(0 real changes made)
(5,108 real changes made)
file
    /Users/santiago/Library/CloudStorage/GoogleDrive-observatorio.pobreza@fla
    > cso.edu.ec/Mi unidad/Bases/ENEMDU/Procesadas/ramas
    homogeneizadas/empleo2020_isic4.dta saved
********************************2021 (nativo Rev. 4)***************************
> *****
p40 was int now str4
(0 real changes made)
(4,169 real changes made)
file
    /Users/santiago/Library/CloudStorage/GoogleDrive-observatorio.pobreza@fla
    > cso.edu.ec/Mi unidad/Bases/ENEMDU/Procesadas/ramas
    homogeneizadas/empleo2021_isic4.dta saved
********************************2022 (nativo Rev. 4)***************************
> *****
p40 was int now str4
(0 real changes made)
(3,500 real changes made)
file
    /Users/santiago/Library/CloudStorage/GoogleDrive-observatorio.pobreza@fla
    > cso.edu.ec/Mi unidad/Bases/ENEMDU/Procesadas/ramas
    homogeneizadas/empleo2022_isic4.dta saved
********************************2023 (nativo Rev. 4)***************************
> *****
p40 was int now str4
(0 real changes made)
(3,595 real changes made)
file
    /Users/santiago/Library/CloudStorage/GoogleDrive-observatorio.pobreza@fla
    > cso.edu.ec/Mi unidad/Bases/ENEMDU/Procesadas/ramas
    homogeneizadas/empleo2023_isic4.dta saved
********************************2024 (nativo Rev. 4)***************************
> *****
p40 was double now str4
(0 real changes made)
(3,548 real changes made)
file
    /Users/santiago/Library/CloudStorage/GoogleDrive-observatorio.pobreza@fla
    > cso.edu.ec/Mi unidad/Bases/ENEMDU/Procesadas/ramas
    homogeneizadas/empleo2024_isic4.dta saved
********************************2025 (nativo Rev. 4)***************************
> *****
p40 was int now str4
(0 real changes made)
(3,368 real changes made)
file
    /Users/santiago/Library/CloudStorage/GoogleDrive-observatorio.pobreza@fla
    > cso.edu.ec/Mi unidad/Bases/ENEMDU/Procesadas/ramas
    homogeneizadas/empleo2025_isic4.dta saved

. 
end of do-file

. 
. di as text "================ STEP 4: Base agregada ================"
================ STEP 4: Base agregada ================

. do "$rama/rama.do"

. *----------------------------------------------------------------------------
> -
. * descriptiva_ramas.do
. *
. * Apila las bases armonizadas (empleo<anio>_isic4.dta) y produce la
. * distribucion porcentual de empleo por rama (Seccion CIIU Rev. 4) por anio.
. *----------------------------------------------------------------------------
> -
. 
. clear all

. set more off

. set linesize 220

. 
. if "`c(username)'" == "vero" global user_root "/Users/vero/Library/CloudStorage/GoogleDrive-observatorio.pobreza@flacso.edu.ec/Mi unidad"

. else                         global user_root "/Users/santiago/Library/CloudStorage/GoogleDrive-observatorio.pobreza@flacso.edu.ec/Mi unidad"

. global out       "$user_root/Bases/ENEMDU/Procesadas/ramas homogeneizadas"

. global wd        "/Users/vero/Documents/Observatorio GH/Observatorio-Desigualdad-Pobreza/Boletín 3/2. Armonización de variables/rama"

. if "`c(username)'" == "vero" global historicos "/Users/vero/Library/CloudStorage/GoogleDrive-observatorio.pobreza@flacso.edu.ec/Mi unidad/Bases/ENEMDU/Procesadas/analisis informalidad/Santiago"

. else                         global historicos "/Users/santiago/Library/CloudStorage/GoogleDrive-observatorio.pobreza@flacso.edu.ec/Mi unidad/Bases/ENEMDU/Procesadas/analisis informalidad/Santiago"

. *-----------------------------------------------------------------------------
. * STEP 1: Apilar bases armonizadas
. *-----------------------------------------------------------------------------
. 
. tempfile pooled

. local first = 1

. 
. forval anio = 1991/2025 {
  2. 
.         local fp "$out/empleo`anio'_isic4.dta"
  3.         capture confirm file "`fp'"
  4.         if _rc {
  5.                 di as error "  Sin archivo armonizado para `anio'; se omite."
  6.                 continue
  7.         }
  8. 
.         use id_persona rama1 fexp using "`fp'", clear
  9.         gen int anio = `anio'
 10. 
.         if `first' {
 11.                 save `pooled', replace
 12.                 local first = 0
 13.         }
 14.         else {
 15.                 append using `pooled'
 16.                 save `pooled', replace
 17.         }
 18. }
(file /var/folders/v8/j2_3wzqd1rqc2l_95p5k_2l00000gn/T//St28152.000001 not found)
file /var/folders/v8/j2_3wzqd1rqc2l_95p5k_2l00000gn/T//St28152.000001 saved as .dta format
(label rama_isic4 already defined)
file /var/folders/v8/j2_3wzqd1rqc2l_95p5k_2l00000gn/T//St28152.000001 saved as .dta format
(label rama_isic4 already defined)
file /var/folders/v8/j2_3wzqd1rqc2l_95p5k_2l00000gn/T//St28152.000001 saved as .dta format
(label rama_isic4 already defined)
file /var/folders/v8/j2_3wzqd1rqc2l_95p5k_2l00000gn/T//St28152.000001 saved as .dta format
(label rama_isic4 already defined)
file /var/folders/v8/j2_3wzqd1rqc2l_95p5k_2l00000gn/T//St28152.000001 saved as .dta format
(label rama_isic4 already defined)
file /var/folders/v8/j2_3wzqd1rqc2l_95p5k_2l00000gn/T//St28152.000001 saved as .dta format
(label rama_isic4 already defined)
file /var/folders/v8/j2_3wzqd1rqc2l_95p5k_2l00000gn/T//St28152.000001 saved as .dta format
(label rama_isic4 already defined)
file /var/folders/v8/j2_3wzqd1rqc2l_95p5k_2l00000gn/T//St28152.000001 saved as .dta format
(variable id_persona was str18, now str19 to accommodate using data's values)
(label rama_isic4 already defined)
file /var/folders/v8/j2_3wzqd1rqc2l_95p5k_2l00000gn/T//St28152.000001 saved as .dta format
(variable id_persona was str18, now str19 to accommodate using data's values)
(label rama_isic4 already defined)
file /var/folders/v8/j2_3wzqd1rqc2l_95p5k_2l00000gn/T//St28152.000001 saved as .dta format
(variable id_persona was str18, now str19 to accommodate using data's values)
(label rama_isic4 already defined)
file /var/folders/v8/j2_3wzqd1rqc2l_95p5k_2l00000gn/T//St28152.000001 saved as .dta format
(variable id_persona was str18, now str19 to accommodate using data's values)
(label rama_isic4 already defined)
file /var/folders/v8/j2_3wzqd1rqc2l_95p5k_2l00000gn/T//St28152.000001 saved as .dta format
(label rama_isic4 already defined)
file /var/folders/v8/j2_3wzqd1rqc2l_95p5k_2l00000gn/T//St28152.000001 saved as .dta format
(variable id_persona was str20, now str21 to accommodate using data's values)
(label rama_isic4 already defined)
file /var/folders/v8/j2_3wzqd1rqc2l_95p5k_2l00000gn/T//St28152.000001 saved as .dta format
(variable id_persona was str20, now str21 to accommodate using data's values)
(label rama_isic4 already defined)
file /var/folders/v8/j2_3wzqd1rqc2l_95p5k_2l00000gn/T//St28152.000001 saved as .dta format
(variable id_persona was str20, now str21 to accommodate using data's values)
(label rama_isic4 already defined)
file /var/folders/v8/j2_3wzqd1rqc2l_95p5k_2l00000gn/T//St28152.000001 saved as .dta format
(variable id_persona was str20, now str21 to accommodate using data's values)
(label rama_isic4 already defined)
file /var/folders/v8/j2_3wzqd1rqc2l_95p5k_2l00000gn/T//St28152.000001 saved as .dta format
(variable id_persona was str20, now str21 to accommodate using data's values)
(label rama_isic4 already defined)
file /var/folders/v8/j2_3wzqd1rqc2l_95p5k_2l00000gn/T//St28152.000001 saved as .dta format
(variable id_persona was str20, now str21 to accommodate using data's values)
(label rama_isic4 already defined)
file /var/folders/v8/j2_3wzqd1rqc2l_95p5k_2l00000gn/T//St28152.000001 saved as .dta format
(variable id_persona was str20, now str21 to accommodate using data's values)
(label rama_isic4 already defined)
file /var/folders/v8/j2_3wzqd1rqc2l_95p5k_2l00000gn/T//St28152.000001 saved as .dta format
(variable id_persona was str20, now str21 to accommodate using data's values)
(label rama_isic4 already defined)
file /var/folders/v8/j2_3wzqd1rqc2l_95p5k_2l00000gn/T//St28152.000001 saved as .dta format
(variable id_persona was str20, now str21 to accommodate using data's values)
(label rama_isic4 already defined)
file /var/folders/v8/j2_3wzqd1rqc2l_95p5k_2l00000gn/T//St28152.000001 saved as .dta format
(variable id_persona was str20, now str21 to accommodate using data's values)
(label rama_isic4 already defined)
file /var/folders/v8/j2_3wzqd1rqc2l_95p5k_2l00000gn/T//St28152.000001 saved as .dta format
(variable rama1 was byte, now double to accommodate using data's values)
(variable id_persona was str20, now str21 to accommodate using data's values)
(label rama_isic4 already defined)
file /var/folders/v8/j2_3wzqd1rqc2l_95p5k_2l00000gn/T//St28152.000001 saved as .dta format
(variable rama1 was byte, now double to accommodate using data's values)
(variable id_persona was str20, now str21 to accommodate using data's values)
(label rama_isic4 already defined)
file /var/folders/v8/j2_3wzqd1rqc2l_95p5k_2l00000gn/T//St28152.000001 saved as .dta format
(variable rama1 was byte, now double to accommodate using data's values)
(variable id_persona was str20, now str21 to accommodate using data's values)
(label rama_isic4 already defined)
file /var/folders/v8/j2_3wzqd1rqc2l_95p5k_2l00000gn/T//St28152.000001 saved as .dta format
(variable rama1 was byte, now double to accommodate using data's values)
(variable id_persona was str20, now str21 to accommodate using data's values)
(label rama_isic4 already defined)
file /var/folders/v8/j2_3wzqd1rqc2l_95p5k_2l00000gn/T//St28152.000001 saved as .dta format
(variable rama1 was byte, now double to accommodate using data's values)
(variable id_persona was str20, now str21 to accommodate using data's values)
(label rama_isic4 already defined)
file /var/folders/v8/j2_3wzqd1rqc2l_95p5k_2l00000gn/T//St28152.000001 saved as .dta format
(variable rama1 was byte, now double to accommodate using data's values)
(variable id_persona was str20, now str21 to accommodate using data's values)
(label rama_isic4 already defined)
file /var/folders/v8/j2_3wzqd1rqc2l_95p5k_2l00000gn/T//St28152.000001 saved as .dta format
(variable rama1 was byte, now double to accommodate using data's values)
(variable id_persona was str20, now str21 to accommodate using data's values)
(label rama_isic4 already defined)
file /var/folders/v8/j2_3wzqd1rqc2l_95p5k_2l00000gn/T//St28152.000001 saved as .dta format
(variable rama1 was byte, now double to accommodate using data's values)
(variable id_persona was str20, now str21 to accommodate using data's values)
(label rama_isic4 already defined)
file /var/folders/v8/j2_3wzqd1rqc2l_95p5k_2l00000gn/T//St28152.000001 saved as .dta format
(variable rama1 was byte, now double to accommodate using data's values)
(variable id_persona was str20, now str21 to accommodate using data's values)
(label rama_isic4 already defined)
file /var/folders/v8/j2_3wzqd1rqc2l_95p5k_2l00000gn/T//St28152.000001 saved as .dta format
(variable rama1 was byte, now double to accommodate using data's values)
(variable id_persona was str20, now str21 to accommodate using data's values)
(label rama_isic4 already defined)
file /var/folders/v8/j2_3wzqd1rqc2l_95p5k_2l00000gn/T//St28152.000001 saved as .dta format
(variable id_persona was str20, now str21 to accommodate using data's values)
(label rama_isic4 already defined)
file /var/folders/v8/j2_3wzqd1rqc2l_95p5k_2l00000gn/T//St28152.000001 saved as .dta format
(variable rama1 was byte, now double to accommodate using data's values)
(variable id_persona was str20, now str21 to accommodate using data's values)
(label rama_isic4 already defined)
file /var/folders/v8/j2_3wzqd1rqc2l_95p5k_2l00000gn/T//St28152.000001 saved as .dta format

. 
. use `pooled', clear

. 
. save "$historicos/historico_rama.dta", replace
file /Users/santiago/Library/CloudStorage/GoogleDrive-observatorio.pobreza@flacso.edu.ec/Mi unidad/Bases/ENEMDU/Procesadas/analisis informalidad/Santiago/historico_rama.dta saved

. 
. /*
> 
> 
> * Conservar solo observaciones con rama identificada.
> drop if missing(rama1)
> decode rama1, gen(rama1_str)
> replace rama1_str = "" if rama1_str == "."
> 
> * Etiqueta corta para la tabla (solo la letra de la seccion).
> gen seccion = substr(rama1_str, 1, 1)
> drop if missing(seccion) | seccion == ""
> 
> *-----------------------------------------------------------------------------
> * STEP 2: Identificar las ramas mas grandes en el tiempo
> *-----------------------------------------------------------------------------
> 
> preserve
>         contract seccion
>         egen total = total(_freq)
>         gen share_total = 100 * _freq / total
>         gsort -share_total
>         di as text _newline "Top 8 ramas (Seccion) - share global de empleo 1991-2025"
>         list seccion _freq share_total in 1/8, sep(0) noobs abbrev(15)
> restore
> 
> *-----------------------------------------------------------------------------
> * STEP 3: Distribucion porcentual por anio (tabla larga)
> *-----------------------------------------------------------------------------
> 
> preserve
>         contract anio seccion
>         bysort anio: egen total_anio = total(_freq)
>         gen share = 100 * _freq / total_anio
>         keep anio seccion share
>         reshape wide share, i(anio) j(seccion) string
>         format share* %5.1f
>         di as text _newline "Distribucion porcentual del empleo por rama (Seccion CIIU Rev. 4) por anio"
>         list, sep(0) noobs abbrev(10)
>         *export delimited using "$wd/distribucion_ramas_por_anio.csv", replace
>         di as text _newline "CSV guardado en: $wd/distribucion_ramas_por_anio.csv"
> restore
> 
> *-----------------------------------------------------------------------------
> * STEP 4: Tabla compacta con las 8 ramas mayores en el tiempo
> *-----------------------------------------------------------------------------
> 
> * Las 8 ramas mas grandes globalmente 1991-2025 (segun share total):
> *   A Agricultura, G Comercio, C Manufactura, P Ensenanza,
> *   I Alojamiento/comidas, F Construccion, H Transporte, O Adm. publica.
> preserve
>         contract anio seccion
>         bysort anio: egen total_anio = total(_freq)
>         gen share = 100 * _freq / total_anio
>         keep if inlist(seccion, "A","C","F","G","H","I","O","P")
>         keep anio seccion share
>         reshape wide share, i(anio) j(seccion) string
>         order anio shareA shareG shareC shareP shareI shareF shareH shareO
>         label var shareA "A.Agric"
>         label var shareG "G.Comer"
>         label var shareC "C.Manuf"
>         label var shareP "P.Educ"
>         label var shareI "I.Aloj/Com"
>         label var shareF "F.Const"
>         label var shareH "H.Tport"
>         label var shareO "O.AdmPub"
>         format share* %5.1f
>         di as text _newline "Tabla compacta: % de empleo en las 8 ramas mas grandes (CIIU Rev. 4)"
>         list anio share*, sep(5) noobs abbrev(10)
>         export delimited using "$wd/ramas_top_por_anio.csv", replace
>         di as text _newline "CSV guardado en: $wd/ramas_top_por_anio.csv"
> restore
> 
> */
. 
end of do-file

. 
. di as result "Cadena de armonizacion completada."
Cadena de armonizacion completada.

. 
end of do-file

OK  master_rama.do  (  11.0 segundos)


------------------------------------------------------------------------------
>>> [armonizacion] merge_informal.do   (21:50:02)
------------------------------------------------------------------------------

. *------------------------------------------------------------------*
. * Merge ENEMDU informality datasets by id_persona and anio
. *------------------------------------------------------------------*
. 
. clear all

. set more off

. 
. global user_root "/Users/santiago/Library/CloudStorage/GoogleDrive-observatorio.pobreza@flacso.edu.ec/Mi unidad"

. global bases "$user_root/Bases"

. global raw "$bases/ENEMDU/Procesadas/Armonizacion/Variables base/Mensuales"

. global salarios "$bases/Salarios"

. global variables_base "$user_root/Bases/ENEMDU/Procesadas/Armonizacion/Variables base/Mensuales"

. global bases_armonizadas "$user_root/Bases/ENEMDU/Procesadas/analisis informalidad/Santiago"

. global out_plot "$user_root/Boletín 3/2. Armonización de variables/Gráficos de control"

. global ingpc "$user_root/Bases/ENEMDU/Procesadas/ingresos_pc/Nacional"

. 
. 
. cd "`path'"
/Users/santiago

. 
. *--- Start with the Master file (largest, likely the base) ---*
. use "$bases_armonizadas/historico_iess_issfa_isspol.dta", clear

. 
. * Make sure key variables exist and are the right type
. isid id_persona anio, missok    // check uniqueness; remove if not unique

. 
. *--- Merge Adecuado ---*
. merge 1:1 id_persona anio using "$bases_armonizadas/historico_adec_sim.dta", ///
>     generate(m_adec)
(label labels0 already defined)

    Result                      Number of obs
    -----------------------------------------
    Not matched                        37,211
        from master                    37,211  (m_adec==1)
        from using                          0  (m_adec==2)

    Matched                         2,099,473  (m_adec==3)
    -----------------------------------------

. 
. *--- Merge Informalidad ---*
. 
. * RUC
. merge 1:1 id_persona anio using "$bases_armonizadas/historico_ruc.dta", ///
>     generate(m_ruc)
(label labels0 already defined)

    Result                      Number of obs
    -----------------------------------------
    Not matched                       443,080
        from master                   443,080  (m_ruc==1)
        from using                          0  (m_ruc==2)

    Matched                         1,693,604  (m_ruc==3)
    -----------------------------------------

. 
. * Tamaño establecimiento       
. *merge 1:1 id_persona anio using "$bases_armonizadas/tamano_establecimiento.dta", ///
>     generate(m_tamano)
.         
. * PEA
. merge 1:1 id_persona anio using "$bases_armonizadas/pea.dta", ///
>     generate(m_pea)

    Result                      Number of obs
    -----------------------------------------
    Not matched                       647,790
        from master                   647,790  (m_pea==1)
        from using                          0  (m_pea==2)

    Matched                         1,488,894  (m_pea==3)
    -----------------------------------------

. 
. *--- Merge No remunerado ---*
. merge 1:1 id_persona anio using "$bases_armonizadas/historico_no_remunerado.dta", ///
>     generate(m_no_remunerado)
(variable edad was byte, now double to accommodate using data's values)
(variable condact was byte, now double to accommodate using data's values)
(label labels0 already defined)

    Result                      Number of obs
    -----------------------------------------
    Not matched                             0
    Matched                         2,136,684  (m_no_remunerado==3)
    -----------------------------------------

. 
. *--- Merge  etnia ---*
. merge 1:1 id_persona anio using "$bases_armonizadas/historico_etnia.dta", ///
>     generate(m_etnia)
(label labels0 already defined)

    Result                      Number of obs
    -----------------------------------------
    Not matched                       528,628
        from master                   528,628  (m_etnia==1)
        from using                          0  (m_etnia==2)

    Matched                         1,608,056  (m_etnia==3)
    -----------------------------------------

. 
. *--- Merge educacion ---*
. merge 1:1 id_persona anio using "$bases_armonizadas/historico_educacion.dta", ///
>     generate(m_educacion)
(label labels0 already defined)

    Result                      Number of obs
    -----------------------------------------
    Not matched                             0
    Matched                         2,136,684  (m_educacion==3)
    -----------------------------------------

. 
. *--- Merge rama ---*
. merge 1:1 id_persona anio using "$bases_armonizadas/historico_rama.dta", ///
>     generate(m_rama)

    Result                      Number of obs
    -----------------------------------------
    Not matched                        37,211
        from master                    37,211  (m_rama==1)
        from using                          0  (m_rama==2)

    Matched                         2,099,473  (m_rama==3)
    -----------------------------------------

. 
. *--- Merge diseño muestral (estrato y UPM para errores estándar) ---*
. * Lo construye: 2. Armonización de variables/main/componentes/diseno_muestral.do
. capture confirm file "$bases_armonizadas/historico_diseno_muestral.dta"

. if _rc {
.     di as error "Falta historico_diseno_muestral.dta."
.     di as error "Corra antes componentes/diseno_muestral.do"
.     exit 601
. }

. merge 1:1 id_persona anio using "$bases_armonizadas/historico_diseno_muestral.dta", ///
>     keepusing(estrato_svy upm_svy estrato_str upm_str diseno_fuente) ///
>     generate(m_diseno)

    Result                      Number of obs
    -----------------------------------------
    Not matched                        37,211
        from master                    37,211  (m_diseno==1)
        from using                          0  (m_diseno==2)

    Matched                         2,099,473  (m_diseno==3)
    -----------------------------------------

.                 
.         
. drop m_*

. 
.         
. 
.         
. forval y = 1991/2025 {
  2.         
.         di "**************`y'*******************"
  3.         
.         local svyvars
  4.         
. 
.         
.         if (`y' <= 2017) local svyvars ciudad zona sector
  5.         else             local svyvars 
  6. 
.         
.         if (inrange(`y', 2015, 2017)) local svyvars `svyvars' plan_muestreo
  7.         else                          local svyvars `svyvars' 
  8.         
.         if (`y' >= 2018) {
  9.                 *local svyvars `svyvars' estrato upm
.                 *tostring estrato, replace 
.                 }
 10.         else                          local svyvars `svyvars'
 11.         
.         
.     merge 1:1 id_persona anio using "$raw/empleo`y'.dta", ///
>         keepusing(fexp sexo edad provincia ingrl condact* `svyvars') ///
>                 update replace nogen
 12.         
. }
**************1991*******************
(label reljefe already defined)
(label edad already defined)
(label sexo already defined)
(label nivinst already defined)
(label LABB already defined)
(label cuanvic already defined)
(label actayuda already defined)
(label hortrasa already defined)
(label ratmeh already defined)
(label pornot already defined)
(label LABC already defined)
(label tiembus already defined)
(label motnobus already defined)
(label condina already defined)
(label tiemnot already defined)
(label LABD already defined)
(label pertrabn already defined)
(label condact already defined)
(label peamsiu already defined)

    Result                      Number of obs
    -----------------------------------------
    Not matched                     2,097,613
        from master                 2,097,613  
        from using                          0  

    Matched                            39,071
        not updated                         0  
        missing updated                39,071  
        nonmissing conflict                 0  
    -----------------------------------------
**************1992*******************
(label resumen already defined)
(label reljefe already defined)
(label edad already defined)
(label sexo already defined)
(label nivinst already defined)
(label LABB already defined)
(label LABC already defined)
(label cuanvic already defined)
(label trabajo already defined)
(label actayuda already defined)
(label hortrasa already defined)
(label ratmeh already defined)
(label ratmeh1 already defined)
(label ratmah already defined)
(label pornot already defined)
(label LABD already defined)
(label tiembus already defined)
(label motnobus already defined)
(label condina already defined)
(label tiemnot already defined)
(label LABE already defined)
(label pertrabn already defined)
(label numtrab already defined)
(label condact already defined)
(label peamsiu already defined)

    Result                      Number of obs
    -----------------------------------------
    Not matched                     2,098,596
        from master                 2,098,596  
        from using                          0  

    Matched                            38,088
        not updated                         0  
        missing updated                38,088  
        nonmissing conflict                 0  
    -----------------------------------------
**************1993*******************
(label resumen already defined)
(label reljefe already defined)
(label edad already defined)
(label sexo already defined)
(label nivinst already defined)
(label LABB already defined)
(label donnac already defined)
(label cuanvic already defined)
(label trabajo already defined)
(label actayuda already defined)
(label hortrasa already defined)
(label ratmeh already defined)
(label ratmah already defined)
(label pornot already defined)
(label LABC already defined)
(label tiembus already defined)
(label motnobus already defined)
(label condina already defined)
(label motnotra already defined)
(label tiemnot already defined)
(label catetrab already defined)
(label pertrabn already defined)
(label numtrab already defined)
(label LABD already defined)
(label condact already defined)
(label peamsiu already defined)

    Result                      Number of obs
    -----------------------------------------
    Not matched                     2,098,949
        from master                 2,098,949  
        from using                          0  

    Matched                            37,735
        not updated                         0  
        missing updated                37,735  
        nonmissing conflict                 0  
    -----------------------------------------
**************1994*******************
(label resumen already defined)
(label reljefe already defined)
(label edad already defined)
(label sexo already defined)
(label nivinst already defined)
(label LABB already defined)
(label donnac already defined)
(label donvian already defined)
(label cuanvic already defined)
(label trabajo already defined)
(label actayuda already defined)
(label hortrasa already defined)
(label ratmeh already defined)
(label hormas already defined)
(label ratmah already defined)
(label pornot already defined)
(label LABC already defined)
(label tiembus already defined)
(label motnobus already defined)
(label condina already defined)
(label motnotra already defined)
(label tiemnot already defined)
(label catetrab already defined)
(label pertrabn already defined)
(label numtrab already defined)
(label estabil already defined)
(label cates already defined)
(label LABD already defined)
(label condact already defined)
(label peamsiu already defined)

    Result                      Number of obs
    -----------------------------------------
    Not matched                     2,099,275
        from master                 2,099,275  
        from using                          0  

    Matched                            37,409
        not updated                         0  
        missing updated                37,409  
        nonmissing conflict                 0  
    -----------------------------------------
**************1995*******************
(label resumen already defined)
(label reljefe already defined)
(label edad already defined)
(label sexo already defined)
(label nivinst already defined)
(label LABB already defined)
(label donnac already defined)
(label donvian already defined)
(label cuanvic already defined)
(label trabajo already defined)
(label actayuda already defined)
(label hortrasa already defined)
(label ratmeh already defined)
(label hormas already defined)
(label ratmah already defined)
(label pornot already defined)
(label LABC already defined)
(label tiembus already defined)
(label motnobus already defined)
(label condina already defined)
(label motnotra already defined)
(label tiemnot already defined)
(label catetrab already defined)
(label pertrabn already defined)
(label numtrab already defined)
(label estabil already defined)
(label cates already defined)
(label LABD already defined)
(label condact already defined)
(label peamsiu already defined)

    Result                      Number of obs
    -----------------------------------------
    Not matched                     2,100,116
        from master                 2,100,116  
        from using                          0  

    Matched                            36,568
        not updated                         0  
        missing updated                36,568  
        nonmissing conflict                 0  
    -----------------------------------------
**************1996*******************
(label resumen already defined)
(label reljefe already defined)
(label edad already defined)
(label sexo already defined)
(label nivinst already defined)
(label LABB already defined)
(label donnac already defined)
(label donvian already defined)
(label cuanvic already defined)
(label trabajo already defined)
(label actayuda already defined)
(label hortrasa already defined)
(label ratmeh already defined)
(label hormas already defined)
(label ratmah already defined)
(label pornot already defined)
(label LABC already defined)
(label tiembus already defined)
(label motnobus already defined)
(label condina already defined)
(label motnotra already defined)
(label tiemnot already defined)
(label catetrab already defined)
(label pertrabn already defined)
(label numtrab already defined)
(label estabil already defined)
(label cates already defined)
(label LABD already defined)
(label condact already defined)
(label peamsiu already defined)

    Result                      Number of obs
    -----------------------------------------
    Not matched                     2,099,420
        from master                 2,099,420  
        from using                          0  

    Matched                            37,264
        not updated                         0  
        missing updated                37,264  
        nonmissing conflict                 0  
    -----------------------------------------
**************1997*******************
(label resumen already defined)
(label reljefe already defined)
(label edad already defined)
(label sexo already defined)
(label nivinst already defined)
(label LABB already defined)
(label donnac already defined)
(label donvian already defined)
(label cuanvic already defined)
(label trabajo already defined)
(label actayuda already defined)
(label hortrasa already defined)
(label ratmeh already defined)
(label hormas already defined)
(label ratmah already defined)
(label pornot already defined)
(label LABC already defined)
(label tiembus already defined)
(label motnobus already defined)
(label condina already defined)
(label motnotra already defined)
(label tiemnot already defined)
(label catetrab already defined)
(label pertrabn already defined)
(label numtrab already defined)
(label estabil already defined)
(label cates already defined)
(label LABD already defined)
(label condact already defined)
(label peamsiu already defined)

    Result                      Number of obs
    -----------------------------------------
    Not matched                     2,100,000
        from master                 2,100,000  
        from using                          0  

    Matched                            36,684
        not updated                         0  
        missing updated                36,684  
        nonmissing conflict                 0  
    -----------------------------------------
**************1998*******************
(label resumen already defined)
(label reljefe already defined)
(label edad already defined)
(label sexo already defined)
(label nivinst already defined)
(label LABB already defined)
(label donnac already defined)
(label donvian already defined)
(label cuanvic already defined)
(label trabajo already defined)
(label actayuda already defined)
(label hortrasa already defined)
(label ratmeh already defined)
(label hormas already defined)
(label ratmah already defined)
(label pornot already defined)
(label LABC already defined)
(label tiembus already defined)
(label motnobus already defined)
(label condina already defined)
(label motnotra already defined)
(label tiemnot already defined)
(label catetrab already defined)
(label pertrabn already defined)
(label numtrab already defined)
(label estabil already defined)
(label cates already defined)
(label LABD already defined)
(label condact already defined)
(label peamsiu already defined)

    Result                      Number of obs
    -----------------------------------------
    Not matched                     2,096,175
        from master                 2,096,175  
        from using                          0  

    Matched                            40,509
        not updated                         0  
        missing updated                40,509  
        nonmissing conflict                 0  
    -----------------------------------------
**************1999*******************
(label resumen already defined)
(label reljefe already defined)
(label edad already defined)
(label sexo already defined)
(label nivinst already defined)
(label LABB already defined)
(label donnac already defined)
(label donvian already defined)
(label cuanvic already defined)
(label trabajo already defined)
(label actayuda already defined)
(label hortrasa already defined)
(label ratmeh already defined)
(label hormas already defined)
(label ratmah already defined)
(label pornot already defined)
(label LABC already defined)
(label tiembus already defined)
(label motnobus already defined)
(label condina already defined)
(label motnotra already defined)
(label tiemnot already defined)
(label catetrab already defined)
(label pertrabn already defined)
(label numtrab already defined)
(label estabil already defined)
(label cates already defined)
(label LABD already defined)
(label condact already defined)
(label peamsiu already defined)

    Result                      Number of obs
    -----------------------------------------
    Not matched                     2,096,612
        from master                 2,096,612  
        from using                          0  

    Matched                            40,072
        not updated                         0  
        missing updated                40,072  
        nonmissing conflict                 0  
    -----------------------------------------
**************2000*******************
(label resumen already defined)
(label reljefe already defined)
(label edad already defined)
(label sexo already defined)
(label nivinst already defined)
(label LABB already defined)
(label donnac already defined)
(label donvian already defined)
(label cuanvic already defined)
(label trabajo already defined)
(label actayuda already defined)
(label hortrasa already defined)
(label ratmeh already defined)
(label hormas already defined)
(label ratmah already defined)
(label pornot already defined)
(label LABC already defined)
(label tiembus already defined)
(label motnobus already defined)
(label condina already defined)
(label motnotra already defined)
(label tiemnot already defined)
(label catetrab already defined)
(label pertrabn already defined)
(label numtrab already defined)
(label estabil already defined)
(label cates already defined)
(label LABD already defined)
(label condact already defined)
(label peamsiu already defined)

    Result                      Number of obs
    -----------------------------------------
    Not matched                     2,074,215
        from master                 2,074,215  
        from using                          0  

    Matched                            62,469
        not updated                         0  
        missing updated                62,469  
        nonmissing conflict                 0  
    -----------------------------------------
**************2001*******************
(label sexo already defined)
(label reljefe already defined)
(label LABB already defined)
(label LABC already defined)
(label nivinst already defined)
(label donnac already defined)
(label donvian already defined)
(label trabajo already defined)
(label actayuda already defined)
(label pornot already defined)
(label ratmeh already defined)
(label ratmah already defined)
(label LABD already defined)
(label motnobus already defined)
(label condina already defined)
(label motnotra already defined)
(label LABE already defined)
(label estabil already defined)
(label numtrab already defined)
(label LABF already defined)
(label pertrabn already defined)
(label peamsiu already defined)
(label condact already defined)

    Result                      Number of obs
    -----------------------------------------
    Not matched                     2,075,935
        from master                 2,075,935  
        from using                          0  

    Matched                            60,749
        not updated                         0  
        missing updated                60,749  
        nonmissing conflict                 0  
    -----------------------------------------
**************2002*******************
(label sexo already defined)
(label edad already defined)
(label reljefe already defined)
(label LABB already defined)
(label LABC already defined)
(label pe07 already defined)
(label pe08 already defined)
(label nivinst already defined)
(label pe11 already defined)
(label pe12 already defined)
(label pe13 already defined)
(label pe14 already defined)
(label donnac already defined)
(label donvian already defined)
(label cuanvic already defined)
(label pe19 already defined)
(label trabajo already defined)
(label actayuda already defined)
(label pornot already defined)
(label hortrasa already defined)
(label ratmeh already defined)
(label ratmah already defined)
(label LABD already defined)
(label LABE already defined)
(label tiembus already defined)
(label motnobus already defined)
(label condina already defined)
(label motnotra already defined)
(label tiemnot already defined)
(label LABF already defined)
(label estabil already defined)
(label numtrab already defined)
(label pertrabn already defined)
(label LABG already defined)
(label LABH already defined)
(label condact already defined)
(label peamsiu already defined)

    Result                      Number of obs
    -----------------------------------------
    Not matched                     2,111,885
        from master                 2,111,885  
        from using                          0  

    Matched                            24,799
        not updated                         0  
        missing updated                24,799  
        nonmissing conflict                 0  
    -----------------------------------------
**************2003*******************
(label area already defined)
(label sexo already defined)
(label reljefe already defined)
(label LABB already defined)
(label LABC already defined)
(label pe07 already defined)
(label pe08 already defined)
(label nivinst already defined)
(label LABD already defined)
(label pe13 already defined)
(label donvian already defined)
(label actayuda already defined)
(label pornot already defined)
(label ratmeh already defined)
(label ratmah already defined)
(label LABE already defined)
(label motnobus already defined)
(label condina already defined)
(label motnotra already defined)
(label LABF already defined)
(label estabil already defined)
(label numtrab already defined)
(label LABG already defined)
(label LABH already defined)
(label LABI already defined)
(label LABJ already defined)
(label LABK already defined)
(label LABL already defined)
(label LABM already defined)
(label LABN already defined)
(label condact already defined)
(label peamsiu already defined)

    Result                      Number of obs
    -----------------------------------------
    Not matched                     2,054,367
        from master                 2,054,367  
        from using                          0  

    Matched                            82,317
        not updated                         0  
        missing updated                82,317  
        nonmissing conflict                 0  
    -----------------------------------------
**************2004*******************
(label sexo already defined)
(label LABB already defined)
(label reljefe already defined)
(label LABC already defined)
(label LABD already defined)
(label pe07 already defined)
(label pe08 already defined)
(label nivinst already defined)
(label LABE already defined)
(label pe13 already defined)
(label donvian already defined)
(label LABF already defined)
(label pe16 already defined)
(label actayuda already defined)
(label pornot already defined)
(label hortrasa already defined)
(label ratmeh already defined)
(label ratmah already defined)
(label LABG already defined)
(label LABH already defined)
(label motnobus already defined)
(label condina already defined)
(label motnotra already defined)
(label LABI already defined)
(label estabil already defined)
(label numtrab already defined)
(label LABJ already defined)
(label LABK already defined)
(label LABL already defined)
(label LABM already defined)
(label LABN already defined)
(label condact already defined)
(label peamsiu already defined)
(label rn already defined)

    Result                      Number of obs
    -----------------------------------------
    Not matched                     2,053,641
        from master                 2,053,641  
        from using                          0  

    Matched                            83,043
        not updated                         0  
        missing updated                83,043  
        nonmissing conflict                 0  
    -----------------------------------------
**************2005*******************
(label area already defined)
(label sexo already defined)
(label LABB already defined)
(label reljefe already defined)
(label LABC already defined)
(label LABD already defined)
(label pe07 already defined)
(label pe08 already defined)
(label nivinst already defined)
(label LABE already defined)
(label pe13 already defined)
(label cuanvic already defined)
(label donvian already defined)
(label LABF already defined)
(label pe16 already defined)
(label actayuda already defined)
(label pornot already defined)
(label hortrasa already defined)
(label ratmeh already defined)
(label ratmah already defined)
(label LABG already defined)
(label motnobus already defined)
(label condina already defined)
(label motnotra already defined)
(label LABH already defined)
(label estabil already defined)
(label numtrab already defined)
(label pe44 already defined)
(label LABI already defined)
(label LABJ already defined)
(label LABK already defined)
(label LABL already defined)
(label LABM already defined)
(label LABN already defined)
(label condact already defined)
(label peamsiu already defined)
(label rn already defined)

    Result                      Number of obs
    -----------------------------------------
    Not matched                     2,059,634
        from master                 2,059,634  
        from using                          0  

    Matched                            77,050
        not updated                         0  
        missing updated                77,050  
        nonmissing conflict                 0  
    -----------------------------------------
**************2006*******************
(label sexo already defined)
(label LABB already defined)
(label reljefe already defined)
(label LABC already defined)
(label LABD already defined)
(label pe07 already defined)
(label pe08 already defined)
(label nivinst already defined)
(label pe10a2 already defined)
(label LABE already defined)
(label pe13 already defined)
(label cuanvic already defined)
(label donvian already defined)
(label pe16 already defined)
(label actayuda already defined)
(label pornot already defined)
(label hortrasa already defined)
(label ratmeh already defined)
(label ratmah already defined)
(label pe30a already defined)
(label pe30b already defined)
(label LABF already defined)
(label motnobus already defined)
(label condina already defined)
(label motnotra already defined)
(label catetrab already defined)
(label estabil already defined)
(label numtrab already defined)
(label LABG already defined)
(label LABH already defined)
(label LABI already defined)
(label LABJ already defined)
(label cates already defined)
(label LABK already defined)
(label LABL already defined)
(label LABM already defined)
(label LABN already defined)
(label LABO already defined)
(label LABP already defined)
(label LABQ already defined)
(label ed02a already defined)
(label ed05 already defined)
(label condact already defined)
(label peamsiu already defined)

    Result                      Number of obs
    -----------------------------------------
    Not matched                     2,058,720
        from master                 2,058,720  
        from using                          0  

    Matched                            77,964
        not updated                         0  
        missing updated                77,964  
        nonmissing conflict                 0  
    -----------------------------------------
**************2007*******************
(variable sexo was byte, now double to accommodate using data's values)
(variable ingrl was long, now double to accommodate using data's values)
(label area already defined)
(label rn already defined)

    Result                      Number of obs
    -----------------------------------------
    Not matched                     2,059,763
        from master                 2,059,763  
        from using                          0  

    Matched                            76,921
        not updated                         0  
        missing updated                76,921  
        nonmissing conflict                 0  
    -----------------------------------------
**************2008*******************
(label epobreza already defined)
(label pobreza already defined)
(label ciud5 already defined)
(label SECEMP already defined)
(label pein already defined)
(label desem2 already defined)
(label desem1 already defined)
(label desemoc already defined)
(label desemab already defined)
(label desem already defined)
(label nc already defined)
(label nr already defined)
(label oinad already defined)
(label sub_w already defined)
(label sub_h already defined)
(label sub already defined)
(label inadec already defined)
(label adec already defined)
(label empleo already defined)
(label pean already defined)
(label petn already defined)
(label CONDACTN already defined)
(label t_a already defined)
(label rama1 already defined)
(label grupo1 already defined)
(label pei already defined)
(label deaboc2 already defined)
(label deaboc1 already defined)
(label deso2 already defined)
(label deso1 already defined)
(label deso already defined)
(label suboc2 already defined)
(label suboc1 already defined)
(label suboc already defined)
(label oplenos already defined)
(label onocla already defined)
(label ocupa already defined)
(label pea already defined)
(label pet already defined)
(label rgnl already defined)
(label rn already defined)
(label prov already defined)
(label CONDACT already defined)
(label ingrl already defined)
(label p77b already defined)
(label p77a already defined)
(label p76 already defined)
(label p75 already defined)
(label p74b already defined)
(label p74a already defined)
(label p73b already defined)
(label p73a already defined)
(label p72b already defined)
(label p72a already defined)
(label p71b already defined)
(label p71a already defined)
(label p70b already defined)
(label p70a already defined)
(label p69 already defined)
(label p68b already defined)
(label p68a already defined)
(label p67 already defined)
(label p66 already defined)
(label p65 already defined)
(label p64b already defined)
(label p64a already defined)
(label p63 already defined)
(label pp02h already defined)
(label pp02g already defined)
(label pp02f already defined)
(label pp02e already defined)
(label pp02d already defined)
(label pp02c already defined)
(label pp02b already defined)
(label pp02a already defined)
(label pp01 already defined)
(label p60k already defined)
(label p60j already defined)
(label p60i already defined)
(label p60h already defined)
(label p60g already defined)
(label p60f already defined)
(label p60e already defined)
(label p60d already defined)
(label p60c already defined)
(label p60b already defined)
(label p60a already defined)
(label p59 already defined)
(label p58 already defined)
(label p57 already defined)
(label p56a already defined)
(label p55 already defined)
(label p54 already defined)
(label p53 already defined)
(label p52 already defined)
(label p51c already defined)
(label p51b already defined)
(label p51a already defined)
(label p50 already defined)
(label p49 already defined)
(label p48 already defined)
(label p47a already defined)
(label p46 already defined)
(label p45 already defined)
(label p44i already defined)
(label p44h already defined)
(label p44g already defined)
(label p44f already defined)
(label p44e already defined)
(label p44d already defined)
(label p44c already defined)
(label p44b already defined)
(label p44a already defined)
(label p43 already defined)
(label p42 already defined)
(label p41 already defined)
(label p40 already defined)
(label p39 already defined)
(label p38 already defined)
(label p37 already defined)
(label p36 already defined)
(label p35 already defined)
(label p34 already defined)
(label p33 already defined)
(label p32 already defined)
(label p31 already defined)
(label p30 already defined)
(label p29 already defined)
(label p28 already defined)
(label p27 already defined)
(label p26 already defined)
(label p25 already defined)
(label p24 already defined)
(label p23 already defined)
(label p22 already defined)
(label p21 already defined)
(label p20 already defined)
(label p18 already defined)
(label p17a already defined)
(label p16b already defined)
(label p16a already defined)
(label p15 already defined)
(label p14 already defined)
(label p13 already defined)
(label p12b already defined)
(label p12a already defined)
(label p11 already defined)
(label p10b already defined)
(label p10a already defined)
(label p09 already defined)
(label p08 already defined)
(label p07 already defined)
(label p06 already defined)
(label p05b already defined)
(label p05a already defined)
(label p04 already defined)
(label p03 already defined)
(label p02 already defined)
(label area already defined)

    Result                      Number of obs
    -----------------------------------------
    Not matched                     2,057,942
        from master                 2,057,942  
        from using                          0  

    Matched                            78,742
        not updated                         0  
        missing updated                78,742  
        nonmissing conflict                 0  
    -----------------------------------------
**************2009*******************
(label epobreza already defined)
(label pobreza already defined)
(label ciud5 already defined)
(label SECEMP already defined)
(label pein already defined)
(label desem2 already defined)
(label desem1 already defined)
(label desemoc already defined)
(label desemab already defined)
(label desem already defined)
(label nc already defined)
(label nr already defined)
(label oinad already defined)
(label sub_w already defined)
(label sub_h already defined)
(label sub already defined)
(label inadec already defined)
(label adec already defined)
(label empleo already defined)
(label pean already defined)
(label petn already defined)
(label CONDACTN already defined)
(label t_a already defined)
(label prov already defined)
(label rama1 already defined)
(label grupo1 already defined)
(label pei already defined)
(label deaboc2 already defined)
(label deaboc1 already defined)
(label deso2 already defined)
(label deso1 already defined)
(label deso already defined)
(label suboc2 already defined)
(label suboc1 already defined)
(label suboc already defined)
(label oplenos already defined)
(label onocla already defined)
(label ocupa already defined)
(label pea already defined)
(label pet already defined)
(label rgnl already defined)
(label rn already defined)
(label CONDACT already defined)
(label ingrl already defined)
(label p76 already defined)
(label p75 already defined)
(label p74b already defined)
(label p74a already defined)
(label p73b already defined)
(label p73a already defined)
(label p72b already defined)
(label p72a already defined)
(label p71b already defined)
(label p71a already defined)
(label p70b already defined)
(label p70a already defined)
(label p69 already defined)
(label p68b already defined)
(label p68a already defined)
(label p67 already defined)
(label p66 already defined)
(label p65 already defined)
(label p64b already defined)
(label p64a already defined)
(label p63 already defined)
(label p62i already defined)
(label pp02h already defined)
(label pp02g already defined)
(label pp02f already defined)
(label pp02e already defined)
(label pp02d already defined)
(label pp02c already defined)
(label pp02b already defined)
(label pp02a already defined)
(label pp01 already defined)
(label p60k already defined)
(label p60j already defined)
(label p60i already defined)
(label p60h already defined)
(label p60g already defined)
(label p60f already defined)
(label p60e already defined)
(label p60d already defined)
(label p60c already defined)
(label p60b already defined)
(label p60a already defined)
(label p59 already defined)
(label p58 already defined)
(label p57 already defined)
(label p56b already defined)
(label p56a already defined)
(label p55 already defined)
(label p54 already defined)
(label p53 already defined)
(label p52 already defined)
(label p51c already defined)
(label p51b already defined)
(label p51a already defined)
(label p50 already defined)
(label p49 already defined)
(label p48 already defined)
(label p47b already defined)
(label p47a already defined)
(label p46 already defined)
(label p45 already defined)
(label p44i already defined)
(label p44h already defined)
(label p44g already defined)
(label p44f already defined)
(label p44e already defined)
(label p44d already defined)
(label p44c already defined)
(label p44b already defined)
(label p44a already defined)
(label p43 already defined)
(label p42 already defined)
(label p41 already defined)
(label p40 already defined)
(label p39 already defined)
(label p38 already defined)
(label p37 already defined)
(label p36 already defined)
(label p35 already defined)
(label p34 already defined)
(label p33 already defined)
(label p32 already defined)
(label p31 already defined)
(label p30 already defined)
(label p29 already defined)
(label p28 already defined)
(label p27 already defined)
(label p26 already defined)
(label p25 already defined)
(label p24 already defined)
(label p23 already defined)
(label p22 already defined)
(label p21 already defined)
(label p20 already defined)
(label p18 already defined)
(label p17a already defined)
(label p16b already defined)
(label p16a already defined)
(label p15 already defined)
(label p14 already defined)
(label p13 already defined)
(label p12b already defined)
(label p12a already defined)
(label p11 already defined)
(label p10b already defined)
(label p10a already defined)
(label p09 already defined)
(label p08 already defined)
(label p07 already defined)
(label p06 already defined)
(label p05b already defined)
(label p05a already defined)
(label p04 already defined)
(label p03 already defined)
(label p02 already defined)
(label area already defined)

    Result                      Number of obs
    -----------------------------------------
    Not matched                     2,057,806
        from master                 2,057,806  
        from using                          0  

    Matched                            78,878
        not updated                         0  
        missing updated                78,878  
        nonmissing conflict                 0  
    -----------------------------------------
**************2010*******************
(label epobreza already defined)
(label pobreza already defined)
(label ciud5 already defined)
(label SECEMP already defined)
(label pein already defined)
(label desem2 already defined)
(label desem1 already defined)
(label desemoc already defined)
(label desemab already defined)
(label desem already defined)
(label nc already defined)
(label nr already defined)
(label oinad already defined)
(label sub_w already defined)
(label sub_h already defined)
(label sub already defined)
(label inadec already defined)
(label adec already defined)
(label empleo already defined)
(label pean already defined)
(label petn already defined)
(label CONDACTN already defined)
(label t_a already defined)
(label rama1 already defined)
(label grupo1 already defined)
(label pei already defined)
(label deaboc2 already defined)
(label deaboc1 already defined)
(label deso2 already defined)
(label deso1 already defined)
(label deso already defined)
(label suboc2 already defined)
(label suboc1 already defined)
(label suboc already defined)
(label oplenos already defined)
(label onocla already defined)
(label ocupa already defined)
(label pea already defined)
(label pet already defined)
(label rgnl already defined)
(label rn already defined)
(label prov already defined)
(label CONDACT already defined)
(label ingrl already defined)
(label p78 already defined)
(label p77 already defined)
(label p76 already defined)
(label p75 already defined)
(label p74b already defined)
(label p74a already defined)
(label p73b already defined)
(label p73a already defined)
(label p72b already defined)
(label p72a already defined)
(label p71b already defined)
(label p71a already defined)
(label p70b already defined)
(label p70a already defined)
(label p69 already defined)
(label p68b already defined)
(label p68a already defined)
(label p67 already defined)
(label p66 already defined)
(label p65 already defined)
(label p64b already defined)
(label p64a already defined)
(label p63 already defined)
(label pp02h already defined)
(label pp02g already defined)
(label pp02m already defined)
(label pp02l already defined)
(label pp02k already defined)
(label pp02j already defined)
(label pp02f already defined)
(label pp02e already defined)
(label pp02d already defined)
(label pp02c already defined)
(label pp02b already defined)
(label pp02a already defined)
(label pp01 already defined)
(label p60k already defined)
(label p60j already defined)
(label p60i already defined)
(label p60h already defined)
(label p60g already defined)
(label p60f already defined)
(label p60e already defined)
(label p60d already defined)
(label p60c already defined)
(label p60b already defined)
(label p60a already defined)
(label p59 already defined)
(label p58 already defined)
(label p57 already defined)
(label p56b already defined)
(label p56a already defined)
(label p55 already defined)
(label p54 already defined)
(label p53 already defined)
(label p52 already defined)
(label p51c already defined)
(label p51b already defined)
(label p51a already defined)
(label p50 already defined)
(label p49 already defined)
(label p48 already defined)
(label p47b already defined)
(label p47a already defined)
(label p46 already defined)
(label p45 already defined)
(label p44k already defined)
(label p44j already defined)
(label p44i already defined)
(label p44h already defined)
(label p44g already defined)
(label p44f already defined)
(label p44e already defined)
(label p44d already defined)
(label p44c already defined)
(label p44b already defined)
(label p44a already defined)
(label p43 already defined)
(label p42 already defined)
(label p41 already defined)
(label p40 already defined)
(label p39 already defined)
(label p38 already defined)
(label p37 already defined)
(label p36 already defined)
(label p35 already defined)
(label p34 already defined)
(label p33 already defined)
(label p32 already defined)
(label p31 already defined)
(label p30 already defined)
(label p29 already defined)
(label p28 already defined)
(label p27 already defined)
(label p26 already defined)
(label p25 already defined)
(label p24 already defined)
(label p23 already defined)
(label p22 already defined)
(label p21 already defined)
(label p20 already defined)
(label p18 already defined)
(label p17a already defined)
(label p16b already defined)
(label p16a already defined)
(label p15 already defined)
(label p14 already defined)
(label p13 already defined)
(label p12b already defined)
(label p12a already defined)
(label p11 already defined)
(label p10b already defined)
(label p10a already defined)
(label p09 already defined)
(label p08 already defined)
(label p07 already defined)
(label p06 already defined)
(label p05b already defined)
(label p05a already defined)
(label p04 already defined)
(label p03 already defined)
(label p02 already defined)
(label area already defined)

    Result                      Number of obs
    -----------------------------------------
    Not matched                     2,053,910
        from master                 2,053,910  
        from using                          0  

    Matched                            82,774
        not updated                         0  
        missing updated                82,774  
        nonmissing conflict                 0  
    -----------------------------------------
**************2011*******************
(label epobreza already defined)
(label pobreza already defined)
(label ciud5 already defined)
(label SECEMP already defined)
(label pein already defined)
(label desem2 already defined)
(label desem1 already defined)
(label desemoc already defined)
(label desemab already defined)
(label desem already defined)
(label nc already defined)
(label nr already defined)
(label oinad already defined)
(label sub_w already defined)
(label sub_h already defined)
(label sub already defined)
(label inadec already defined)
(label adec already defined)
(label empleo already defined)
(label pean already defined)
(label petn already defined)
(label CONDACTN already defined)
(label t_a already defined)
(label rama1 already defined)
(label grupo1 already defined)
(label deaboc2 already defined)
(label deaboc1 already defined)
(label pea already defined)
(label pet already defined)
(label rn already defined)
(label prov already defined)
(label CONDACT already defined)
(label ingrl already defined)
(label p78 already defined)
(label p77 already defined)
(label p76 already defined)
(label p75 already defined)
(label p74b already defined)
(label p74a already defined)
(label p73b already defined)
(label p73a already defined)
(label p72b already defined)
(label p72a already defined)
(label p71b already defined)
(label p71a already defined)
(label p70b already defined)
(label p70a already defined)
(label p69 already defined)
(label p68b already defined)
(label p68a already defined)
(label p67 already defined)
(label p66 already defined)
(label p65 already defined)
(label p64b already defined)
(label p64a already defined)
(label p63 already defined)
(label pp02135 already defined)
(label pp02134 already defined)
(label pp02133 already defined)
(label pp02132 already defined)
(label pp02131 already defined)
(label pp02i already defined)
(label pp02h already defined)
(label pp02m already defined)
(label pp02l already defined)
(label pp02k already defined)
(label pp02j already defined)
(label pp02g already defined)
(label pp02f already defined)
(label pp02e already defined)
(label pp02d already defined)
(label pp02c already defined)
(label pp02b already defined)
(label pp02a already defined)
(label pp01 already defined)
(label p60k already defined)
(label p60j already defined)
(label p60i already defined)
(label p60h already defined)
(label p60g already defined)
(label p60f already defined)
(label p60e already defined)
(label p60d already defined)
(label p60c already defined)
(label p60b already defined)
(label p60a already defined)
(label p59 already defined)
(label p58 already defined)
(label p57 already defined)
(label p56b already defined)
(label p56a already defined)
(label p55 already defined)
(label p54a already defined)
(label p54 already defined)
(label p53 already defined)
(label p52 already defined)
(label p51c already defined)
(label p51b already defined)
(label p51a already defined)
(label p50 already defined)
(label p49 already defined)
(label p48 already defined)
(label p47b already defined)
(label p47a already defined)
(label p46 already defined)
(label p45 already defined)
(label p44k already defined)
(label p44j already defined)
(label p44i already defined)
(label p44h already defined)
(label p44g already defined)
(label p44f already defined)
(label p44e already defined)
(label p44d already defined)
(label p44c already defined)
(label p44b already defined)
(label p44a already defined)
(label p43 already defined)
(label p42a already defined)
(label p42 already defined)
(label p41 already defined)
(label p40 already defined)
(label p39 already defined)
(label p38 already defined)
(label p37 already defined)
(label p36 already defined)
(label p35 already defined)
(label p34 already defined)
(label p33 already defined)
(label p32 already defined)
(label p31 already defined)
(label p30 already defined)
(label p29 already defined)
(label p28 already defined)
(label p27 already defined)
(label p26 already defined)
(label p25 already defined)
(label p24 already defined)
(label p23 already defined)
(label p22 already defined)
(label p21 already defined)
(label p20 already defined)
(label p18 already defined)
(label p17a already defined)
(label p16b already defined)
(label p16a already defined)
(label p15 already defined)
(label p14 already defined)
(label p13 already defined)
(label p12b already defined)
(label p12a already defined)
(label p11 already defined)
(label p10b already defined)
(label p10a already defined)
(label p09 already defined)
(label p08 already defined)
(label p07 already defined)
(label p06 already defined)
(label p05b already defined)
(label p05a already defined)
(label p04 already defined)
(label p03 already defined)
(label p02 already defined)
(label area already defined)

    Result                      Number of obs
    -----------------------------------------
    Not matched                     2,067,031
        from master                 2,067,031  
        from using                          0  

    Matched                            69,653
        not updated                         0  
        missing updated                69,653  
        nonmissing conflict                 0  
    -----------------------------------------
**************2012*******************
(label epobreza already defined)
(label pobreza already defined)
(label ciud5 already defined)
(label SECEMP already defined)
(label pein already defined)
(label desem2 already defined)
(label desem1 already defined)
(label desemoc already defined)
(label desemab already defined)
(label desem already defined)
(label nc already defined)
(label nr already defined)
(label oinad already defined)
(label sub_w already defined)
(label sub_h already defined)
(label sub already defined)
(label inadec already defined)
(label adec already defined)
(label empleo already defined)
(label pean already defined)
(label petn already defined)
(label CONDACTN already defined)
(label t_a already defined)
(label rama1 already defined)
(label grupo1 already defined)
(label PEI already defined)
(label deaboc2 already defined)
(label deaboc1 already defined)
(label Deso2 already defined)
(label Deso1 already defined)
(label Deso already defined)
(label Suboc2 already defined)
(label Suboc1 already defined)
(label Suboc already defined)
(label OPlenos already defined)
(label Onocla already defined)
(label Ocupa already defined)
(label pea already defined)
(label pet already defined)
(label Rgnl already defined)
(label rn already defined)
(label prov already defined)
(label CONDACT already defined)
(label ingrl already defined)
(label p78 already defined)
(label p77 already defined)
(label p76 already defined)
(label p75 already defined)
(label p74b already defined)
(label p74a already defined)
(label p73b already defined)
(label p73a already defined)
(label p72b already defined)
(label p72a already defined)
(label p71b already defined)
(label p71a already defined)
(label p70b already defined)
(label p70a already defined)
(label p69 already defined)
(label p68b already defined)
(label p68a already defined)
(label p67 already defined)
(label p66 already defined)
(label p65 already defined)
(label p64b already defined)
(label p64a already defined)
(label p63 already defined)
(label pp02i already defined)
(label pp02h already defined)
(label pp02m already defined)
(label pp02l already defined)
(label pp02k already defined)
(label pp02j already defined)
(label pp02g already defined)
(label pp02f already defined)
(label pp02e already defined)
(label pp02d already defined)
(label pp02c already defined)
(label pp02b already defined)
(label pp02a already defined)
(label pp01 already defined)
(label p60k already defined)
(label p60j already defined)
(label p60i already defined)
(label p60h already defined)
(label p60g already defined)
(label p60f already defined)
(label p60e already defined)
(label p60d already defined)
(label p60c already defined)
(label p60b already defined)
(label p60a already defined)
(label p59 already defined)
(label p58 already defined)
(label p57 already defined)
(label p56b already defined)
(label p56a already defined)
(label p55 already defined)
(label p54a already defined)
(label p54 already defined)
(label p53 already defined)
(label p52 already defined)
(label p51c already defined)
(label p51b already defined)
(label p51a already defined)
(label p50 already defined)
(label p49 already defined)
(label p48 already defined)
(label p47b already defined)
(label p47a already defined)
(label p46 already defined)
(label p45 already defined)
(label p44k already defined)
(label p44j already defined)
(label p44i already defined)
(label p44h already defined)
(label p44g already defined)
(label p44f already defined)
(label p44e already defined)
(label p44d already defined)
(label p44c already defined)
(label p44b already defined)
(label p44a already defined)
(label p43 already defined)
(label p42a already defined)
(label p42 already defined)
(label p41 already defined)
(label p40 already defined)
(label p39 already defined)
(label p38 already defined)
(label p37 already defined)
(label p36 already defined)
(label p35 already defined)
(label p34 already defined)
(label p33 already defined)
(label p32 already defined)
(label p31 already defined)
(label p30 already defined)
(label p29 already defined)
(label p28 already defined)
(label p27 already defined)
(label p26 already defined)
(label p25 already defined)
(label p24 already defined)
(label p23 already defined)
(label p22 already defined)
(label p21 already defined)
(label p20 already defined)
(label p18 already defined)
(label p17a already defined)
(label p16b already defined)
(label p16a already defined)
(label p15 already defined)
(label p14 already defined)
(label p13 already defined)
(label p12b already defined)
(label p12a already defined)
(label p11 already defined)
(label p10b already defined)
(label p10a already defined)
(label p09 already defined)
(label p08 already defined)
(label p07 already defined)
(label p06 already defined)
(label p05b already defined)
(label p05a already defined)
(label p04 already defined)
(label p03 already defined)
(label p02 already defined)
(label area already defined)

    Result                      Number of obs
    -----------------------------------------
    Not matched                     2,062,998
        from master                 2,062,998  
        from using                          0  

    Matched                            73,686
        not updated                         0  
        missing updated                73,686  
        nonmissing conflict                 0  
    -----------------------------------------
**************2013*******************
(label epobreza already defined)
(label pobreza already defined)
(label ciud5 already defined)
(label SECEMP already defined)
(label pein already defined)
(label desem2 already defined)
(label desem1 already defined)
(label desemoc already defined)
(label desemab already defined)
(label desem already defined)
(label nc already defined)
(label nr already defined)
(label oinad already defined)
(label sub_w already defined)
(label sub_h already defined)
(label sub already defined)
(label inadec already defined)
(label adec already defined)
(label empleo already defined)
(label pean already defined)
(label petn already defined)
(label CONDACTN already defined)
(label grupo1 already defined)
(label rama1 already defined)
(label t_a already defined)
(label pei already defined)
(label deso2 already defined)
(label deso1 already defined)
(label deaboc2 already defined)
(label deaboc1 already defined)
(label deso already defined)
(label suboc2 already defined)
(label suboc1 already defined)
(label suboc already defined)
(label onocla already defined)
(label oplenos already defined)
(label ocupa already defined)
(label pea already defined)
(label pet already defined)
(label Rgnl already defined)
(label rn already defined)
(label prov already defined)
(label CONDACT already defined)
(label ingrl already defined)
(label p78 already defined)
(label p77 already defined)
(label p76 already defined)
(label p75 already defined)
(label p74b already defined)
(label p74a already defined)
(label p73b already defined)
(label p73a already defined)
(label p72b already defined)
(label p72a already defined)
(label p71b already defined)
(label p71a already defined)
(label p70b already defined)
(label p70a already defined)
(label p69 already defined)
(label p68b already defined)
(label p68a already defined)
(label p67 already defined)
(label p66 already defined)
(label p65 already defined)
(label p64b already defined)
(label p64a already defined)
(label p63 already defined)
(label pp02i already defined)
(label pp02h already defined)
(label pp02m already defined)
(label pp02l already defined)
(label pp02k already defined)
(label pp02j already defined)
(label pp02g already defined)
(label pp02f already defined)
(label pp02e already defined)
(label pp02d already defined)
(label pp02c already defined)
(label pp02b already defined)
(label pp02a already defined)
(label pp01 already defined)
(label p60k already defined)
(label p60j already defined)
(label p60i already defined)
(label p60h already defined)
(label p60g already defined)
(label p60f already defined)
(label p60e already defined)
(label p60d already defined)
(label p60c already defined)
(label p60b already defined)
(label p60a already defined)
(label p59 already defined)
(label p58 already defined)
(label p57 already defined)
(label p56a already defined)
(label p55 already defined)
(label p54a already defined)
(label p54 already defined)
(label p53 already defined)
(label p52 already defined)
(label p51c already defined)
(label p51b already defined)
(label p51a already defined)
(label p50 already defined)
(label p49 already defined)
(label p48 already defined)
(label p47a already defined)
(label p46 already defined)
(label p45 already defined)
(label p44k already defined)
(label p44j already defined)
(label p44i already defined)
(label p44h already defined)
(label p44g already defined)
(label p44f already defined)
(label p44e already defined)
(label p44d already defined)
(label p44c already defined)
(label p44b already defined)
(label p44a already defined)
(label p43 already defined)
(label p42a already defined)
(label p42 already defined)
(label p41 already defined)
(label p40 already defined)
(label p39 already defined)
(label p38 already defined)
(label p37 already defined)
(label p36 already defined)
(label p35 already defined)
(label p34 already defined)
(label p33 already defined)
(label p32 already defined)
(label p31 already defined)
(label p30 already defined)
(label p29 already defined)
(label p28 already defined)
(label p27 already defined)
(label p26 already defined)
(label p25 already defined)
(label p24 already defined)
(label p23 already defined)
(label p22 already defined)
(label p21 already defined)
(label p20 already defined)
(label p18 already defined)
(label p17a already defined)
(label p16b already defined)
(label p16a already defined)
(label p15aa already defined)
(label p15 already defined)
(label p14 already defined)
(label p13 already defined)
(label p12b already defined)
(label p12a already defined)
(label p11 already defined)
(label p10b already defined)
(label p10a already defined)
(label p09 already defined)
(label p08 already defined)
(label p07 already defined)
(label p06 already defined)
(label p05b already defined)
(label p05a already defined)
(label p04 already defined)
(label p03 already defined)
(label p02 already defined)
(label area already defined)

    Result                      Number of obs
    -----------------------------------------
    Not matched                     2,055,298
        from master                 2,055,298  
        from using                          0  

    Matched                            81,386
        not updated                         0  
        missing updated                81,386  
        nonmissing conflict                 0  
    -----------------------------------------
**************2014*******************
(label labels263 already defined)
(label labels111 already defined)
(label labels6 already defined)
(label labels0 already defined)

    Result                      Number of obs
    -----------------------------------------
    Not matched                     2,020,179
        from master                 2,020,179  
        from using                          0  

    Matched                           116,505
        not updated                         0  
        missing updated               116,505  
        nonmissing conflict                 0  
    -----------------------------------------
**************2015*******************
(label labels277 already defined)
(label labels276 already defined)
(label labels275 already defined)
(label labels274 already defined)
(label labels273 already defined)
(label labels272 already defined)
(label labels271 already defined)
(label labels270 already defined)
(label labels269 already defined)
(label labels268 already defined)
(label labels267 already defined)
(label labels266 already defined)
(label labels265 already defined)
(label labels264 already defined)
(label labels263 already defined)
(label labels262 already defined)
(label labels261 already defined)
(label labels260 already defined)
(label labels259 already defined)
(label labels258 already defined)
(label labels257 already defined)
(label labels256 already defined)
(label labels255 already defined)
(label labels254 already defined)
(label labels253 already defined)
(label labels252 already defined)
(label labels251 already defined)
(label labels250 already defined)
(label labels249 already defined)
(label labels248 already defined)
(label labels247 already defined)
(label labels246 already defined)
(label labels245 already defined)
(label labels244 already defined)
(label labels243 already defined)
(label labels242 already defined)
(label labels241 already defined)
(label labels240 already defined)
(label labels239 already defined)
(label labels238 already defined)
(label labels237 already defined)
(label labels236 already defined)
(label labels235 already defined)
(label labels234 already defined)
(label labels233 already defined)
(label labels232 already defined)
(label labels231 already defined)
(label labels230 already defined)
(label labels229 already defined)
(label labels228 already defined)
(label labels227 already defined)
(label labels226 already defined)
(label labels225 already defined)
(label labels224 already defined)
(label labels223 already defined)
(label labels222 already defined)
(label labels221 already defined)
(label labels220 already defined)
(label labels219 already defined)
(label labels218 already defined)
(label labels217 already defined)
(label labels216 already defined)
(label labels215 already defined)
(label labels214 already defined)
(label labels213 already defined)
(label labels212 already defined)
(label labels211 already defined)
(label labels210 already defined)
(label labels209 already defined)
(label labels208 already defined)
(label labels207 already defined)
(label labels206 already defined)
(label labels205 already defined)
(label labels204 already defined)
(label labels203 already defined)
(label labels202 already defined)
(label labels201 already defined)
(label labels200 already defined)
(label labels199 already defined)
(label labels198 already defined)
(label labels197 already defined)
(label labels196 already defined)
(label labels195 already defined)
(label labels194 already defined)
(label labels193 already defined)
(label labels192 already defined)
(label labels191 already defined)
(label labels190 already defined)
(label labels189 already defined)
(label labels188 already defined)
(label labels187 already defined)
(label labels186 already defined)
(label labels185 already defined)
(label labels184 already defined)
(label labels183 already defined)
(label labels182 already defined)
(label labels181 already defined)
(label labels180 already defined)
(label labels179 already defined)
(label labels178 already defined)
(label labels177 already defined)
(label labels176 already defined)
(label labels175 already defined)
(label labels174 already defined)
(label labels173 already defined)
(label labels172 already defined)
(label labels171 already defined)
(label labels170 already defined)
(label labels169 already defined)
(label labels168 already defined)
(label labels167 already defined)
(label labels166 already defined)
(label labels165 already defined)
(label labels164 already defined)
(label labels163 already defined)
(label labels162 already defined)
(label labels161 already defined)
(label labels160 already defined)
(label labels159 already defined)
(label labels158 already defined)
(label labels157 already defined)
(label labels156 already defined)
(label labels155 already defined)
(label labels154 already defined)
(label labels153 already defined)
(label labels152 already defined)
(label labels151 already defined)
(label labels150 already defined)
(label labels149 already defined)
(label labels148 already defined)
(label labels147 already defined)
(label labels146 already defined)
(label labels145 already defined)
(label labels144 already defined)
(label labels143 already defined)
(label labels142 already defined)
(label labels141 already defined)
(label labels140 already defined)
(label labels139 already defined)
(label labels138 already defined)
(label labels137 already defined)
(label labels136 already defined)
(label labels135 already defined)
(label labels134 already defined)
(label labels133 already defined)
(label labels132 already defined)
(label labels131 already defined)
(label labels130 already defined)
(label labels129 already defined)
(label labels128 already defined)
(label labels126 already defined)
(label labels125 already defined)
(label labels124 already defined)
(label labels123 already defined)
(label labels122 already defined)
(label labels121 already defined)
(label labels120 already defined)
(label labels119 already defined)
(label labels118 already defined)
(label labels117 already defined)
(label labels116 already defined)
(label labels115 already defined)
(label labels114 already defined)
(label labels113 already defined)
(label labels112 already defined)
(label labels111 already defined)
(label labels110 already defined)
(label labels109 already defined)
(label labels108 already defined)
(label labels107 already defined)
(label labels106 already defined)
(label labels105 already defined)
(label labels104 already defined)
(label labels103 already defined)
(label labels102 already defined)
(label labels101 already defined)
(label labels100 already defined)
(label labels99 already defined)
(label labels98 already defined)
(label labels97 already defined)
(label labels96 already defined)
(label labels95 already defined)
(label labels94 already defined)
(label labels93 already defined)
(label labels92 already defined)
(label labels91 already defined)
(label labels90 already defined)
(label labels89 already defined)
(label labels88 already defined)
(label labels87 already defined)
(label labels86 already defined)
(label labels85 already defined)
(label labels84 already defined)
(label labels83 already defined)
(label labels82 already defined)
(label labels81 already defined)
(label labels80 already defined)
(label labels79 already defined)
(label labels78 already defined)
(label labels77 already defined)
(label labels76 already defined)
(label labels75 already defined)
(label labels74 already defined)
(label labels73 already defined)
(label labels72 already defined)
(label labels71 already defined)
(label labels70 already defined)
(label labels69 already defined)
(label labels68 already defined)
(label labels67 already defined)
(label labels66 already defined)
(label labels65 already defined)
(label labels64 already defined)
(label labels63 already defined)
(label labels62 already defined)
(label labels61 already defined)
(label labels60 already defined)
(label labels59 already defined)
(label labels58 already defined)
(label labels57 already defined)
(label labels56 already defined)
(label labels55 already defined)
(label labels54 already defined)
(label labels53 already defined)
(label labels52 already defined)
(label labels51 already defined)
(label labels50 already defined)
(label labels49 already defined)
(label labels48 already defined)
(label labels47 already defined)
(label labels46 already defined)
(label labels45 already defined)
(label labels44 already defined)
(label labels43 already defined)
(label labels42 already defined)
(label labels41 already defined)
(label labels40 already defined)
(label labels39 already defined)
(label labels38 already defined)
(label labels37 already defined)
(label labels36 already defined)
(label labels35 already defined)
(label labels34 already defined)
(label labels33 already defined)
(label labels32 already defined)
(label labels31 already defined)
(label labels30 already defined)
(label labels29 already defined)
(label labels28 already defined)
(label labels27 already defined)
(label labels26 already defined)
(label labels25 already defined)
(label labels24 already defined)
(label labels23 already defined)
(label labels22 already defined)
(label labels21 already defined)
(label labels20 already defined)
(label labels19 already defined)
(label labels18 already defined)
(label labels17 already defined)
(label labels16 already defined)
(label labels15 already defined)
(label labels14 already defined)
(label labels13 already defined)
(label labels12 already defined)
(label labels11 already defined)
(label labels10 already defined)
(label labels9 already defined)
(label labels8 already defined)
(label labels7 already defined)
(label labels6 already defined)
(label labels5 already defined)

    Result                      Number of obs
    -----------------------------------------
    Not matched                     2,023,863
        from master                 2,023,863  
        from using                          0  

    Matched                           112,821
        not updated                         0  
        missing updated               112,821  
        nonmissing conflict                 0  
    -----------------------------------------
**************2016*******************
(label labels244 already defined)
(label labels243 already defined)
(label labels242 already defined)
(label labels241 already defined)
(label labels240 already defined)
(label labels239 already defined)
(label labels238 already defined)
(label labels237 already defined)
(label labels236 already defined)
(label labels235 already defined)
(label labels234 already defined)
(label labels233 already defined)
(label labels232 already defined)
(label labels231 already defined)
(label labels230 already defined)
(label labels229 already defined)
(label labels228 already defined)
(label labels227 already defined)
(label labels226 already defined)
(label labels225 already defined)
(label labels224 already defined)
(label labels223 already defined)
(label labels222 already defined)
(label labels221 already defined)
(label labels220 already defined)
(label labels219 already defined)
(label labels218 already defined)
(label labels217 already defined)
(label labels216 already defined)
(label labels215 already defined)
(label labels214 already defined)
(label labels213 already defined)
(label labels212 already defined)
(label labels211 already defined)
(label labels210 already defined)
(label labels209 already defined)
(label labels208 already defined)
(label labels207 already defined)
(label labels206 already defined)
(label labels205 already defined)
(label labels204 already defined)
(label labels203 already defined)
(label labels202 already defined)
(label labels201 already defined)
(label labels200 already defined)
(label labels199 already defined)
(label labels198 already defined)
(label labels197 already defined)
(label labels196 already defined)
(label labels195 already defined)
(label labels194 already defined)
(label labels193 already defined)
(label labels192 already defined)
(label labels191 already defined)
(label labels190 already defined)
(label labels189 already defined)
(label labels188 already defined)
(label labels187 already defined)
(label labels186 already defined)
(label labels185 already defined)
(label labels184 already defined)
(label labels183 already defined)
(label labels182 already defined)
(label labels181 already defined)
(label labels180 already defined)
(label labels179 already defined)
(label labels178 already defined)
(label labels177 already defined)
(label labels176 already defined)
(label labels175 already defined)
(label labels174 already defined)
(label labels173 already defined)
(label labels172 already defined)
(label labels171 already defined)
(label labels170 already defined)
(label labels169 already defined)
(label labels168 already defined)
(label labels167 already defined)
(label labels166 already defined)
(label labels165 already defined)
(label labels164 already defined)
(label labels163 already defined)
(label labels162 already defined)
(label labels161 already defined)
(label labels160 already defined)
(label labels159 already defined)
(label labels158 already defined)
(label labels157 already defined)
(label labels156 already defined)
(label labels155 already defined)
(label labels154 already defined)
(label labels153 already defined)
(label labels152 already defined)
(label labels151 already defined)
(label labels150 already defined)
(label labels149 already defined)
(label labels148 already defined)
(label labels147 already defined)
(label labels146 already defined)
(label labels145 already defined)
(label labels144 already defined)
(label labels143 already defined)
(label labels142 already defined)
(label labels141 already defined)
(label labels140 already defined)
(label labels139 already defined)
(label labels138 already defined)
(label labels137 already defined)
(label labels136 already defined)
(label labels135 already defined)
(label labels134 already defined)
(label labels133 already defined)
(label labels132 already defined)
(label labels131 already defined)
(label labels130 already defined)
(label labels129 already defined)
(label labels128 already defined)
(label labels127 already defined)
(label labels126 already defined)
(label labels125 already defined)
(label labels124 already defined)
(label labels123 already defined)
(label labels122 already defined)
(label labels121 already defined)
(label labels120 already defined)
(label labels119 already defined)
(label labels118 already defined)
(label labels117 already defined)
(label labels115 already defined)
(label labels114 already defined)
(label labels113 already defined)
(label labels112 already defined)
(label labels111 already defined)
(label labels110 already defined)
(label labels109 already defined)
(label labels108 already defined)
(label labels107 already defined)
(label labels106 already defined)
(label labels105 already defined)
(label labels104 already defined)
(label labels103 already defined)
(label labels102 already defined)
(label labels101 already defined)
(label labels100 already defined)
(label labels99 already defined)
(label labels98 already defined)
(label labels97 already defined)
(label labels96 already defined)
(label labels95 already defined)
(label labels94 already defined)
(label labels93 already defined)
(label labels92 already defined)
(label labels91 already defined)
(label labels90 already defined)
(label labels89 already defined)
(label labels88 already defined)
(label labels87 already defined)
(label labels86 already defined)
(label labels85 already defined)
(label labels84 already defined)
(label labels83 already defined)
(label labels82 already defined)
(label labels81 already defined)
(label labels80 already defined)
(label labels79 already defined)
(label labels78 already defined)
(label labels77 already defined)
(label labels76 already defined)
(label labels75 already defined)
(label labels74 already defined)
(label labels73 already defined)
(label labels72 already defined)
(label labels71 already defined)
(label labels70 already defined)
(label labels69 already defined)
(label labels68 already defined)
(label labels67 already defined)
(label labels66 already defined)
(label labels65 already defined)
(label labels64 already defined)
(label labels63 already defined)
(label labels62 already defined)
(label labels61 already defined)
(label labels60 already defined)
(label labels59 already defined)
(label labels58 already defined)
(label labels57 already defined)
(label labels56 already defined)
(label labels55 already defined)
(label labels54 already defined)
(label labels53 already defined)
(label labels52 already defined)
(label labels51 already defined)
(label labels50 already defined)
(label labels49 already defined)
(label labels48 already defined)
(label labels47 already defined)
(label labels46 already defined)
(label labels45 already defined)
(label labels44 already defined)
(label labels43 already defined)
(label labels42 already defined)
(label labels41 already defined)
(label labels40 already defined)
(label labels39 already defined)
(label labels38 already defined)
(label labels37 already defined)
(label labels36 already defined)
(label labels35 already defined)
(label labels34 already defined)
(label labels33 already defined)
(label labels32 already defined)
(label labels31 already defined)
(label labels30 already defined)
(label labels29 already defined)
(label labels28 already defined)
(label labels27 already defined)
(label labels26 already defined)
(label labels25 already defined)
(label labels24 already defined)
(label labels23 already defined)
(label labels22 already defined)
(label labels21 already defined)
(label labels20 already defined)
(label labels19 already defined)
(label labels18 already defined)
(label labels17 already defined)
(label labels16 already defined)
(label labels15 already defined)
(label labels14 already defined)
(label labels13 already defined)
(label labels12 already defined)
(label labels11 already defined)
(label labels10 already defined)
(label labels9 already defined)
(label labels8 already defined)
(label labels7 already defined)
(label labels6 already defined)
(label labels5 already defined)
(label labels0 already defined)

    Result                      Number of obs
    -----------------------------------------
    Not matched                     2,022,598
        from master                 2,022,598  
        from using                          0  

    Matched                           114,086
        not updated                         0  
        missing updated               114,086  
        nonmissing conflict                 0  
    -----------------------------------------
**************2017*******************
(label labels0 already defined)
(label labels5 already defined)
(label labels6 already defined)
(label labels7 already defined)
(label labels8 already defined)
(label labels9 already defined)
(label labels10 already defined)
(label labels11 already defined)
(label labels12 already defined)
(label labels13 already defined)
(label labels14 already defined)
(label labels15 already defined)
(label labels16 already defined)
(label labels17 already defined)
(label labels18 already defined)
(label labels19 already defined)
(label labels20 already defined)
(label labels21 already defined)
(label labels22 already defined)
(label labels23 already defined)
(label labels24 already defined)
(label labels25 already defined)
(label labels26 already defined)
(label labels27 already defined)
(label labels28 already defined)
(label labels29 already defined)
(label labels30 already defined)
(label labels31 already defined)
(label labels32 already defined)
(label labels33 already defined)
(label labels34 already defined)
(label labels35 already defined)
(label labels36 already defined)
(label labels37 already defined)
(label labels38 already defined)
(label labels39 already defined)
(label labels40 already defined)
(label labels41 already defined)
(label labels42 already defined)
(label labels43 already defined)
(label labels44 already defined)
(label labels45 already defined)
(label labels46 already defined)
(label labels47 already defined)
(label labels48 already defined)
(label labels49 already defined)
(label labels50 already defined)
(label labels51 already defined)
(label labels52 already defined)
(label labels53 already defined)
(label labels54 already defined)
(label labels55 already defined)
(label labels56 already defined)
(label labels57 already defined)
(label labels58 already defined)
(label labels59 already defined)
(label labels60 already defined)
(label labels61 already defined)
(label labels62 already defined)
(label labels63 already defined)
(label labels64 already defined)
(label labels65 already defined)
(label labels66 already defined)
(label labels67 already defined)
(label labels68 already defined)
(label labels69 already defined)
(label labels70 already defined)
(label labels71 already defined)
(label labels72 already defined)
(label labels73 already defined)
(label labels74 already defined)
(label labels75 already defined)
(label labels76 already defined)
(label labels77 already defined)
(label labels78 already defined)
(label labels79 already defined)
(label labels80 already defined)
(label labels81 already defined)
(label labels82 already defined)
(label labels83 already defined)
(label labels84 already defined)
(label labels85 already defined)
(label labels86 already defined)
(label labels87 already defined)
(label labels88 already defined)
(label labels89 already defined)
(label labels90 already defined)
(label labels91 already defined)
(label labels92 already defined)
(label labels93 already defined)
(label labels94 already defined)
(label labels95 already defined)
(label labels96 already defined)
(label labels97 already defined)
(label labels98 already defined)
(label labels99 already defined)
(label labels100 already defined)
(label labels101 already defined)
(label labels102 already defined)
(label labels103 already defined)
(label labels104 already defined)
(label labels105 already defined)
(label labels106 already defined)
(label labels107 already defined)
(label labels108 already defined)
(label labels109 already defined)
(label labels110 already defined)
(label labels111 already defined)
(label labels112 already defined)
(label labels113 already defined)
(label labels114 already defined)
(label labels115 already defined)
(label labels116 already defined)
(label labels117 already defined)
(label labels118 already defined)
(label labels119 already defined)
(label labels120 already defined)
(label labels121 already defined)
(label labels122 already defined)
(label labels123 already defined)
(label labels124 already defined)
(label labels125 already defined)
(label labels126 already defined)
(label labels127 already defined)
(label labels128 already defined)
(label labels129 already defined)
(label labels130 already defined)
(label labels131 already defined)
(label labels132 already defined)
(label labels133 already defined)
(label labels134 already defined)
(label labels135 already defined)
(label labels136 already defined)
(label labels137 already defined)
(label labels138 already defined)
(label labels139 already defined)
(label labels140 already defined)
(label labels141 already defined)
(label labels142 already defined)
(label labels143 already defined)
(label labels144 already defined)
(label labels145 already defined)
(label labels146 already defined)
(label labels147 already defined)
(label labels148 already defined)
(label labels149 already defined)
(label labels150 already defined)
(label labels151 already defined)
(label labels152 already defined)
(label labels153 already defined)
(label labels155 already defined)
(label labels156 already defined)
(label labels157 already defined)
(label labels158 already defined)
(label labels159 already defined)
(label labels160 already defined)
(label labels161 already defined)
(label labels162 already defined)
(label labels163 already defined)
(label labels164 already defined)
(label labels165 already defined)
(label labels166 already defined)
(label labels167 already defined)
(label labels168 already defined)
(label labels169 already defined)
(label labels170 already defined)
(label labels171 already defined)
(label labels172 already defined)
(label labels173 already defined)
(label labels174 already defined)
(label labels175 already defined)
(label labels176 already defined)
(label labels177 already defined)
(label labels178 already defined)
(label labels179 already defined)
(label labels180 already defined)
(label labels181 already defined)
(label labels182 already defined)
(label labels183 already defined)
(label labels184 already defined)
(label labels185 already defined)
(label labels186 already defined)
(label labels187 already defined)
(label labels188 already defined)
(label labels189 already defined)
(label labels190 already defined)
(label labels191 already defined)
(label labels192 already defined)
(label labels193 already defined)
(label labels194 already defined)
(label labels195 already defined)
(label labels196 already defined)
(label labels197 already defined)
(label labels198 already defined)
(label labels199 already defined)
(label labels200 already defined)
(label labels201 already defined)
(label labels202 already defined)
(label labels203 already defined)
(label labels204 already defined)
(label labels205 already defined)
(label labels206 already defined)
(label labels207 already defined)
(label labels208 already defined)
(label labels209 already defined)
(label labels210 already defined)
(label labels211 already defined)
(label labels212 already defined)
(label labels213 already defined)
(label labels214 already defined)
(label labels215 already defined)
(label labels216 already defined)
(label labels217 already defined)
(label labels218 already defined)
(label labels219 already defined)
(label labels220 already defined)
(label labels221 already defined)
(label labels222 already defined)
(label labels223 already defined)
(label labels224 already defined)
(label labels225 already defined)
(label labels226 already defined)
(label labels227 already defined)
(label labels228 already defined)
(label labels229 already defined)
(label labels230 already defined)
(label labels231 already defined)
(label labels232 already defined)
(label labels233 already defined)
(label labels234 already defined)
(label labels235 already defined)
(label labels236 already defined)
(label labels237 already defined)
(label labels238 already defined)
(label labels239 already defined)
(label labels240 already defined)
(label labels241 already defined)
(label labels242 already defined)
(label labels243 already defined)
(label labels244 already defined)
(label labels245 already defined)
(label labels246 already defined)
(label labels247 already defined)
(label labels248 already defined)
(label labels249 already defined)
(label labels250 already defined)
(label labels251 already defined)
(label labels252 already defined)
(label labels253 already defined)
(label labels254 already defined)
(label labels255 already defined)
(label labels256 already defined)
(label labels257 already defined)
(label labels258 already defined)
(label labels259 already defined)
(label labels260 already defined)
(label labels261 already defined)
(label labels262 already defined)
(label labels263 already defined)
(label labels264 already defined)
(label labels265 already defined)
(label labels266 already defined)
(label labels267 already defined)
(label labels268 already defined)
(label labels269 already defined)
(label labels270 already defined)
(label labels271 already defined)
(label labels272 already defined)
(label labels273 already defined)
(label labels274 already defined)
(label labels275 already defined)
(label labels276 already defined)
(label labels277 already defined)
(label labels278 already defined)
(label labels279 already defined)

    Result                      Number of obs
    -----------------------------------------
    Not matched                     2,026,401
        from master                 2,026,401  
        from using                          0  

    Matched                           110,283
        not updated                         0  
        missing updated               110,283  
        nonmissing conflict                 0  
    -----------------------------------------
**************2018*******************
(label labels0 already defined)
(label labels4 already defined)
(label labels5 already defined)
(label labels6 already defined)
(label labels7 already defined)
(label labels8 already defined)
(label labels9 already defined)
(label labels10 already defined)
(label labels11 already defined)
(label labels12 already defined)
(label labels13 already defined)
(label labels14 already defined)
(label labels15 already defined)
(label labels16 already defined)
(label labels17 already defined)
(label labels18 already defined)
(label labels19 already defined)
(label labels20 already defined)
(label labels21 already defined)
(label labels22 already defined)
(label labels23 already defined)
(label labels24 already defined)
(label labels25 already defined)
(label labels26 already defined)
(label labels27 already defined)
(label labels28 already defined)
(label labels29 already defined)
(label labels30 already defined)
(label labels31 already defined)
(label labels32 already defined)
(label labels33 already defined)
(label labels34 already defined)
(label labels35 already defined)
(label labels36 already defined)
(label labels37 already defined)
(label labels38 already defined)
(label labels39 already defined)
(label labels40 already defined)
(label labels41 already defined)
(label labels42 already defined)
(label labels43 already defined)
(label labels44 already defined)
(label labels45 already defined)
(label labels46 already defined)
(label labels47 already defined)
(label labels48 already defined)
(label labels49 already defined)
(label labels50 already defined)
(label labels51 already defined)
(label labels52 already defined)
(label labels53 already defined)
(label labels54 already defined)
(label labels55 already defined)
(label labels56 already defined)
(label labels57 already defined)
(label labels58 already defined)
(label labels59 already defined)
(label labels60 already defined)
(label labels61 already defined)
(label labels62 already defined)
(label labels63 already defined)
(label labels64 already defined)
(label labels65 already defined)
(label labels66 already defined)
(label labels67 already defined)
(label labels68 already defined)
(label labels69 already defined)
(label labels70 already defined)
(label labels71 already defined)
(label labels72 already defined)
(label labels73 already defined)
(label labels74 already defined)
(label labels75 already defined)
(label labels76 already defined)
(label labels77 already defined)
(label labels78 already defined)
(label labels79 already defined)
(label labels80 already defined)
(label labels81 already defined)
(label labels82 already defined)
(label labels83 already defined)
(label labels84 already defined)
(label labels85 already defined)
(label labels86 already defined)
(label labels87 already defined)
(label labels88 already defined)
(label labels89 already defined)
(label labels90 already defined)
(label labels91 already defined)
(label labels92 already defined)
(label labels93 already defined)
(label labels94 already defined)
(label labels95 already defined)
(label labels96 already defined)
(label labels97 already defined)
(label labels98 already defined)
(label labels99 already defined)
(label labels100 already defined)
(label labels101 already defined)
(label labels102 already defined)
(label labels103 already defined)
(label labels104 already defined)
(label labels105 already defined)
(label labels106 already defined)
(label labels107 already defined)
(label labels108 already defined)
(label labels109 already defined)
(label labels110 already defined)
(label labels111 already defined)
(label labels112 already defined)
(label labels113 already defined)
(label labels114 already defined)
(label labels115 already defined)
(label labels116 already defined)
(label labels117 already defined)
(label labels118 already defined)
(label labels119 already defined)
(label labels120 already defined)
(label labels121 already defined)
(label labels122 already defined)
(label labels123 already defined)
(label labels124 already defined)
(label labels125 already defined)
(label labels126 already defined)

    Result                      Number of obs
    -----------------------------------------
    Not matched                     2,077,334
        from master                 2,077,334  
        from using                          0  

    Matched                            59,350
        not updated                         0  
        missing updated                59,350  
        nonmissing conflict                 0  
    -----------------------------------------
**************2019*******************
(label labels0 already defined)
(label labels5 already defined)
(label labels6 already defined)
(label labels7 already defined)
(label labels8 already defined)
(label labels9 already defined)
(label labels10 already defined)
(label labels11 already defined)
(label labels12 already defined)
(label labels13 already defined)
(label labels14 already defined)
(label labels15 already defined)
(label labels16 already defined)
(label labels17 already defined)
(label labels18 already defined)
(label labels19 already defined)
(label labels20 already defined)
(label labels21 already defined)
(label labels22 already defined)
(label labels23 already defined)
(label labels24 already defined)
(label labels25 already defined)
(label labels26 already defined)
(label labels27 already defined)
(label labels28 already defined)
(label labels29 already defined)
(label labels30 already defined)
(label labels31 already defined)
(label labels32 already defined)
(label labels33 already defined)
(label labels34 already defined)
(label labels35 already defined)
(label labels36 already defined)
(label labels37 already defined)
(label labels38 already defined)
(label labels39 already defined)
(label labels40 already defined)
(label labels41 already defined)
(label labels42 already defined)
(label labels43 already defined)
(label labels44 already defined)
(label labels45 already defined)
(label labels46 already defined)
(label labels47 already defined)
(label labels48 already defined)
(label labels49 already defined)
(label labels50 already defined)
(label labels51 already defined)
(label labels52 already defined)
(label labels53 already defined)
(label labels54 already defined)
(label labels55 already defined)
(label labels56 already defined)
(label labels57 already defined)
(label labels58 already defined)
(label labels59 already defined)
(label labels60 already defined)
(label labels61 already defined)
(label labels62 already defined)
(label labels63 already defined)
(label labels64 already defined)
(label labels65 already defined)
(label labels66 already defined)
(label labels67 already defined)
(label labels68 already defined)
(label labels69 already defined)
(label labels70 already defined)
(label labels71 already defined)
(label labels72 already defined)
(label labels73 already defined)
(label labels74 already defined)
(label labels75 already defined)
(label labels76 already defined)
(label labels77 already defined)
(label labels78 already defined)
(label labels79 already defined)
(label labels80 already defined)
(label labels81 already defined)
(label labels82 already defined)
(label labels83 already defined)
(label labels84 already defined)
(label labels85 already defined)
(label labels86 already defined)
(label labels87 already defined)
(label labels88 already defined)
(label labels89 already defined)
(label labels90 already defined)
(label labels91 already defined)
(label labels92 already defined)
(label labels93 already defined)
(label labels94 already defined)
(label labels95 already defined)
(label labels96 already defined)
(label labels97 already defined)
(label labels98 already defined)
(label labels99 already defined)
(label labels100 already defined)
(label labels101 already defined)
(label labels102 already defined)
(label labels103 already defined)
(label labels104 already defined)
(label labels105 already defined)
(label labels106 already defined)
(label labels107 already defined)
(label labels108 already defined)
(label labels109 already defined)
(label labels110 already defined)
(label labels111 already defined)
(label labels112 already defined)
(label labels113 already defined)
(label labels114 already defined)
(label labels115 already defined)
(label labels116 already defined)
(label labels117 already defined)
(label labels118 already defined)
(label labels119 already defined)
(label labels120 already defined)
(label labels121 already defined)
(label labels122 already defined)
(label labels123 already defined)
(label labels124 already defined)
(label labels125 already defined)

    Result                      Number of obs
    -----------------------------------------
    Not matched                     2,077,476
        from master                 2,077,476  
        from using                          0  

    Matched                            59,208
        not updated                         0  
        missing updated                59,208  
        nonmissing conflict                 0  
    -----------------------------------------
**************2020*******************
(label labels0 already defined)
(label labels5 already defined)
(label labels6 already defined)
(label labels7 already defined)
(label labels8 already defined)
(label labels9 already defined)
(label labels10 already defined)
(label labels11 already defined)
(label labels12 already defined)
(label labels13 already defined)
(label labels14 already defined)
(label labels15 already defined)
(label labels16 already defined)
(label labels17 already defined)
(label labels18 already defined)
(label labels19 already defined)
(label labels20 already defined)
(label labels21 already defined)
(label labels22 already defined)
(label labels23 already defined)
(label labels24 already defined)
(label labels25 already defined)
(label labels26 already defined)
(label labels27 already defined)
(label labels28 already defined)
(label labels29 already defined)
(label labels30 already defined)
(label labels31 already defined)
(label labels32 already defined)
(label labels33 already defined)
(label labels34 already defined)
(label labels35 already defined)
(label labels36 already defined)
(label labels37 already defined)
(label labels38 already defined)
(label labels39 already defined)
(label labels40 already defined)
(label labels41 already defined)
(label labels42 already defined)
(label labels43 already defined)
(label labels44 already defined)
(label labels45 already defined)
(label labels46 already defined)
(label labels47 already defined)
(label labels48 already defined)
(label labels49 already defined)
(label labels50 already defined)
(label labels51 already defined)
(label labels52 already defined)
(label labels53 already defined)
(label labels54 already defined)
(label labels55 already defined)
(label labels56 already defined)
(label labels57 already defined)
(label labels58 already defined)
(label labels59 already defined)
(label labels60 already defined)
(label labels61 already defined)
(label labels62 already defined)
(label labels63 already defined)
(label labels64 already defined)
(label labels65 already defined)
(label labels66 already defined)
(label labels67 already defined)
(label labels68 already defined)
(label labels69 already defined)
(label labels70 already defined)
(label labels71 already defined)
(label labels72 already defined)
(label labels73 already defined)
(label labels74 already defined)
(label labels75 already defined)
(label labels76 already defined)
(label labels77 already defined)
(label labels78 already defined)
(label labels79 already defined)
(label labels80 already defined)
(label labels81 already defined)
(label labels82 already defined)
(label labels83 already defined)
(label labels84 already defined)
(label labels85 already defined)
(label labels86 already defined)
(label labels87 already defined)
(label labels88 already defined)
(label labels89 already defined)
(label labels90 already defined)
(label labels91 already defined)
(label labels92 already defined)
(label labels93 already defined)
(label labels94 already defined)
(label labels95 already defined)
(label labels96 already defined)
(label labels97 already defined)
(label labels98 already defined)
(label labels99 already defined)
(label labels100 already defined)
(label labels101 already defined)
(label labels102 already defined)
(label labels103 already defined)
(label labels104 already defined)
(label labels105 already defined)
(label labels106 already defined)
(label labels107 already defined)
(label labels108 already defined)
(label labels109 already defined)
(label labels110 already defined)
(label labels111 already defined)
(label labels112 already defined)
(label labels113 already defined)
(label labels114 already defined)
(label labels115 already defined)
(label labels116 already defined)
(label labels117 already defined)
(label labels118 already defined)
(label labels119 already defined)
(label labels120 already defined)
(label labels121 already defined)
(label labels122 already defined)
(label labels123 already defined)
(label labels124 already defined)
(label labels125 already defined)
(label labels126 already defined)
(label labels127 already defined)
(label labels128 already defined)
(label labels129 already defined)
(label labels130 already defined)
(label labels131 already defined)
(label labels132 already defined)
(label labels133 already defined)
(label labels134 already defined)
(label labels135 already defined)
(label labels136 already defined)
(label labels137 already defined)
(label labels138 already defined)

    Result                      Number of obs
    -----------------------------------------
    Not matched                     2,106,038
        from master                 2,106,038  
        from using                          0  

    Matched                            30,646
        not updated                         0  
        missing updated                30,646  
        nonmissing conflict                 0  
    -----------------------------------------
**************2021*******************
(label labels0 already defined)
(label labels5 already defined)
(label labels6 already defined)
(label labels7 already defined)
(label labels8 already defined)
(label labels9 already defined)
(label labels10 already defined)
(label labels11 already defined)
(label labels12 already defined)
(label labels13 already defined)
(label labels14 already defined)
(label labels15 already defined)
(label labels16 already defined)
(label labels17 already defined)
(label labels18 already defined)
(label labels19 already defined)
(label labels20 already defined)
(label labels21 already defined)
(label labels22 already defined)
(label labels23 already defined)
(label labels24 already defined)
(label labels25 already defined)
(label labels26 already defined)
(label labels27 already defined)
(label labels28 already defined)
(label labels29 already defined)
(label labels30 already defined)
(label labels31 already defined)
(label labels32 already defined)
(label labels33 already defined)
(label labels34 already defined)
(label labels35 already defined)
(label labels36 already defined)
(label labels37 already defined)
(label labels38 already defined)
(label labels39 already defined)
(label labels40 already defined)
(label labels41 already defined)
(label labels42 already defined)
(label labels43 already defined)
(label labels44 already defined)
(label labels45 already defined)
(label labels46 already defined)
(label labels47 already defined)
(label labels48 already defined)
(label labels49 already defined)
(label labels50 already defined)
(label labels51 already defined)
(label labels52 already defined)
(label labels53 already defined)
(label labels54 already defined)
(label labels55 already defined)
(label labels56 already defined)
(label labels57 already defined)
(label labels58 already defined)
(label labels59 already defined)
(label labels60 already defined)
(label labels61 already defined)
(label labels62 already defined)
(label labels63 already defined)
(label labels64 already defined)
(label labels65 already defined)
(label labels66 already defined)
(label labels67 already defined)
(label labels68 already defined)
(label labels69 already defined)
(label labels70 already defined)
(label labels71 already defined)
(label labels72 already defined)
(label labels73 already defined)
(label labels74 already defined)
(label labels75 already defined)
(label labels76 already defined)
(label labels77 already defined)
(label labels78 already defined)
(label labels79 already defined)
(label labels80 already defined)
(label labels81 already defined)
(label labels82 already defined)
(label labels83 already defined)
(label labels84 already defined)
(label labels85 already defined)
(label labels86 already defined)
(label labels87 already defined)
(label labels88 already defined)
(label labels89 already defined)
(label labels90 already defined)
(label labels91 already defined)
(label labels92 already defined)
(label labels93 already defined)
(label labels94 already defined)
(label labels95 already defined)
(label labels96 already defined)
(label labels97 already defined)
(label labels98 already defined)
(label labels99 already defined)
(label labels100 already defined)
(label labels101 already defined)
(label labels102 already defined)
(label labels103 already defined)
(label labels104 already defined)
(label labels105 already defined)
(label labels106 already defined)
(label labels107 already defined)
(label labels108 already defined)
(label labels109 already defined)
(label labels110 already defined)
(label labels111 already defined)
(label labels112 already defined)

    Result                      Number of obs
    -----------------------------------------
    Not matched                     2,106,658
        from master                 2,106,658  
        from using                          0  

    Matched                            30,026
        not updated                         0  
        missing updated                30,026  
        nonmissing conflict                 0  
    -----------------------------------------
**************2022*******************
(label labels0 already defined)
(label labels5 already defined)
(label labels6 already defined)
(label labels7 already defined)
(label labels8 already defined)
(label labels9 already defined)
(label labels10 already defined)
(label labels11 already defined)
(label labels12 already defined)
(label labels13 already defined)
(label labels14 already defined)
(label labels15 already defined)
(label labels16 already defined)
(label labels17 already defined)
(label labels18 already defined)
(label labels19 already defined)
(label labels20 already defined)
(label labels21 already defined)
(label labels22 already defined)
(label labels23 already defined)
(label labels24 already defined)
(label labels25 already defined)
(label labels26 already defined)
(label labels27 already defined)
(label labels28 already defined)
(label labels29 already defined)
(label labels30 already defined)
(label labels31 already defined)
(label labels32 already defined)
(label labels33 already defined)
(label labels34 already defined)
(label labels35 already defined)
(label labels36 already defined)
(label labels37 already defined)
(label labels38 already defined)
(label labels39 already defined)
(label labels40 already defined)
(label labels41 already defined)
(label labels42 already defined)
(label labels43 already defined)
(label labels44 already defined)
(label labels45 already defined)
(label labels46 already defined)
(label labels47 already defined)
(label labels48 already defined)
(label labels49 already defined)
(label labels50 already defined)
(label labels51 already defined)
(label labels52 already defined)
(label labels53 already defined)
(label labels54 already defined)
(label labels55 already defined)
(label labels56 already defined)
(label labels57 already defined)
(label labels58 already defined)
(label labels59 already defined)
(label labels60 already defined)
(label labels61 already defined)
(label labels62 already defined)
(label labels63 already defined)
(label labels64 already defined)
(label labels65 already defined)
(label labels66 already defined)
(label labels67 already defined)
(label labels68 already defined)
(label labels69 already defined)
(label labels70 already defined)
(label labels71 already defined)
(label labels72 already defined)
(label labels73 already defined)
(label labels74 already defined)
(label labels75 already defined)
(label labels76 already defined)
(label labels77 already defined)
(label labels78 already defined)
(label labels79 already defined)
(label labels80 already defined)
(label labels81 already defined)
(label labels82 already defined)
(label labels83 already defined)
(label labels84 already defined)
(label labels85 already defined)
(label labels86 already defined)
(label labels87 already defined)
(label labels88 already defined)
(label labels89 already defined)
(label labels90 already defined)
(label labels91 already defined)
(label labels92 already defined)
(label labels93 already defined)
(label labels94 already defined)
(label labels95 already defined)
(label labels96 already defined)
(label labels97 already defined)
(label labels98 already defined)
(label labels99 already defined)
(label labels100 already defined)
(label labels101 already defined)
(label labels102 already defined)
(label labels103 already defined)
(label labels104 already defined)
(label labels105 already defined)
(label labels106 already defined)
(label labels107 already defined)
(label labels108 already defined)
(label labels109 already defined)
(label labels110 already defined)
(label labels111 already defined)
(label labels112 already defined)
(label labels113 already defined)
(label labels114 already defined)
(label labels115 already defined)
(label labels116 already defined)
(label labels117 already defined)
(label labels118 already defined)
(label labels119 already defined)
(label labels120 already defined)
(label labels121 already defined)
(label labels122 already defined)
(label labels123 already defined)
(label labels124 already defined)
(label labels125 already defined)
(label labels126 already defined)
(label labels127 already defined)
(label labels128 already defined)
(label labels129 already defined)
(label labels130 already defined)
(label labels131 already defined)
(label labels132 already defined)
(label labels133 already defined)
(label labels134 already defined)
(label labels135 already defined)
(label labels136 already defined)
(label labels137 already defined)
(label labels138 already defined)
(label labels139 already defined)
(label labels140 already defined)
(label labels141 already defined)
(label labels142 already defined)
(label labels143 already defined)
(label labels144 already defined)
(label labels145 already defined)
(label labels146 already defined)
(label labels147 already defined)
(label labels148 already defined)

    Result                      Number of obs
    -----------------------------------------
    Not matched                     2,107,691
        from master                 2,107,691  
        from using                          0  

    Matched                            28,993
        not updated                         0  
        missing updated                28,993  
        nonmissing conflict                 0  
    -----------------------------------------
**************2023*******************
(label labels0 already defined)
(label labels5 already defined)
(label labels6 already defined)
(label labels7 already defined)
(label labels8 already defined)
(label labels9 already defined)
(label labels10 already defined)
(label labels11 already defined)
(label labels12 already defined)
(label labels13 already defined)
(label labels14 already defined)
(label labels15 already defined)
(label labels16 already defined)
(label labels17 already defined)
(label labels18 already defined)
(label labels19 already defined)
(label labels20 already defined)
(label labels21 already defined)
(label labels22 already defined)
(label labels23 already defined)
(label labels24 already defined)
(label labels25 already defined)
(label labels26 already defined)
(label labels27 already defined)
(label labels28 already defined)
(label labels29 already defined)
(label labels30 already defined)
(label labels31 already defined)
(label labels32 already defined)
(label labels33 already defined)
(label labels34 already defined)
(label labels35 already defined)
(label labels36 already defined)
(label labels37 already defined)
(label labels38 already defined)
(label labels39 already defined)
(label labels40 already defined)
(label labels41 already defined)
(label labels42 already defined)
(label labels43 already defined)
(label labels44 already defined)
(label labels45 already defined)
(label labels46 already defined)
(label labels47 already defined)
(label labels48 already defined)
(label labels49 already defined)
(label labels50 already defined)
(label labels51 already defined)
(label labels52 already defined)
(label labels53 already defined)
(label labels54 already defined)
(label labels55 already defined)
(label labels56 already defined)
(label labels57 already defined)
(label labels58 already defined)
(label labels59 already defined)
(label labels60 already defined)
(label labels61 already defined)
(label labels62 already defined)
(label labels63 already defined)
(label labels64 already defined)
(label labels65 already defined)
(label labels66 already defined)
(label labels67 already defined)
(label labels68 already defined)
(label labels69 already defined)
(label labels70 already defined)
(label labels71 already defined)
(label labels72 already defined)
(label labels73 already defined)
(label labels74 already defined)
(label labels75 already defined)
(label labels76 already defined)
(label labels77 already defined)
(label labels78 already defined)
(label labels79 already defined)
(label labels80 already defined)
(label labels81 already defined)
(label labels82 already defined)
(label labels83 already defined)
(label labels84 already defined)
(label labels85 already defined)
(label labels86 already defined)
(label labels87 already defined)
(label labels88 already defined)
(label labels89 already defined)
(label labels90 already defined)
(label labels91 already defined)
(label labels92 already defined)
(label labels93 already defined)
(label labels94 already defined)
(label labels95 already defined)
(label labels96 already defined)
(label labels97 already defined)
(label labels98 already defined)
(label labels99 already defined)
(label labels100 already defined)
(label labels101 already defined)
(label labels102 already defined)
(label labels103 already defined)
(label labels104 already defined)
(label labels105 already defined)
(label labels106 already defined)
(label labels107 already defined)
(label labels108 already defined)
(label labels109 already defined)
(label labels110 already defined)
(label labels111 already defined)
(label labels112 already defined)
(label labels113 already defined)
(label labels114 already defined)
(label labels115 already defined)
(label labels116 already defined)
(label labels117 already defined)
(label labels118 already defined)
(label labels119 already defined)
(label labels120 already defined)
(label labels121 already defined)
(label labels122 already defined)
(label labels123 already defined)
(label labels124 already defined)
(label labels125 already defined)
(label labels126 already defined)
(label labels127 already defined)
(label labels128 already defined)
(label labels129 already defined)
(label labels130 already defined)
(label labels131 already defined)
(label labels132 already defined)
(label labels133 already defined)
(label labels134 already defined)
(label labels135 already defined)

    Result                      Number of obs
    -----------------------------------------
    Not matched                     2,108,378
        from master                 2,108,378  
        from using                          0  

    Matched                            28,306
        not updated                         0  
        missing updated                28,306  
        nonmissing conflict                 0  
    -----------------------------------------
**************2024*******************
(label rama1 already defined)
(label grupo1 already defined)
(label empleo already defined)
(label condact already defined)
(label epobreza already defined)
(label pobreza already defined)
(label ingrl already defined)
(label sd01 already defined)
(label p78 already defined)
(label p77 already defined)
(label p76 already defined)
(label p75 already defined)
(label p74a already defined)
(label p73a already defined)
(label p72a already defined)
(label p71a already defined)
(label p70a already defined)
(label p68a already defined)
(label p64a already defined)
(label p58 already defined)
(label p57 already defined)
(label p56a already defined)
(label p55 already defined)
(label p54a already defined)
(label p54 already defined)
(label p53 already defined)
(label p52 already defined)
(label p51c already defined)
(label p51b already defined)
(label p51a already defined)
(label p50 already defined)
(label p49 already defined)
(label p48 already defined)
(label p47a already defined)
(label p46 already defined)
(label p45 already defined)
(label p44k already defined)
(label p44j already defined)
(label p44i already defined)
(label p44h already defined)
(label p44g already defined)
(label p44f already defined)
(label p44e already defined)
(label p44d already defined)
(label p44c already defined)
(label p44b already defined)
(label p44a already defined)
(label p43 already defined)
(label p42a already defined)
(label p42 already defined)
(label p41 already defined)
(label p40 already defined)
(label p39 already defined)
(label p38 already defined)
(label p37 already defined)
(label p36 already defined)
(label p35 already defined)
(label p34 already defined)
(label p33 already defined)
(label p32 already defined)
(label p31 already defined)
(label p30 already defined)
(label p29 already defined)
(label p28 already defined)
(label p27 already defined)
(label p26 already defined)
(label p25 already defined)
(label p24 already defined)
(label p23 already defined)
(label p22 already defined)
(label p21 already defined)
(label p20 already defined)
(label p15aa already defined)
(label p15 already defined)
(label p12b already defined)
(label p12a already defined)
(label p11 already defined)
(label p10a already defined)
(label p09 already defined)
(label p08 already defined)
(label p07 already defined)
(label p06 already defined)
(label p05b already defined)
(label p05a already defined)
(label p04 already defined)
(label p03 already defined)
(label p02 already defined)
(label area already defined)

    Result                      Number of obs
    -----------------------------------------
    Not matched                     2,109,074
        from master                 2,109,074  
        from using                          0  

    Matched                            27,610
        not updated                         0  
        missing updated                27,610  
        nonmissing conflict                 0  
    -----------------------------------------
**************2025*******************
(label labels0 already defined)
(label labels5 already defined)
(label labels6 already defined)
(label labels7 already defined)
(label labels8 already defined)
(label labels9 already defined)
(label labels10 already defined)
(label labels11 already defined)
(label labels12 already defined)
(label labels13 already defined)
(label labels14 already defined)
(label labels15 already defined)
(label labels16 already defined)
(label labels17 already defined)
(label labels18 already defined)
(label labels19 already defined)
(label labels20 already defined)
(label labels21 already defined)
(label labels22 already defined)
(label labels23 already defined)
(label labels24 already defined)
(label labels25 already defined)
(label labels26 already defined)
(label labels27 already defined)
(label labels28 already defined)
(label labels29 already defined)
(label labels30 already defined)
(label labels31 already defined)
(label labels32 already defined)
(label labels33 already defined)
(label labels34 already defined)
(label labels35 already defined)
(label labels36 already defined)
(label labels37 already defined)
(label labels38 already defined)
(label labels39 already defined)
(label labels40 already defined)
(label labels41 already defined)
(label labels42 already defined)
(label labels43 already defined)
(label labels44 already defined)
(label labels45 already defined)
(label labels46 already defined)
(label labels47 already defined)
(label labels48 already defined)
(label labels49 already defined)
(label labels50 already defined)
(label labels51 already defined)
(label labels52 already defined)
(label labels53 already defined)
(label labels54 already defined)
(label labels55 already defined)
(label labels56 already defined)
(label labels57 already defined)
(label labels58 already defined)
(label labels59 already defined)
(label labels60 already defined)
(label labels61 already defined)
(label labels62 already defined)
(label labels63 already defined)
(label labels64 already defined)
(label labels65 already defined)
(label labels66 already defined)
(label labels67 already defined)
(label labels68 already defined)
(label labels69 already defined)
(label labels70 already defined)
(label labels71 already defined)
(label labels72 already defined)
(label labels73 already defined)
(label labels74 already defined)
(label labels75 already defined)
(label labels76 already defined)
(label labels77 already defined)
(label labels78 already defined)
(label labels79 already defined)
(label labels80 already defined)
(label labels81 already defined)
(label labels82 already defined)
(label labels83 already defined)
(label labels84 already defined)
(label labels85 already defined)
(label labels86 already defined)
(label labels87 already defined)
(label labels88 already defined)
(label labels89 already defined)
(label labels90 already defined)
(label labels91 already defined)
(label labels92 already defined)
(label labels93 already defined)
(label labels94 already defined)
(label labels95 already defined)
(label labels96 already defined)
(label labels97 already defined)
(label labels98 already defined)
(label labels99 already defined)
(label labels100 already defined)
(label labels101 already defined)
(label labels102 already defined)
(label labels103 already defined)
(label labels104 already defined)
(label labels105 already defined)
(label labels106 already defined)
(label labels107 already defined)
(label labels108 already defined)
(label labels109 already defined)
(label labels110 already defined)
(label labels111 already defined)
(label labels112 already defined)
(label labels113 already defined)
(label labels114 already defined)
(label labels115 already defined)
(label labels116 already defined)
(label labels117 already defined)

    Result                      Number of obs
    -----------------------------------------
    Not matched                     2,108,876
        from master                 2,108,876  
        from using                          0  

    Matched                            27,808
        not updated                         0  
        missing updated                27,808  
        nonmissing conflict                 0  
    -----------------------------------------

. 
. replace condactn = condact if inrange(anio, 2018, 2025)
(291,947 real changes made)

. *replace ingrl = ing_lab if anio == 2009
. *drop ing_lab
. 
. merge 1:1 id_persona anio using "$raw/empleo2022.dta", ///
>         keepusing(fexp sexo edad provincia ingrl condact* `svyvars') ///
>         update replace nogen
(label labels0 already defined)
(label labels5 already defined)
(label labels6 already defined)
(label labels7 already defined)
(label labels8 already defined)
(label labels9 already defined)
(label labels10 already defined)
(label labels11 already defined)
(label labels12 already defined)
(label labels13 already defined)
(label labels14 already defined)
(label labels15 already defined)
(label labels16 already defined)
(label labels17 already defined)
(label labels18 already defined)
(label labels19 already defined)
(label labels20 already defined)
(label labels21 already defined)
(label labels22 already defined)
(label labels23 already defined)
(label labels24 already defined)
(label labels25 already defined)
(label labels26 already defined)
(label labels27 already defined)
(label labels28 already defined)
(label labels29 already defined)
(label labels30 already defined)
(label labels31 already defined)
(label labels32 already defined)
(label labels33 already defined)
(label labels34 already defined)
(label labels35 already defined)
(label labels36 already defined)
(label labels37 already defined)
(label labels38 already defined)
(label labels39 already defined)
(label labels40 already defined)
(label labels41 already defined)
(label labels42 already defined)
(label labels43 already defined)
(label labels44 already defined)
(label labels45 already defined)
(label labels46 already defined)
(label labels47 already defined)
(label labels48 already defined)
(label labels49 already defined)
(label labels50 already defined)
(label labels51 already defined)
(label labels52 already defined)
(label labels53 already defined)
(label labels54 already defined)
(label labels55 already defined)
(label labels56 already defined)
(label labels57 already defined)
(label labels58 already defined)
(label labels59 already defined)
(label labels60 already defined)
(label labels61 already defined)
(label labels62 already defined)
(label labels63 already defined)
(label labels64 already defined)
(label labels65 already defined)
(label labels66 already defined)
(label labels67 already defined)
(label labels68 already defined)
(label labels69 already defined)
(label labels70 already defined)
(label labels71 already defined)
(label labels72 already defined)
(label labels73 already defined)
(label labels74 already defined)
(label labels75 already defined)
(label labels76 already defined)
(label labels77 already defined)
(label labels78 already defined)
(label labels79 already defined)
(label labels80 already defined)
(label labels81 already defined)
(label labels82 already defined)
(label labels83 already defined)
(label labels84 already defined)
(label labels85 already defined)
(label labels86 already defined)
(label labels87 already defined)
(label labels88 already defined)
(label labels89 already defined)
(label labels90 already defined)
(label labels91 already defined)
(label labels92 already defined)
(label labels93 already defined)
(label labels94 already defined)
(label labels95 already defined)
(label labels96 already defined)
(label labels97 already defined)
(label labels98 already defined)
(label labels99 already defined)
(label labels100 already defined)
(label labels101 already defined)
(label labels102 already defined)
(label labels103 already defined)
(label labels104 already defined)
(label labels105 already defined)
(label labels106 already defined)
(label labels107 already defined)
(label labels108 already defined)
(label labels109 already defined)
(label labels110 already defined)
(label labels111 already defined)
(label labels112 already defined)
(label labels113 already defined)
(label labels114 already defined)
(label labels115 already defined)
(label labels116 already defined)
(label labels117 already defined)
(label labels118 already defined)
(label labels119 already defined)
(label labels120 already defined)
(label labels121 already defined)
(label labels122 already defined)
(label labels123 already defined)
(label labels124 already defined)
(label labels125 already defined)
(label labels126 already defined)
(label labels127 already defined)
(label labels128 already defined)
(label labels129 already defined)
(label labels130 already defined)
(label labels131 already defined)
(label labels132 already defined)
(label labels133 already defined)
(label labels134 already defined)
(label labels135 already defined)
(label labels136 already defined)
(label labels137 already defined)
(label labels138 already defined)
(label labels139 already defined)
(label labels140 already defined)
(label labels141 already defined)
(label labels142 already defined)
(label labels143 already defined)
(label labels144 already defined)
(label labels145 already defined)
(label labels146 already defined)
(label labels147 already defined)
(label labels148 already defined)

    Result                      Number of obs
    -----------------------------------------
    Not matched                     2,107,691
        from master                 2,107,691  
        from using                          0  

    Matched                            28,993
        not updated                    28,993  
        missing updated                     0  
        nonmissing conflict                 0  
    -----------------------------------------

. 
. 
. 
. /*
> 
> *label values condact  CONDACTN 
> 
> forval y = 2001(2)2025 {
>     merge 1:1 id_persona anio using "$ingpc/empleo`y'.dta", ///
>         keepusing(ingtot_per) update replace nogen
> }
> 
> */
. 
. *rename ingtot_per ingpc
. 
. 
. *recode tamano_armonizado (2 = 1) (1 = 0)
. 
. 
. *local vars affiliated adec adec_sim no_remunerado tamano_armonizado mi_pea tiene_ruc cuenta_propia cuenta_base condact*
. 
. * tiene_ruc2 era la versión anterior de la variable de RUC y ya no la genera
. * armonizacion_institucion_formal.do: pedirla aquí rompe el keep con r(111) en
. * cuanto se regenera historico_ruc.dta. La informalidad se calcula sobre
. * institucion_formal, que sí sigue en la lista.
. local vars affiliated adec adec_sim no_remunerado  tiene_ruc  institucion_formal mi_pea   condact* id_persona

. 
. 
. keep `vars' fexp sexo edad provincia educ_univ etnia_arm anio area ingrl rama1 ///
>           ciudad zona sector plan_muestreo ///
>           estrato_svy upm_svy estrato_str upm_str diseno_fuente 

.           
.           *estrato upm
.           
. replace area = 1 if area == .
(380,611 real changes made)

. 
. save "$bases_armonizadas/base_trabajo.dta", replace
file /Users/santiago/Library/CloudStorage/GoogleDrive-observatorio.pobreza@flacso.edu.ec/Mi unidad/Bases/ENEMDU/Procesadas/analisis informalidad/Santiago/base_trabajo.dta saved

. 
. * s   // stop de depuración: la base ya está guardada, pero el comando cortaba
. *        el do-file con r(199) y el master marcaba la armonización como fallida.
. /*
> s
> 
> 
> use "$bases_armonizadas/base_trabajo.dta", clear
> 
>         
> 
>         
>         
> local vars affiliated adec no_remunerado tamano_armonizado mi_pea tiene_ruc  cuenta_propia cuenta_base
> 
> 
> foreach var of local vars {
> 
> preserve
>     collapse (mean) `var' [iw = fexp] if anio != 2002, by(anio area)
>     list
>     format `var' %9.2f
>     keep if area == 1
>     rename `var' `var'_urb
>     tempfile urb
>     save `urb'
> restore
> 
> preserve
>     collapse (mean) `var' [iw = fexp]  if anio != 2002, by(anio)
>     format `var' %9.2f
>     rename `var' `var'_nac
>     merge 1:1 anio using `urb', nogen
>     list
> twoway (line `var'_nac anio  if anio >= 2000)  ///
>            (line `var'_urb anio), ///
>            legend(order(1 "Nacional" 2 "Urbano"))  ///
>            yscale(range(0 1)) ylabel(#5, format(%9.2f)) ///
>                    name(`var', replace)
> restore
> 
> graph export "$out_plot/historico_{`var'}.pdf", replace
> 
> 
> }
> 
> */
. 
. 
. 
. forval y = 1990/2025 {
  2.         
.         di "********* `y' *****************"
  3.          
.         describe ingrl* using "$raw/empleo`y'.dta"
  4.         
. }
********* 1990 *****************

Variable      Storage   Display    Value
    name         type    format    label      Variable label
----------------------------------------------------------------------------------------------------------------------------------------------------------------------------------------------------------------------------
ingrl           long    %12.0g                ingreso
********* 1991 *****************

Variable      Storage   Display    Value
    name         type    format    label      Variable label
----------------------------------------------------------------------------------------------------------------------------------------------------------------------------------------------------------------------------
ingrl           long    %12.0g                ingresos
********* 1992 *****************

Variable      Storage   Display    Value
    name         type    format    label      Variable label
----------------------------------------------------------------------------------------------------------------------------------------------------------------------------------------------------------------------------
ingrl           long    %12.0g                ingresos
********* 1993 *****************

Variable      Storage   Display    Value
    name         type    format    label      Variable label
----------------------------------------------------------------------------------------------------------------------------------------------------------------------------------------------------------------------------
ingrl           long    %12.0g                ingresos
********* 1994 *****************

Variable      Storage   Display    Value
    name         type    format    label      Variable label
----------------------------------------------------------------------------------------------------------------------------------------------------------------------------------------------------------------------------
ingrl           long    %12.0g                ingresos
********* 1995 *****************

Variable      Storage   Display    Value
    name         type    format    label      Variable label
----------------------------------------------------------------------------------------------------------------------------------------------------------------------------------------------------------------------------
ingrl           long    %12.0g                ingresos
********* 1996 *****************

Variable      Storage   Display    Value
    name         type    format    label      Variable label
----------------------------------------------------------------------------------------------------------------------------------------------------------------------------------------------------------------------------
ingrl           long    %12.0g                ingresos
********* 1997 *****************

Variable      Storage   Display    Value
    name         type    format    label      Variable label
----------------------------------------------------------------------------------------------------------------------------------------------------------------------------------------------------------------------------
ingrl           long    %12.0g                ingresos
********* 1998 *****************

Variable      Storage   Display    Value
    name         type    format    label      Variable label
----------------------------------------------------------------------------------------------------------------------------------------------------------------------------------------------------------------------------
ingrl           long    %12.0g                ingresos
********* 1999 *****************

Variable      Storage   Display    Value
    name         type    format    label      Variable label
----------------------------------------------------------------------------------------------------------------------------------------------------------------------------------------------------------------------------
ingrl           long    %12.0g                ingresos
********* 2000 *****************

Variable      Storage   Display    Value
    name         type    format    label      Variable label
----------------------------------------------------------------------------------------------------------------------------------------------------------------------------------------------------------------------------
ingrl           int     %8.0g                 ingresos
********* 2001 *****************

Variable      Storage   Display    Value
    name         type    format    label      Variable label
----------------------------------------------------------------------------------------------------------------------------------------------------------------------------------------------------------------------------
ingrl           int     %8.0g                 ingresos del trabajo
********* 2002 *****************

Variable      Storage   Display    Value
    name         type    format    label      Variable label
----------------------------------------------------------------------------------------------------------------------------------------------------------------------------------------------------------------------------
ingrl           int     %8.0g                 ingresos
ingrlh          int     %8.0g                 ingreso del hogar
ingrlper        float   %9.0g                 ingreso per capital
********* 2003 *****************

Variable      Storage   Display    Value
    name         type    format    label      Variable label
----------------------------------------------------------------------------------------------------------------------------------------------------------------------------------------------------------------------------
ingrl           int     %8.0g                 ingreso del trabajo
********* 2004 *****************

Variable      Storage   Display    Value
    name         type    format    label      Variable label
----------------------------------------------------------------------------------------------------------------------------------------------------------------------------------------------------------------------------
ingrl           int     %8.0g                 ingreso del trabajo
********* 2005 *****************

Variable      Storage   Display    Value
    name         type    format    label      Variable label
----------------------------------------------------------------------------------------------------------------------------------------------------------------------------------------------------------------------------
ingrl           int     %8.0g                 ingreso del trabajo
********* 2006 *****************

Variable      Storage   Display    Value
    name         type    format    label      Variable label
----------------------------------------------------------------------------------------------------------------------------------------------------------------------------------------------------------------------------
ingrl           long    %12.0g                ingreso del trabajo
********* 2007 *****************

Variable      Storage   Display    Value
    name         type    format    label      Variable label
----------------------------------------------------------------------------------------------------------------------------------------------------------------------------------------------------------------------------
ingrl           double  %6.0g      ingrl      Ingreso Laboral
********* 2008 *****************

Variable      Storage   Display    Value
    name         type    format    label      Variable label
----------------------------------------------------------------------------------------------------------------------------------------------------------------------------------------------------------------------------
ingrl           double  %6.0g      ingrl      Ingreso Laboral
********* 2009 *****************

Variable      Storage   Display    Value
    name         type    format    label      Variable label
----------------------------------------------------------------------------------------------------------------------------------------------------------------------------------------------------------------------------
ingrl           double  %6.0g      ingrl      Ingreso Laboral
********* 2010 *****************

Variable      Storage   Display    Value
    name         type    format    label      Variable label
----------------------------------------------------------------------------------------------------------------------------------------------------------------------------------------------------------------------------
ingrl           double  %6.0g      ingrl      Ingreso Laboral
ingrl_deflated  float   %9.0g                 
********* 2011 *****************

Variable      Storage   Display    Value
    name         type    format    label      Variable label
----------------------------------------------------------------------------------------------------------------------------------------------------------------------------------------------------------------------------
ingrl           double  %10.0g     ingrl      Ingreso Laboral
ingrl_deflated  float   %9.0g                 
********* 2012 *****************

Variable      Storage   Display    Value
    name         type    format    label      Variable label
----------------------------------------------------------------------------------------------------------------------------------------------------------------------------------------------------------------------------
ingrl           double  %10.0g     ingrl      Ingreso Laboral
ingrl_deflated  float   %9.0g                 
********* 2013 *****************

Variable      Storage   Display    Value
    name         type    format    label      Variable label
----------------------------------------------------------------------------------------------------------------------------------------------------------------------------------------------------------------------------
ingrl           double  %10.0g     ingrl      Ingreso Laboral
ingrl_deflated  float   %9.0g                 
********* 2014 *****************

Variable      Storage   Display    Value
    name         type    format    label      Variable label
----------------------------------------------------------------------------------------------------------------------------------------------------------------------------------------------------------------------------
ingrl           long    %6.0f      labels110
                                              Ingreso del trabajo
ingrl_deflated  float   %9.0g                 
********* 2015 *****************

Variable      Storage   Display    Value
    name         type    format    label      Variable label
----------------------------------------------------------------------------------------------------------------------------------------------------------------------------------------------------------------------------
ingrl           long    %6.0f      labels262
                                              Ingreso del trabajo
ingrl_deflated  float   %9.0g                 
********* 2016 *****************

Variable      Storage   Display    Value
    name         type    format    label      Variable label
----------------------------------------------------------------------------------------------------------------------------------------------------------------------------------------------------------------------------
ingrl           long    %6.0f      labels216
                                              Ingreso Laboral
ingrl_deflated  float   %9.0g                 
********* 2017 *****************

Variable      Storage   Display    Value
    name         type    format    label      Variable label
----------------------------------------------------------------------------------------------------------------------------------------------------------------------------------------------------------------------------
ingrl           long    %6.0f      labels129
                                              Ingreso del trabajo
ingrl_deflated  float   %9.0g                 
********* 2018 *****************

Variable      Storage   Display    Value
    name         type    format    label      Variable label
----------------------------------------------------------------------------------------------------------------------------------------------------------------------------------------------------------------------------
ingrl           long    %6.0f      labels103
                                              Ingreso del trabajo
ingrl_deflated  float   %9.0g                 
********* 2019 *****************

Variable      Storage   Display    Value
    name         type    format    label      Variable label
----------------------------------------------------------------------------------------------------------------------------------------------------------------------------------------------------------------------------
ingrl           long    %6.0f      labels114
                                              Ingreso Laboral
ingrl_deflated  float   %9.0g                 
********* 2020 *****************

Variable      Storage   Display    Value
    name         type    format    label      Variable label
----------------------------------------------------------------------------------------------------------------------------------------------------------------------------------------------------------------------------
ingrl           long    %8.0f      labels128
                                              Ingreso Laboral
ingrl_deflated  float   %9.0g                 
********* 2021 *****************

Variable      Storage   Display    Value
    name         type    format    label      Variable label
----------------------------------------------------------------------------------------------------------------------------------------------------------------------------------------------------------------------------
ingrl           long    %8.2f      labels103
                                              Ingreso Laboral
ingrl_deflated  float   %9.0g                 
********* 2022 *****************

Variable      Storage   Display    Value
    name         type    format    label      Variable label
----------------------------------------------------------------------------------------------------------------------------------------------------------------------------------------------------------------------------
ingrl           long    %8.2f      labels139
                                              Ingreso Laboral
ingrl_deflated  float   %9.0g                 
********* 2023 *****************

Variable      Storage   Display    Value
    name         type    format    label      Variable label
----------------------------------------------------------------------------------------------------------------------------------------------------------------------------------------------------------------------------
ingrl           long    %8.2f      labels126
                                              Ingreso Laboral
ingrl_deflated  float   %9.0g                 
********* 2024 *****************

Variable      Storage   Display    Value
    name         type    format    label      Variable label
----------------------------------------------------------------------------------------------------------------------------------------------------------------------------------------------------------------------------
ingrl           double  %10.0g     ingrl      Ingreso Laboral
ingrl_deflated  float   %9.0g                 
********* 2025 *****************

Variable      Storage   Display    Value
    name         type    format    label      Variable label
----------------------------------------------------------------------------------------------------------------------------------------------------------------------------------------------------------------------------
ingrl           long    %8.2f      labels108
                                              Ingreso Laboral
ingrl_deflated  float   %9.0g                 

. 
. 
. 
end of do-file

OK  merge_informal.do  ( 100.0 segundos)


------------------------------------------------------------------------------
>>> [informalidad] analisis_descriptivo.do   (21:51:42)
------------------------------------------------------------------------------

. *------------------------------------------------------------------*
. * Merge ENEMDU informality datasets by id_persona and anio
. *------------------------------------------------------------------*
. * MODIFICADO: Se agregan etiquetas de valor (value labels) en los
. *             años 2001, 2006, 2014, 2020 y 2025 en todos los
. *             gráficos de serie de tiempo.
. *------------------------------------------------------------------*
. 
. clear all

. set more off

. 
. * Definición de rutas globales para acceder a las bases de datos
. global user_root "/Users/santiago/Library/CloudStorage/GoogleDrive-observatorio.pobreza@flacso.edu.ec/Mi unidad"

. global bases "$user_root/Bases"

. global raw "$bases/ENEMDU/Procesadas/Armonizacion/Variables base/Mensuales"

. global salarios "$bases/Salarios"

. global variables_base "$user_root/Bases/ENEMDU/Procesadas/Armonizacion/Variables base/Mensuales"

. global bases_armonizadas "$user_root/Bases/ENEMDU/Procesadas/analisis informalidad/Santiago"

. global out_control "$user_root/Boletín 3/2. Armonización de variables/Gráficos de control"

. global out_results "$user_root/Boletín 3/4. Resultados/informalidad"

. 
. cap mkdir "$out_results"

. cap mkdir "$out_results/Graficos"

. cap mkdir "$out_results/Tablas"

. 
. * Definición de variables importantes para análisis
. global important_variable informal1

. global important_variable2 informal2

. global important_variable3 informal2_sim

. global important_variable4 informal1_sim

. 
. * Años en los que se mostrarán etiquetas de valor en los gráficos
. global label_years 2003 2006 2014 2020 2025

. 
. * Cargar base de datos de trabajo
. use "$bases/ENEMDU/Procesadas/analisis informalidad/Santiago/base_trabajo.dta", clear

. 
. * Generar obs de area antes del 2000
. replace area = 1 if area == .
(0 real changes made)

. 
. 
. * Definir lista de variables relevantes para análisis de informalidad
. local vars affiliated adec institucion_formal no_remunerado

. 
. * Generar tabulaciones de cada variable por año para control
. foreach var of local vars {
  2.     di "`var'"  
  3.     tab anio `var'
  4. }
affiliated

           |  Tenencia de seguro
           |     (armonizado)
      anio | No tiene   Tiene seg |     Total
-----------+----------------------+----------
      1990 |     9,144      4,891 |    14,035 
      1991 |    10,402      5,249 |    15,651 
      1992 |    10,329      5,535 |    15,864 
      1993 |    10,174      5,287 |    15,461 
      1994 |     9,917      5,192 |    15,109 
      1995 |     9,884      4,984 |    14,868 
      1996 |     9,483      5,310 |    14,793 
      1997 |     9,557      5,357 |    14,914 
      1998 |    11,330      5,162 |    16,492 
      1999 |    10,979      5,263 |    16,242 
      2000 |    19,939      6,091 |    26,030 
      2001 |    22,525      6,968 |    29,493 
      2002 |     7,380      2,925 |    10,305 
      2003 |    27,731      8,110 |    35,841 
      2004 |    30,624      8,962 |    39,586 
      2005 |    27,448      7,966 |    35,414 
      2006 |    29,506      8,663 |    38,169 
      2007 |    25,310      8,669 |    33,979 
      2008 |    24,532      9,194 |    33,726 
      2009 |    24,192      9,806 |    33,998 
      2010 |    24,044     11,188 |    35,232 
      2011 |    18,575     11,314 |    29,889 
      2012 |    19,013     12,780 |    31,793 
      2013 |    20,030     13,956 |    33,986 
      2014 |    29,015     22,241 |    51,256 
      2015 |    28,383     21,435 |    49,818 
      2016 |    30,638     21,821 |    52,459 
      2017 |    30,379     21,400 |    51,779 
      2018 |    15,935     12,262 |    28,197 
      2019 |    16,362     12,051 |    28,413 
      2020 |     8,715      5,693 |    14,408 
      2021 |     9,002      5,822 |    14,824 
      2022 |     8,250      5,767 |    14,017 
      2023 |     8,171      5,502 |    13,673 
      2024 |     8,009      5,418 |    13,427 
      2025 |     8,089      5,385 |    13,474 
-----------+----------------------+----------
     Total |   622,996    323,619 |   946,615 
adec

           |    Empleo adecuado
           | (umbral SBU vigente)
      anio |         0          1 |     Total
-----------+----------------------+----------
      1991 |     8,997      6,826 |    15,823 
      1992 |    11,042      4,944 |    15,986 
      1993 |    10,348      5,053 |    15,401 
      1994 |    11,090      4,052 |    15,142 
      1995 |     8,351      6,559 |    14,910 
      1996 |     7,701      7,320 |    15,021 
      1997 |     6,754      8,382 |    15,136 
      1998 |     8,548      8,313 |    16,861 
      1999 |     7,883      9,073 |    16,956 
      2000 |    14,615     11,327 |    25,942 
      2001 |    16,899     10,790 |    27,689 
      2002 |     4,474      5,955 |    10,429 
      2003 |    22,059     12,714 |    34,773 
      2004 |    24,309     13,484 |    37,793 
      2005 |    21,521     13,223 |    34,744 
      2006 |    22,345     13,924 |    36,269 
      2007 |    21,863     13,651 |    35,514 
      2008 |    21,138     14,314 |    35,452 
      2009 |    23,307     12,664 |    35,971 
      2010 |    22,203     14,701 |    36,904 
      2011 |    18,055     13,031 |    31,086 
      2012 |    19,203     13,831 |    33,034 
      2013 |    20,573     14,766 |    35,339 
      2014 |    30,042     23,098 |    53,140 
      2015 |    30,518     21,690 |    52,208 
      2016 |    34,597     20,306 |    54,903 
      2017 |    33,052     20,959 |    54,011 
      2018 |    17,509     11,748 |    29,257 
      2019 |    17,881     11,523 |    29,404 
      2020 |    10,283      4,984 |    15,267 
      2021 |     9,604      6,015 |    15,619 
      2022 |     8,458      6,175 |    14,633 
      2023 |     8,271      5,997 |    14,268 
      2024 |     8,304      5,695 |    13,999 
      2025 |     7,915      6,092 |    14,007 
-----------+----------------------+----------
     Total |   569,712    383,179 |   952,891 
institucion_formal

           |      Trabaja en
           |  institucion formal
      anio | No Instit  Instituci |     Total
-----------+----------------------+----------
      2001 |     7,677      6,099 |    13,776 
      2002 |     4,679      5,576 |    10,255 
      2003 |    18,787     11,344 |    30,131 
      2004 |    22,702     12,243 |    34,945 
      2005 |    19,079     11,699 |    30,778 
      2006 |    21,768     12,770 |    34,538 
      2007 |    16,745     12,289 |    29,034 
      2008 |    15,889     13,308 |    29,197 
      2009 |    16,164     12,974 |    29,138 
      2010 |    16,781     14,585 |    31,366 
      2011 |    13,609     12,651 |    26,260 
      2012 |    14,060     13,876 |    27,936 
      2013 |    15,359     14,447 |    29,806 
      2014 |    22,673     23,910 |    46,583 
      2015 |    21,912     23,569 |    45,481 
      2016 |    24,731     23,619 |    48,350 
      2017 |    23,911     24,399 |    48,310 
      2018 |    12,968     13,171 |    26,139 
      2019 |    13,039     13,170 |    26,209 
      2020 |     6,735      6,587 |    13,322 
      2021 |     6,412      7,593 |    14,005 
      2022 |     6,017      7,395 |    13,412 
      2023 |     6,251      6,947 |    13,198 
      2024 |     6,158      6,737 |    12,895 
      2025 |     5,911      6,869 |    12,780 
-----------+----------------------+----------
     Total |   360,017    317,827 |   677,844 
no_remunerado

           |     Trabajador no
           |      remunerado
           |     (armonizado)
      anio | Remunerad  Trabajado |     Total
-----------+----------------------+----------
      1990 |    13,366      1,039 |    14,405 
      1991 |    15,026      1,091 |    16,117 
      1992 |    15,514      1,178 |    16,692 
      1993 |    15,195      1,026 |    16,221 
      1994 |    14,795        994 |    15,789 
      1995 |    14,403      1,085 |    15,488 
      1996 |    14,693      1,083 |    15,776 
      1997 |    14,890        843 |    15,733 
      1998 |    16,569      1,241 |    17,810 
      1999 |    16,812      1,088 |    17,900 
      2000 |    23,834      3,454 |    27,288 
      2001 |    24,842      5,906 |    30,748 
      2002 |    24,238        561 |    24,799 
      2003 |    31,942      5,443 |    37,385 
      2004 |    33,804      7,328 |    41,132 
      2005 |    31,353      5,274 |    36,627 
      2006 |    31,826      7,578 |    39,404 
      2007 |    30,890      5,705 |    36,595 
      2008 |    31,038      4,744 |    35,782 
      2009 |    31,308      4,795 |    36,103 
      2010 |    32,486      4,530 |    37,016 
      2011 |    27,948      3,102 |    31,050 
      2012 |    29,360      3,612 |    32,972 
      2013 |    31,294      4,029 |    35,323 
      2014 |    46,223      7,521 |    53,744 
      2015 |    45,001      7,762 |    52,763 
      2016 |    46,307      9,844 |    56,151 
      2017 |    45,880      9,107 |    54,987 
      2018 |    25,387      4,051 |    29,438 
      2019 |    25,163      4,713 |    29,876 
      2020 |    12,787      2,554 |    15,341 
      2021 |    13,498      2,271 |    15,769 
      2022 |    12,962      1,692 |    14,654 
      2023 |    12,665      1,640 |    14,305 
      2024 |    12,443      1,534 |    13,977 
      2025 |    12,605      1,332 |    13,937 
-----------+----------------------+----------
     Total |   878,347    130,750 | 1,009,097 

. 
. 
. * Poner a todas las variables sobre el mismo denominador (ocupados en edad de trabajar)
. 
. keep if edad >= 15
(634,233 observations deleted)

. 
. foreach var of varlist affiliated adec* no_remunerado institucion_formal {
  2. *       cap gen `var'_a = `var'
. *       replace `var'_a = . if inrange(condact, 5, 8) & anio <= 2006
. *       replace `var'_a = . if inlist(condactn, 0, 7, 8, 9) & anio >= 2007
.         
.         replace `var' = . if inrange(condact, 5, 8) & anio <= 2006
  3.         replace `var' = . if inlist(condactn, 0, 7, 8, 9) & anio >= 2007
  4.         
. }
(0 real changes made)
(0 real changes made)
(11,266 real changes made, 11,266 to missing)
(25,668 real changes made, 25,668 to missing)
(11,266 real changes made, 11,266 to missing)
(25,668 real changes made, 25,668 to missing)
(22,185 real changes made, 22,185 to missing)
(16,210 real changes made, 16,210 to missing)
(475 real changes made, 475 to missing)
(0 real changes made)

. 
. 
. * ----------------------------------------------------------------
. * ANIOS EXCLUIDOS DE TODA LA SERIE: 2001 y 2002
. *   2002: muestra muy reducida frente a los anios vecinos.
. *   2001: la pregunta de RUC (pe51) solo se le hace a patronos y a
. *         cuenta propia. Entre los asalariados tiene dato el 0.7%,
. *         frente a 88-90% desde 2003 (2002 llega al 100%). Con la
. *         armonizacion corregida esos casos quedan en missing, asi que
. *         el indicador de 2001 se calculaba sobre un tercio de los
. *         ocupados, casi todos independientes: no es comparable.
. *         La serie con el criterio de RUC arranca entonces en 2003.
. * ----------------------------------------------------------------
. 
. * ============================================================
. **# INFORMALIDAD 1
. * ============================================================
. gen informal1 =  affiliated    == 0 | ///
>                                  adec               == 0 | ///
>                                  no_remunerado      == 1 

. replace informal1 = . if inlist(., affiliated, adec, no_remunerado)                              
(586,570 real changes made, 586,570 to missing)

. 
. * ============================================================
. **# INFORMALIDAD 1 SIM
. * ============================================================
. gen informal1_sim = ///
>                                   affiliated    == 0 | ///
>                                   adec_sim           == 0 | ///
>                                   no_remunerado      == 1 

. replace informal1_sim = . if inlist(., affiliated, adec_sim, no_remunerado)                              
(586,570 real changes made, 586,570 to missing)

. 
. * ============================================================
. **#  INFORMALIDAD 2
. * ============================================================
. gen informal2 =  affiliated    == 0 | ///
>                                  adec               == 0 | ///
>                                  no_remunerado      == 1 | ///
>                                  (institucion_formal == 0) 

. replace informal2 = . if inlist(., affiliated, adec,  institucion_formal, no_remunerado)
(833,700 real changes made, 833,700 to missing)

. 
. 
. 
. * ============================================================
. **#  INFORMALIDAD 2 SIM
. * ============================================================
. gen informal2_sim =  ///
>                                  affiliated        == 0 | ///
>                                  adec_sim               == 0 | ///
>                                  no_remunerado          == 1 | ///
>                                  (institucion_formal == 0) 

. replace informal2_sim = . if inlist(., affiliated, adec_sim,  institucion_formal, no_remunerado)
(833,700 real changes made, 833,700 to missing)

. 
. * ===============================================================
. **# INFORMALIDAD CON Y SIN RUC 
. * ===============================================================
. 
. preserve

.     collapse (mean) informal1 informal2 if !inlist(anio, 2001, 2002) [iw = fexp], by(anio)

.         export excel using "$out_results/Tablas/informal_con_y_sin_ruc.xlsx", replace firstrow(var)
file /Users/santiago/Library/CloudStorage/GoogleDrive-observatorio.pobreza@flacso.edu.ec/Mi unidad/Boletín 3/4. Resultados/informalidad/Tablas/informal_con_y_sin_ruc.xlsx saved

.     replace informal1 = informal1 * 100
(33 real changes made)

.     replace informal2 = informal2 * 100
(23 real changes made)

.     format informal1 %9.2f

.     format informal2 %9.2f

. 
.     * --- Etiquetas de valor solo en años seleccionados ---
.     gen lbl_informal1 = informal1 if inlist(anio, 2003, 2006, 2014, 2020, 2025)
(29 missing values generated)

.     gen lbl_informal2 = informal2 if inlist(anio, 2003, 2006, 2014, 2020, 2025)
(29 missing values generated)

.     format lbl_informal1 %9.1f

.     format lbl_informal2 %9.1f

. 
.     twoway (connected informal1 anio, lcolor(navy) mcolor(navy)) /// 
>                (connected informal2 anio if anio >= 2003, lcolor(maroon) mcolor(maroon)) ///
>                (scatter lbl_informal1 anio, msymbol(none) ///
>                     mlabel(lbl_informal1) mlabposition(12) mlabcolor(navy) mlabsize(small)) ///
>                (scatter lbl_informal2 anio if anio >= 2003, msymbol(none) ///
>                     mlabel(lbl_informal2) mlabposition(6) mlabcolor(maroon) mlabsize(small)), ///
>                    legend(order(1 "Informalidad sin criterio RUC" 2 "Informalidad con criterio RUC") position(6) ring(1)) ///
>            yscale(range(50 100)) ylabel(50(10)100, format(%9.0f)) ///
>            xscale(range(1990 2025)) xlabel(1990(2)2025, angle(90)) ///
>            ytitle("Informalidad (%)") ///
>            xtitle("") ///
>            xline(2000, lpattern(dash) lcolor(gray)) ///
>            name(informal_con_y_sin_ruc, replace)

.     graph export "$out_results/Graficos/informal_con_y_sin_ruc.png", replace width(3000)
file /Users/santiago/Library/CloudStorage/GoogleDrive-observatorio.pobreza@flacso.edu.ec/Mi unidad/Boletín 3/4. Resultados/informalidad/Graficos/informal_con_y_sin_ruc.png written in PNG format

. restore

. 
. 
. 
. *------------------------------------------------------------------*
. * Gráfico de serie de tiempo: Componentes de informal2
. *------------------------------------------------------------------*
. * Componentes de informal2:
. *   - affiliated == 0  (no afiliado al IESS)
. *   - adec == 0             (sin condiciones adecuadas)
. *   - no_remunerado == 1    (trabajador no remunerado)
. *   - tiene_ruc == 0        (no tiene RUC)
. *------------------------------------------------------------------*
. 
. * Generar variables dummy de cada componente (en %), respetando los missing
. gen     comp_no_iess     = (affiliated == 0) * 100 if !missing(affiliated)
(572,422 missing values generated)

. gen     comp_no_adec     = (adec == 0)             * 100 if !missing(adec)
(586,494 missing values generated)

. gen     comp_no_remun    = (no_remunerado == 1)    * 100 if !missing(no_remunerado)
(572,120 missing values generated)

. gen     comp_no_ruc      = (institucion_formal == 0)        * 100 if !missing(institucion_formal)
(833,690 missing values generated)

. 
. label var comp_no_iess  "No afiliado al IESS"

. label var comp_no_adec  "No tiene condiciones adecuadas (adec=0)"

. label var comp_no_remun "Trabajador no remunerado"

. label var comp_no_ruc   "No tiene RUC"

. 
. *------------------------------------------------------------------*
. * Colapsar por año usando el factor de expansión (fexp)
. * Si tu factor de expansión tiene otro nombre, reemplaza fexp por el
. * correspondiente (p. ej. fexp_pob, fac_expan, etc.)
. 
. * ===============================================================
. **# INFORMALIDAD  Y SUS COMPONENTES
. * ===============================================================
. 
. preserve

.     * El Grafico 1 es el unico lugar donde 2001 sobrevive. Los componentes de
.     * empleo no adecuado, trabajo no remunerado y falta de afiliacion se miden
.     * bien ese anio, asi que se muestran en el Panel B. Lo que no se puede usar
.     * es el RUC: en 2001 la pregunta solo se le hizo a patronos y cuenta propia,
.     * de modo que ese componente y la serie del Panel A, que lo incorpora, se
.     * dejan en missing. En el resto del script 2001 sigue excluido por completo.
.     collapse (mean) comp_no_adec comp_no_remun comp_no_iess comp_no_ruc ///
>              informal1 informal2 [iw=fexp] if anio != 2002, by(anio)

.     replace informal1 = informal1 * 100
(34 real changes made)

.     replace informal2 = informal2 * 100
(24 real changes made)

. 
.     replace comp_no_ruc = . if anio == 2001
(1 real change made, 1 to missing)

.     replace informal2   = . if anio == 2001
(1 real change made, 1 to missing)

. 
.     export excel using "$out_results/Tablas/Informalidad_y_componentes.xlsx", firstrow(var) replace
file /Users/santiago/Library/CloudStorage/GoogleDrive-observatorio.pobreza@flacso.edu.ec/Mi unidad/Boletín 3/4. Resultados/informalidad/Tablas/Informalidad_y_componentes.xlsx saved

. 
.     * Create a single combined series
.     gen informal_combined = informal1 if anio <= 1999
(26 missing values generated)

.     replace informal_combined = informal2 if anio >= 2000
(23 real changes made)

. 
.     * --- Etiquetas de valor solo en años seleccionados ---
.     gen lbl_inf_comb = informal_combined if inlist(anio, 1991, 1995, 1999, 2003, 2006, 2014, 2020, 2025)
(27 missing values generated)

.     gen lbl_no_iess  = comp_no_iess      if inlist(anio, 1991, 1995, 1999, 2003, 2006, 2014, 2020, 2025)
(27 missing values generated)

.     gen lbl_no_remun = comp_no_remun     if inlist(anio, 1991, 1995, 1999, 2003, 2006, 2014, 2020, 2025)
(27 missing values generated)

.     gen lbl_no_ruc   = comp_no_ruc       if inlist(anio, 1991, 1995, 1999, 2003, 2006, 2014, 2020, 2025)
(30 missing values generated)

.     format lbl_inf_comb lbl_no_iess lbl_no_remun lbl_no_ruc %9.1f

. 
.     twoway ///
>         (connected informal_combined anio, msymbol(O) lwidth(medium) lcolor(navy) mcolor(navy) msize(small)) ///
>         (scatteri 0 1999 100 1999, recast(line) lpattern(dash) lcolor(gs8) lwidth(thin)) ///
>         (scatter lbl_inf_comb anio, msymbol(none) mlabel(lbl_inf_comb) ///
>              mlabposition(12) mlabcolor(navy) mlabsize(small)), ///
>         ytitle("") xtitle("") ///
>         title("Panel A. Informalidad", size(medium)) ///
>         ylabel(0(20)100, angle(0) grid labsize(small)) ///
>         xlabel(1991(2)2025, angle(90) labsize(small)) ///
>         xscale(range(1990 2025)) ///
>         legend(off) graphregion(color(white)) plotregion(color(white)) scheme(s2color)

.     graph save "$out_results/Graficos/panel_informal.gph", replace
file /Users/santiago/Library/CloudStorage/GoogleDrive-observatorio.pobreza@flacso.edu.ec/Mi unidad/Boletín 3/4. Resultados/informalidad/Graficos/panel_informal.gph saved

. 
.     twoway ///
>         (connected comp_no_adec  anio, msymbol(O) lwidth(medium) lcolor(cranberry)  mcolor(cranberry)  msize(small)) ///
>         (connected comp_no_remun anio, msymbol(O) lwidth(medium) lcolor(teal)       mcolor(teal)       msize(small)) ///
>         (connected comp_no_iess  anio, msymbol(O) lwidth(medium) lcolor(navy)      mcolor(navy)      msize(small)) ///
>         (connected comp_no_ruc   anio, msymbol(O) lwidth(medium) lcolor(orange)     mcolor(orange)     msize(small)) ///
>         (scatteri 0 1999 100 1999, recast(line) lpattern(dash) lcolor(gs8) lwidth(thin)) ///
>         (scatter lbl_no_iess  anio, msymbol(none) mlabel(lbl_no_iess)  mlabposition(12) mlabcolor(navy)      mlabsize(vsmall)) ///
>         (scatter lbl_no_remun anio, msymbol(none) mlabel(lbl_no_remun) mlabposition(6)  mlabcolor(teal)      mlabsize(vsmall)) ///
>         (scatter lbl_no_ruc   anio, msymbol(none) mlabel(lbl_no_ruc)   mlabposition(6)  mlabcolor(orange)    mlabsize(vsmall)), ///
>         ytitle("") xtitle("") ///
>         title("Panel B. Componentes", size(medium)) ///
>         ylabel(0(20)100, angle(0) grid labsize(small)) ///
>         xlabel(1991(2)2025, angle(90) labsize(small)) ///
>         xscale(range(1990 2025)) ///
>                 legend(order(1 "No adecuado" 2 "No remunerado" 3 "No IESS" 4 "No RUC") ///
>                rows(1) size(small) position(6)) ///
>         graphregion(color(white)) plotregion(color(white)) scheme(s2color)

.     graph save "$out_results/Graficos/panel_componentes.gph", replace
file /Users/santiago/Library/CloudStorage/GoogleDrive-observatorio.pobreza@flacso.edu.ec/Mi unidad/Boletín 3/4. Resultados/informalidad/Graficos/panel_componentes.gph saved

. 
.     graph combine ///
>         "$out_results/Graficos/panel_informal.gph"     ///
>         "$out_results/Graficos/panel_componentes.gph", ///
>         cols(1) ycommon ///
>         note("Fuente: ENEMDU. Elaboración propia.") ///
>         graphregion(color(white)) ///
>                 name(inf_y_comps, replace)

.                 
.                 
.     graph export "$out_results/Graficos/Informalidad_y_componentes.png", replace height(1900)
file /Users/santiago/Library/CloudStorage/GoogleDrive-observatorio.pobreza@flacso.edu.ec/Mi unidad/Boletín 3/4. Resultados/informalidad/Graficos/Informalidad_y_componentes.png written in PNG format

.     graph export "$out_results/Graficos/Informalidad_y_componentes.pdf", replace
file /Users/santiago/Library/CloudStorage/GoogleDrive-observatorio.pobreza@flacso.edu.ec/Mi unidad/Boletín 3/4. Resultados/informalidad/Graficos/Informalidad_y_componentes.pdf saved as PDF format

. restore

. 
. 
. * ===============================================================
. **# INFORMALIDAD  Y SUS COMPONENTES POR SEXO
. * ===============================================================
. 
. 
. preserve

.     collapse (mean) comp_no_iess comp_no_adec comp_no_remun comp_no_ruc ///
>              informal1 informal2 [iw=fexp] if !inlist(anio, 2001, 2002), by(anio sexo) 

.                          
.     replace informal1 = informal1 * 100
(66 real changes made)

.     replace informal2 = informal2 * 100
(46 real changes made)

.     export excel using "$out_results/Tablas/Informalidad_y_componentes_sexo.xlsx", firstrow(var) replace
file /Users/santiago/Library/CloudStorage/GoogleDrive-observatorio.pobreza@flacso.edu.ec/Mi unidad/Boletín 3/4. Resultados/informalidad/Tablas/Informalidad_y_componentes_sexo.xlsx saved

. 
.     gen informal_combined = informal1 if anio <= 1999
(49 missing values generated)

.     replace informal_combined = informal2 if anio >= 2000
(46 real changes made)

. 
.     * --- Etiquetas de valor solo en años seleccionados ---
.     gen lbl_inf_comb = informal_combined if inlist(anio, 2003, 2006, 2014, 2020, 2025)
(57 missing values generated)

.     gen lbl_no_iess  = comp_no_iess      if inlist(anio, 2003, 2006, 2014, 2020, 2025)
(57 missing values generated)

.     gen lbl_no_adec  = comp_no_adec      if inlist(anio, 2003, 2006, 2014, 2020, 2025)
(57 missing values generated)

.     gen lbl_no_remun = comp_no_remun     if inlist(anio, 2003, 2006, 2014, 2020, 2025)
(57 missing values generated)

.     gen lbl_no_ruc   = comp_no_ruc       if inlist(anio, 2003, 2006, 2014, 2020, 2025)
(57 missing values generated)

.     format lbl_inf_comb lbl_no_iess lbl_no_adec lbl_no_remun lbl_no_ruc %9.1f

. 
.     * --- Panel A: Informalidad – Hombres ---
.     twoway ///
>         (connected informal_combined anio if sexo == 1, msymbol(O) lwidth(medium) lcolor(navy) mcolor(navy) msize(small)) ///
>         (scatteri 0 1999 100 1999, recast(line) lpattern(dash) lcolor(gs8) lwidth(thin)) ///
>         (scatter lbl_inf_comb anio if sexo == 1, msymbol(none) mlabel(lbl_inf_comb) ///
>              mlabposition(12) mlabcolor(navy) mlabsize(small)), ///
>         ytitle("") xtitle("") ///
>         title("Panel A. Informalidad – Hombres", size(medium)) ///
>         ylabel(0(20)100, angle(0) grid labsize(small)) ///
>         xlabel(1991(2)2025, angle(90) labsize(small)) ///
>         xscale(range(1990 2025)) ///
>         legend(off) graphregion(color(white)) plotregion(color(white)) scheme(s2color)

.     graph save "$out_results/Graficos/panel_informal_hombres.gph", replace
file /Users/santiago/Library/CloudStorage/GoogleDrive-observatorio.pobreza@flacso.edu.ec/Mi unidad/Boletín 3/4. Resultados/informalidad/Graficos/panel_informal_hombres.gph saved

. 
.     * --- Panel B: Informalidad – Mujeres ---
.     twoway ///
>         (connected informal_combined anio if sexo == 2, msymbol(O) lwidth(medium) lcolor(cranberry) mcolor(cranberry) msize(small)) ///
>         (scatteri 0 1999 100 1999, recast(line) lpattern(dash) lcolor(gs8) lwidth(thin)) ///
>         (scatter lbl_inf_comb anio if sexo == 2, msymbol(none) mlabel(lbl_inf_comb) ///
>              mlabposition(12) mlabcolor(cranberry) mlabsize(small)), ///
>         ytitle("") xtitle("") ///
>         title("Panel B. Informalidad – Mujeres", size(medium)) ///
>         ylabel(0(20)100, angle(0) grid labsize(small)) ///
>         xlabel(1991(2)2025, angle(90) labsize(small)) ///
>         xscale(range(1990 2025)) ///
>         legend(off) graphregion(color(white)) plotregion(color(white)) scheme(s2color)

.     graph save "$out_results/Graficos/panel_informal_mujeres.gph", replace
file /Users/santiago/Library/CloudStorage/GoogleDrive-observatorio.pobreza@flacso.edu.ec/Mi unidad/Boletín 3/4. Resultados/informalidad/Graficos/panel_informal_mujeres.gph saved

. 
.     * --- Panel C: Componentes – Hombres ---
.     twoway ///
>         (connected comp_no_adec  anio if sexo == 1, msymbol(O) lwidth(medium) lcolor(cranberry)  mcolor(cranberry)  msize(small)) ///
>         (connected comp_no_remun anio if sexo == 1, msymbol(O) lwidth(medium) lcolor(teal)       mcolor(teal)       msize(small)) ///
>         (connected comp_no_iess  anio if sexo == 1, msymbol(O) lwidth(medium) lcolor(navy)      mcolor(navy)      msize(small)) ///
>         (connected comp_no_ruc   anio if sexo == 1, msymbol(O) lwidth(medium) lcolor(orange)     mcolor(orange)     msize(small)) ///
>         (scatteri 0 1999 100 1999, recast(line) lpattern(dash) lcolor(gs8) lwidth(thin)) ///
>         (scatter lbl_no_iess  anio if sexo == 1, msymbol(none) mlabel(lbl_no_iess)  mlabposition(12) mlabcolor(navy)      mlabsize(vsmall)) ///
>         (scatter lbl_no_adec  anio if sexo == 1, msymbol(none) mlabel(lbl_no_adec)  mlabposition(12) mlabcolor(cranberry) mlabsize(vsmall)) ///
>         (scatter lbl_no_remun anio if sexo == 1, msymbol(none) mlabel(lbl_no_remun) mlabposition(6)  mlabcolor(teal)      mlabsize(vsmall)) ///
>         (scatter lbl_no_ruc   anio if sexo == 1, msymbol(none) mlabel(lbl_no_ruc)   mlabposition(6)  mlabcolor(orange)    mlabsize(vsmall)), ///
>         ytitle("") xtitle("") ///
>         title("Panel C. Componentes – Hombres", size(medium)) ///
>         ylabel(0(20)100, angle(0) grid labsize(small)) ///
>         xlabel(1991(2)2025, angle(90) labsize(small)) ///
>         xscale(range(1990 2025)) ///
>         legend(order(1 "No IESS" 2 "No adecuado" 3 "No remunerado" 4 "No RUC") ///
>                rows(1) size(small) position(6)) ///
>         graphregion(color(white)) plotregion(color(white)) scheme(s2color)

.     graph save "$out_results/Graficos/panel_componentes_hombres.gph", replace
file /Users/santiago/Library/CloudStorage/GoogleDrive-observatorio.pobreza@flacso.edu.ec/Mi unidad/Boletín 3/4. Resultados/informalidad/Graficos/panel_componentes_hombres.gph saved

. 
.     * --- Panel D: Componentes – Mujeres ---
.     twoway ///
>         (connected comp_no_iess  anio if sexo == 2, msymbol(O) lwidth(medium) lcolor(navy)      mcolor(navy)      msize(small)) ///
>         (connected comp_no_adec  anio if sexo == 2, msymbol(O) lwidth(medium) lcolor(cranberry)  mcolor(cranberry)  msize(small)) ///
>         (connected comp_no_remun anio if sexo == 2, msymbol(O) lwidth(medium) lcolor(teal)       mcolor(teal)       msize(small)) ///
>         (connected comp_no_ruc   anio if sexo == 2, msymbol(O) lwidth(medium) lcolor(orange)     mcolor(orange)     msize(small)) ///
>         (scatteri 0 1999 100 1999, recast(line) lpattern(dash) lcolor(gs8) lwidth(thin)) ///
>         (scatter lbl_no_iess  anio if sexo == 2, msymbol(none) mlabel(lbl_no_iess)  mlabposition(12) mlabcolor(navy)      mlabsize(vsmall)) ///
>         (scatter lbl_no_adec  anio if sexo == 2, msymbol(none) mlabel(lbl_no_adec)  mlabposition(12) mlabcolor(cranberry) mlabsize(vsmall)) ///
>         (scatter lbl_no_remun anio if sexo == 2, msymbol(none) mlabel(lbl_no_remun) mlabposition(6)  mlabcolor(teal)      mlabsize(vsmall)) ///
>         (scatter lbl_no_ruc   anio if sexo == 2, msymbol(none) mlabel(lbl_no_ruc)   mlabposition(6)  mlabcolor(orange)    mlabsize(vsmall)), ///
>         ytitle("") xtitle("") ///
>         title("Panel D. Componentes – Mujeres", size(medium)) ///
>         ylabel(0(20)100, angle(0) grid labsize(small)) ///
>         xlabel(1991(2)2025, angle(90) labsize(small)) ///
>         xscale(range(1990 2025)) ///
>         legend(order(1 "No IESS" 2 "No adecuado" 3 "No remunerado" 4 "No RUC") ///
>                rows(1) size(small) position(6)) ///
>         graphregion(color(white)) plotregion(color(white)) scheme(s2color) ///
>                 name(inf_y_comps_sexo, replace)

.                 
.                 
.     graph save "$out_results/Graficos/panel_componentes_mujeres.gph", replace
file /Users/santiago/Library/CloudStorage/GoogleDrive-observatorio.pobreza@flacso.edu.ec/Mi unidad/Boletín 3/4. Resultados/informalidad/Graficos/panel_componentes_mujeres.gph saved

. 
.     * --- Combine: 2x2 grid (men left, women right) ---
.     graph combine ///
>         "$out_results/Graficos/panel_informal_hombres.gph"     ///
>         "$out_results/Graficos/panel_informal_mujeres.gph"     ///
>         "$out_results/Graficos/panel_componentes_hombres.gph"  ///
>         "$out_results/Graficos/panel_componentes_mujeres.gph", ///
>         cols(2) ycommon ///
>         note("Fuente: ENEMDU. Elaboración propia.") ///
>         graphregion(color(white))

.     graph export "$out_results/Graficos/Informalidad_y_componentes_sexo.png", replace height(1900)
file /Users/santiago/Library/CloudStorage/GoogleDrive-observatorio.pobreza@flacso.edu.ec/Mi unidad/Boletín 3/4. Resultados/informalidad/Graficos/Informalidad_y_componentes_sexo.png written in PNG format

.     graph export "$out_results/Graficos/Informalidad_y_componentes_sexo.pdf", replace
file /Users/santiago/Library/CloudStorage/GoogleDrive-observatorio.pobreza@flacso.edu.ec/Mi unidad/Boletín 3/4. Resultados/informalidad/Graficos/Informalidad_y_componentes_sexo.pdf saved as PDF format

. restore

. 
. 
. * ===============================================================
. **# INFORMALIDAD  Y SUS COMPONENTES POR AREA
. * ===============================================================
. * Nota: antes de 2000 la ENEMDU es solo urbana (area == 1), por lo que
. *       las series rurales inician en 2000.
. 
. preserve

.     collapse (mean) comp_no_iess comp_no_adec comp_no_remun comp_no_ruc ///
>              informal1 informal2 [iw=fexp] if !inlist(anio, 2001, 2002), by(anio area)

. 
.     replace informal1 = informal1 * 100
(57 real changes made)

.     replace informal2 = informal2 * 100
(46 real changes made)

.     export excel using "$out_results/Tablas/Informalidad_y_componentes_area.xlsx", firstrow(var) replace
file /Users/santiago/Library/CloudStorage/GoogleDrive-observatorio.pobreza@flacso.edu.ec/Mi unidad/Boletín 3/4. Resultados/informalidad/Tablas/Informalidad_y_componentes_area.xlsx saved

. 
.     gen informal_combined = informal1 if anio <= 1999
(49 missing values generated)

.     replace informal_combined = informal2 if anio >= 2000
(46 real changes made)

. 
.     * --- Etiquetas de valor solo en años seleccionados ---
.     gen lbl_inf_comb = informal_combined if inlist(anio, 2003, 2006, 2014, 2020, 2025)
(48 missing values generated)

.     gen lbl_no_iess  = comp_no_iess      if inlist(anio, 2003, 2006, 2014, 2020, 2025)
(48 missing values generated)

.     gen lbl_no_adec  = comp_no_adec      if inlist(anio, 2003, 2006, 2014, 2020, 2025)
(48 missing values generated)

.     gen lbl_no_remun = comp_no_remun     if inlist(anio, 2003, 2006, 2014, 2020, 2025)
(48 missing values generated)

.     gen lbl_no_ruc   = comp_no_ruc       if inlist(anio, 2003, 2006, 2014, 2020, 2025)
(48 missing values generated)

.     format lbl_inf_comb lbl_no_iess lbl_no_adec lbl_no_remun lbl_no_ruc %9.1f

. 
.     * --- Panel A: Informalidad – Urbano ---
.     twoway ///
>         (connected informal_combined anio if area == 1, msymbol(O) lwidth(medium) lcolor(navy) mcolor(navy) msize(small)) ///
>         (scatteri 0 1999 100 1999, recast(line) lpattern(dash) lcolor(gs8) lwidth(thin)) ///
>         (scatter lbl_inf_comb anio if area == 1, msymbol(none) mlabel(lbl_inf_comb) ///
>              mlabposition(12) mlabcolor(navy) mlabsize(small)), ///
>         ytitle("") xtitle("") ///
>         title("Panel A. Informalidad – Urbano", size(medium)) ///
>         ylabel(0(20)100, angle(0) grid labsize(small)) ///
>         xlabel(1991(2)2025, angle(90) labsize(small)) ///
>         xscale(range(1990 2025)) ///
>         legend(off) graphregion(color(white)) plotregion(color(white)) scheme(s2color)

.     graph save "$out_results/Graficos/panel_informal_urbano.gph", replace
file /Users/santiago/Library/CloudStorage/GoogleDrive-observatorio.pobreza@flacso.edu.ec/Mi unidad/Boletín 3/4. Resultados/informalidad/Graficos/panel_informal_urbano.gph saved

. 
.     * --- Panel B: Informalidad – Rural ---
.     twoway ///
>         (connected informal_combined anio if area == 2, msymbol(O) lwidth(medium) lcolor(forest_green) mcolor(forest_green) msize(small)) ///
>         (scatteri 0 1999 100 1999, recast(line) lpattern(dash) lcolor(gs8) lwidth(thin)) ///
>         (scatter lbl_inf_comb anio if area == 2, msymbol(none) mlabel(lbl_inf_comb) ///
>              mlabposition(12) mlabcolor(forest_green) mlabsize(small)), ///
>         ytitle("") xtitle("") ///
>         title("Panel B. Informalidad – Rural", size(medium)) ///
>         ylabel(0(20)100, angle(0) grid labsize(small)) ///
>         xlabel(1991(2)2025, angle(90) labsize(small)) ///
>         xscale(range(1990 2025)) ///
>         legend(off) graphregion(color(white)) plotregion(color(white)) scheme(s2color)

.     graph save "$out_results/Graficos/panel_informal_rural.gph", replace
file /Users/santiago/Library/CloudStorage/GoogleDrive-observatorio.pobreza@flacso.edu.ec/Mi unidad/Boletín 3/4. Resultados/informalidad/Graficos/panel_informal_rural.gph saved

. 
.     * --- Panel C: Componentes – Urbano ---
.     twoway ///
>         (connected comp_no_iess  anio if area == 1, msymbol(O) lwidth(medium) lcolor(navy)      mcolor(navy)      msize(small)) ///
>         (connected comp_no_adec  anio if area == 1, msymbol(O) lwidth(medium) lcolor(cranberry) mcolor(cranberry) msize(small)) ///
>         (connected comp_no_remun anio if area == 1, msymbol(O) lwidth(medium) lcolor(teal)      mcolor(teal)      msize(small)) ///
>         (connected comp_no_ruc   anio if area == 1, msymbol(O) lwidth(medium) lcolor(orange)    mcolor(orange)    msize(small)) ///
>         (scatteri 0 1999 100 1999, recast(line) lpattern(dash) lcolor(gs8) lwidth(thin)) ///
>         (scatter lbl_no_iess  anio if area == 1, msymbol(none) mlabel(lbl_no_iess)  mlabposition(12) mlabcolor(navy)      mlabsize(vsmall)) ///
>         (scatter lbl_no_adec  anio if area == 1, msymbol(none) mlabel(lbl_no_adec)  mlabposition(12) mlabcolor(cranberry) mlabsize(vsmall)) ///
>         (scatter lbl_no_remun anio if area == 1, msymbol(none) mlabel(lbl_no_remun) mlabposition(6)  mlabcolor(teal)      mlabsize(vsmall)) ///
>         (scatter lbl_no_ruc   anio if area == 1, msymbol(none) mlabel(lbl_no_ruc)   mlabposition(6)  mlabcolor(orange)    mlabsize(vsmall)), ///
>         ytitle("") xtitle("") ///
>         title("Panel C. Componentes – Urbano", size(medium)) ///
>         ylabel(0(20)100, angle(0) grid labsize(small)) ///
>         xlabel(1991(2)2025, angle(90) labsize(small)) ///
>         xscale(range(1990 2025)) ///
>         legend(order(1 "No IESS" 2 "No adecuado" 3 "No remunerado" 4 "No RUC") ///
>                rows(1) size(small) position(6)) ///
>         graphregion(color(white)) plotregion(color(white)) scheme(s2color)

.     graph save "$out_results/Graficos/panel_componentes_urbano.gph", replace
file /Users/santiago/Library/CloudStorage/GoogleDrive-observatorio.pobreza@flacso.edu.ec/Mi unidad/Boletín 3/4. Resultados/informalidad/Graficos/panel_componentes_urbano.gph saved

. 
.     * --- Panel D: Componentes – Rural ---
.     twoway ///
>         (connected comp_no_iess  anio if area == 2, msymbol(O) lwidth(medium) lcolor(navy)      mcolor(navy)      msize(small)) ///
>         (connected comp_no_adec  anio if area == 2, msymbol(O) lwidth(medium) lcolor(cranberry) mcolor(cranberry) msize(small)) ///
>         (connected comp_no_remun anio if area == 2, msymbol(O) lwidth(medium) lcolor(teal)      mcolor(teal)      msize(small)) ///
>         (connected comp_no_ruc   anio if area == 2, msymbol(O) lwidth(medium) lcolor(orange)    mcolor(orange)    msize(small)) ///
>         (scatteri 0 1999 100 1999, recast(line) lpattern(dash) lcolor(gs8) lwidth(thin)) ///
>         (scatter lbl_no_iess  anio if area == 2, msymbol(none) mlabel(lbl_no_iess)  mlabposition(12) mlabcolor(navy)      mlabsize(vsmall)) ///
>         (scatter lbl_no_adec  anio if area == 2, msymbol(none) mlabel(lbl_no_adec)  mlabposition(12) mlabcolor(cranberry) mlabsize(vsmall)) ///
>         (scatter lbl_no_remun anio if area == 2, msymbol(none) mlabel(lbl_no_remun) mlabposition(6)  mlabcolor(teal)      mlabsize(vsmall)) ///
>         (scatter lbl_no_ruc   anio if area == 2, msymbol(none) mlabel(lbl_no_ruc)   mlabposition(6)  mlabcolor(orange)    mlabsize(vsmall)), ///
>         ytitle("") xtitle("") ///
>         title("Panel D. Componentes – Rural", size(medium)) ///
>         ylabel(0(20)100, angle(0) grid labsize(small)) ///
>         xlabel(1991(2)2025, angle(90) labsize(small)) ///
>         xscale(range(1990 2025)) ///
>         legend(order(1 "No IESS" 2 "No adecuado" 3 "No remunerado" 4 "No RUC") ///
>                rows(1) size(small) position(6)) ///
>         graphregion(color(white)) plotregion(color(white)) scheme(s2color) ///
>         name(inf_y_comps_area, replace)

. 
.     graph save "$out_results/Graficos/panel_componentes_rural.gph", replace
file /Users/santiago/Library/CloudStorage/GoogleDrive-observatorio.pobreza@flacso.edu.ec/Mi unidad/Boletín 3/4. Resultados/informalidad/Graficos/panel_componentes_rural.gph saved

. 
.     * --- Combine: 2x2 grid (urbano izquierda, rural derecha) ---
.     graph combine ///
>         "$out_results/Graficos/panel_informal_urbano.gph"     ///
>         "$out_results/Graficos/panel_informal_rural.gph"      ///
>         "$out_results/Graficos/panel_componentes_urbano.gph"  ///
>         "$out_results/Graficos/panel_componentes_rural.gph",  ///
>         cols(2) ycommon ///
>         note("Fuente: ENEMDU. Elaboración propia. Nota: la cobertura rural inicia en 2000.") ///
>         graphregion(color(white))

.     graph export "$out_results/Graficos/Informalidad_y_componentes_area.png", replace height(1900)
file /Users/santiago/Library/CloudStorage/GoogleDrive-observatorio.pobreza@flacso.edu.ec/Mi unidad/Boletín 3/4. Resultados/informalidad/Graficos/Informalidad_y_componentes_area.png written in PNG format

.     graph export "$out_results/Graficos/Informalidad_y_componentes_area.pdf", replace
file /Users/santiago/Library/CloudStorage/GoogleDrive-observatorio.pobreza@flacso.edu.ec/Mi unidad/Boletín 3/4. Resultados/informalidad/Graficos/Informalidad_y_componentes_area.pdf saved as PDF format

. restore

. 
. 
. 
. 
. *------------------------------------------------------------------*
. * Gráfico: Número de condiciones de informalidad cumplidas over time
. *------------------------------------------------------------------*
. * Contar cuántas condiciones de informalidad cumple cada persona
. * Condiciones: (1) no afiliado IESS, (2) no adec, (3) no remunerado, (4) no tiene RUC
. gen n_cond = (affiliated == 0) + (adec == 0) + (no_remunerado == 1) + (institucion_formal == 0) ///
>              if !missing(affiliated) & !missing(adec) & !missing(no_remunerado) & !missing(institucion_formal)
(833,700 missing values generated)

. * Generar dummies para cada número de condiciones (1, 2, 3, 4)
. forvalues i = 1/4 {
  2.     gen cond_`i' = (n_cond == `i') * 100 if !missing(n_cond)
  3. }
(833,700 missing values generated)
(833,700 missing values generated)
(833,700 missing values generated)
(833,700 missing values generated)

. label var cond_1 "1 condición"

. label var cond_2 "2 condiciones"

. label var cond_3 "3 condiciones"

. label var cond_4 "4 condiciones"

. 
. 
. * Colapsar por año
. preserve

. keep if inrange(anio, 2003, 2025)
(363,636 observations deleted)

.     collapse (mean) cond_1 cond_2 cond_3 cond_4 [iw=fexp] if !inlist(anio, 2001, 2002), by(anio)

.     export excel using "$out_results/Tablas/n_condiciones_informalidad.xlsx", firstrow(var) replace
file /Users/santiago/Library/CloudStorage/GoogleDrive-observatorio.pobreza@flacso.edu.ec/Mi unidad/Boletín 3/4. Resultados/informalidad/Tablas/n_condiciones_informalidad.xlsx saved

.     * --- Etiquetas de valor solo en años seleccionados ---
.     gen lbl_cond_1 = cond_1 if inlist(anio, 2003, 2006, 2014, 2020, 2025)
(18 missing values generated)

.     gen lbl_cond_2 = cond_2 if inlist(anio, 2003, 2006, 2014, 2020, 2025)
(18 missing values generated)

.     gen lbl_cond_3 = cond_3 if inlist(anio, 2003, 2006, 2014, 2020, 2025)
(18 missing values generated)

.     gen lbl_cond_4 = cond_4 if inlist(anio, 2003, 2006, 2014, 2020, 2025)
(18 missing values generated)

.     format lbl_cond_1 lbl_cond_2 lbl_cond_3 lbl_cond_4 %9.1f

.     twoway ///
>         (connected cond_1 anio, msymbol(O) lwidth(medium) lcolor(navy)      mcolor(navy)      msize(small)) ///
>         (connected cond_2 anio, msymbol(O) lwidth(medium) lcolor(cranberry)  mcolor(cranberry)  msize(small)) ///
>         (connected cond_3 anio, msymbol(O) lwidth(medium) lcolor(teal)       mcolor(teal)       msize(small)) ///
>         (connected cond_4 anio, msymbol(O) lwidth(medium) lcolor(orange)     mcolor(orange)     msize(small)) ///
>         (scatter lbl_cond_1 anio, msymbol(none) mlabel(lbl_cond_1) mlabposition(12) mlabcolor(navy)      mlabsize(vsmall)) ///
>         (scatter lbl_cond_2 anio, msymbol(none) mlabel(lbl_cond_2) mlabposition(6)  mlabcolor(cranberry) mlabsize(vsmall)) ///
>         (scatter lbl_cond_3 anio, msymbol(none) mlabel(lbl_cond_3) mlabposition(12) mlabcolor(teal)      mlabsize(vsmall)) ///
>         (scatter lbl_cond_4 anio, msymbol(none) mlabel(lbl_cond_4) mlabposition(6)  mlabcolor(orange)    mlabsize(vsmall)), ///
>         ytitle("Porcentaje de ocupados (%)") xtitle("") ///
>         ylabel(0(10)50, angle(0) grid labsize(small) format(%9.0f)) ///
>         yscale(range(0 50)) ///
>         xscale(range(2003 2025)) ///
>         xlabel(2003(2)2025, angle(90) labsize(small)) ///
>         legend(order(1 "1" 2 "2" 3 "3" 4 "4") ///
>                rows(1) size(small) position(6)) ///
>         graphregion(color(white)) plotregion(color(white)) scheme(s2color) ///
>         note("Fuente: ENEMDU. Elaboración propia.") ///
>         name(n_conds, replace)

.                 
.     graph export "$out_results/Graficos/n_condiciones_informalidad.png", replace width(3000)
file /Users/santiago/Library/CloudStorage/GoogleDrive-observatorio.pobreza@flacso.edu.ec/Mi unidad/Boletín 3/4. Resultados/informalidad/Graficos/n_condiciones_informalidad.png written in PNG format

. restore

.  
. 
. * ============================================================
. **# INFORMALIDAD POR AREA
. * ============================================================
. 
. *::::::::::::::::::::: SIN CRITERIO RUC :::::::::::::::::::::
. 
. /*
> preserve
>     collapse (mean) informal1 if !inlist(anio, 2001, 2002), by(anio area)
>     replace informal1 = informal1 * 100
>     list
>     format informal1 %9.2f
>     keep if area == 1
>     rename informal1 ${important_variable}_urb
>     tempfile urb
>     save `urb'
> restore
> 
> preserve
>     keep if anio >= 2003
>     collapse (mean) informal1  if !inlist(anio, 2001, 2002) [iw = fexp], by(anio area)
>     replace informal1 = informal1 * 100
>     list
>     format informal1 %9.2f
>     keep if area == 2
>     rename informal1 ${important_variable}_rural
>     tempfile rural
>     save `rural', replace
> restore
> 
> preserve
>     collapse (mean) informal1 if !inlist(anio, 2001, 2002), by(anio)
>     replace informal1 = informal1 * 100
>     format informal1 %9.2f
>     rename informal1 ${important_variable}_nac
>     merge 1:1 anio using `urb',   nogen
>     merge 1:1 anio using `rural', nogen
>     list
>     twoway (connected ${important_variable}_nac   anio, lcolor(navy)        mcolor(navy)) ///
>            (connected ${important_variable}_urb   anio if anio >= 2000, lcolor(maroon)      mcolor(maroon)) ///
>            (connected ${important_variable}_rural anio if anio >= 2000, lcolor(forest_green) mcolor(forest_green)), ///
>            legend(order(1 "Nacional" 2 "Urbano" 3 "Rural")) ///
>            yscale(range(50 100)) ylabel(50(10)100, format(%9.0f)) ///
>            ytitle("Informalidad (%)") ///
>            xscale(range(2003 2024)) xlabel(2003(3)2024) ///
>            name(informal1_nac_urb, replace)
>     graph export "$out_results/informal1_nac_urb.png", replace width(3000)
> restore
> 
> */
. 
. *::::::::::::::::::::: CON CRITERIO RUC :::::::::::::::::::::
. 
. preserve

.     keep if anio >= 2003
(363,636 observations deleted)

.     gen uno = 1

.     collapse (mean) informal2 (rawsum) N=uno [iw = fexp] if !inlist(anio, 2001, 2002), by(anio area)

.     export excel using "$out_results/Graficos/Informalidad_area.xlsx", firstrow(var) replace
file /Users/santiago/Library/CloudStorage/GoogleDrive-observatorio.pobreza@flacso.edu.ec/Mi unidad/Boletín 3/4. Resultados/informalidad/Graficos/Informalidad_area.xlsx saved

. 
.     * Compute standard errors and CI bounds
.     gen se      = sqrt((informal2 * (1 - informal2)) / N)

.     gen ub      = informal2 + 1.96 * se

.     gen lb      = informal2 - 1.96 * se

.     replace ub  = min(ub, 1)
(0 real changes made)

.     replace lb  = max(lb, 0)
(0 real changes made)

. 
.     * Scale to percentages
.     replace informal2 = informal2 * 100
(46 real changes made)

.     replace ub        = ub        * 100
(46 real changes made)

.     replace lb        = lb        * 100
(46 real changes made)

. 
.     * Reshape wide by area
.     reshape wide informal2 N se ub lb, i(anio) j(area)
(j = 1 2)

Data                               Long   ->   Wide
-----------------------------------------------------------------------------
Number of observations               46   ->   23          
Number of variables                   7   ->   11          
j variable (2 values)              area   ->   (dropped)
xij variables:
                              informal2   ->   informal21 informal22
                                      N   ->   N1 N2
                                     se   ->   se1 se2
                                     ub   ->   ub1 ub2
                                     lb   ->   lb1 lb2
-----------------------------------------------------------------------------

. 
.     * informal21 / ub1 / lb1 = Urban (area==1)
.     * informal22 / ub2 / lb2 = Rural (area==2)
. 
.     * Compute national series (population-weighted mean)
.     gen informal2_nac = (informal21 * N1 + informal22 * N2) / (N1 + N2)

.     gen N_nac         = N1 + N2

.     gen se_nac        = sqrt((informal2_nac/100 * (1 - informal2_nac/100)) / N_nac) * 100

.     gen ub_nac        = min(informal2_nac + 1.96 * se_nac, 100)

.     gen lb_nac        = max(informal2_nac - 1.96 * se_nac,   0)

. 
.     list anio informal2_nac informal21 informal22, sepby(anio)

     +---------------------------------------+
     | anio   inform~c   infor~21   infor~22 |
     |---------------------------------------|
  1. | 2003    83.4177   74.10835   94.90813 |
     |---------------------------------------|
  2. | 2004   83.86644   74.61746   95.07464 |
     |---------------------------------------|
  3. | 2005   83.27225   74.16788   94.81728 |
     |---------------------------------------|
  4. | 2006   83.40065   74.35975   94.55322 |
     |---------------------------------------|
  5. | 2007   81.82181   72.88007   93.35348 |
     |---------------------------------------|
  6. | 2008   80.04184   70.97182   91.94756 |
     |---------------------------------------|
  7. | 2009   79.85706   70.02033   92.44901 |
     |---------------------------------------|
  8. | 2010    76.3574   64.66801   90.87826 |
     |---------------------------------------|
  9. | 2011   72.68803   61.55801   88.19081 |
     |---------------------------------------|
 10. | 2012   71.70063   60.06092   87.22611 |
     |---------------------------------------|
 11. | 2013   69.58887   57.58961   84.61345 |
     |---------------------------------------|
 12. | 2014   66.22318   57.95424   79.01457 |
     |---------------------------------------|
 13. | 2015    67.0092   57.64611    81.6861 |
     |---------------------------------------|
 14. | 2016   69.58875   61.86189   81.86721 |
     |---------------------------------------|
 15. | 2017   70.74112    61.7291    85.1427 |
     |---------------------------------------|
 16. | 2018    72.0335   63.22689   87.15641 |
     |---------------------------------------|
 17. | 2019   73.50929   64.27172   88.90198 |
     |---------------------------------------|
 18. | 2020   77.97694   71.51882   89.58736 |
     |---------------------------------------|
 19. | 2021   75.25887   70.62231   87.97741 |
     |---------------------------------------|
 20. | 2022    73.7254   68.62545   88.38374 |
     |---------------------------------------|
 21. | 2023   74.51929   68.95621   90.24098 |
     |---------------------------------------|
 22. | 2024   75.76479   70.48486   90.36715 |
     |---------------------------------------|
 23. | 2025   75.03671   69.40274   91.02408 |
     +---------------------------------------+

. 
.     * --- Etiquetas de valor solo en años seleccionados ---
.     gen lbl_nac = informal2_nac if inlist(anio, 2003, 2006, 2014, 2020, 2025)
(18 missing values generated)

.     gen lbl_urb = informal21    if inlist(anio, 2003, 2006, 2014, 2020, 2025)
(18 missing values generated)

.     gen lbl_rur = informal22    if inlist(anio, 2003, 2006, 2014, 2020, 2025)
(18 missing values generated)

.     format lbl_nac lbl_urb lbl_rur %9.1f

. 
.     twoway ///
>         (connected informal2_nac anio,   sort lcolor(navy)         mcolor(navy)         lwidth(medium)) ///
>         (connected informal21 anio,  sort lcolor(maroon)       mcolor(maroon)       lwidth(medium)) ///
>         (connected informal22 anio,  sort lcolor(forest_green) mcolor(forest_green) lwidth(medium)) ///
>         (scatter lbl_nac anio, msymbol(none) mlabel(lbl_nac) mlabposition(6)  mlabcolor(navy)         mlabsize(vsmall)) ///
>         (scatter lbl_urb anio, msymbol(none) mlabel(lbl_urb) mlabposition(12) mlabcolor(maroon)       mlabsize(vsmall)) ///
>         (scatter lbl_rur anio, msymbol(none) mlabel(lbl_rur) mlabposition(6)  mlabcolor(forest_green) mlabsize(vsmall)), ///
>         legend(order(1 "Nacional" 2 "Urbano" 3 "Rural") position(6) rows(1) size(small)) ///
>         yscale(range(50 100)) ylabel(50(10)100, format(%9.0f)) ///
>         ytitle("Informalidad (%)") ///
>         xtitle("") ///
>         xscale(range(2003 2024)) xlabel(2003(3)2024, angle(90)) ///
>         graphregion(color(white)) ///
>         name(informal2_area, replace)

.                 
.     graph export "$out_results/informal2_area.png", replace width(3000)
file /Users/santiago/Library/CloudStorage/GoogleDrive-observatorio.pobreza@flacso.edu.ec/Mi unidad/Boletín 3/4. Resultados/informalidad/informal2_area.png written in PNG format

. restore

. 
. * ============================================================
. **# GRÁFICOS DESAGREGADOS POR GÉNERO
. * ============================================================
. 
. preserve

.     keep if anio >= 2003
(363,636 observations deleted)

.     gen uno = 1

.     collapse (mean) informal2 (rawsum) N=uno [iw = fexp] if !inlist(anio, 2001, 2002), by(anio sexo)

.     export excel using "$out_results/Tablas/Informalidad_genero.xlsx", firstrow(var) replace
file /Users/santiago/Library/CloudStorage/GoogleDrive-observatorio.pobreza@flacso.edu.ec/Mi unidad/Boletín 3/4. Resultados/informalidad/Tablas/Informalidad_genero.xlsx saved

. 
.     reshape wide informal2 N, i(anio) j(sexo)
(j = 1 2)

Data                               Long   ->   Wide
-----------------------------------------------------------------------------
Number of observations               46   ->   23          
Number of variables                   4   ->   5           
j variable (2 values)              sexo   ->   (dropped)
xij variables:
                              informal2   ->   informal21 informal22
                                      N   ->   N1 N2
-----------------------------------------------------------------------------

.     gen se_h = sqrt((informal21*(1-informal21))/N1)

.     gen se_m = sqrt((informal22*(1-informal22))/N2)

.     gen ub_h = informal21 + 1.96*se_h

.     gen lb_h = informal21 - 1.96*se_h

.     gen ub_m = informal22 + 1.96*se_m

.     gen lb_m = informal22 - 1.96*se_m

.     replace ub_h = min(ub_h,1)
(0 real changes made)

.     replace lb_h = max(lb_h,0)
(0 real changes made)

.     replace ub_m = min(ub_m,1)
(0 real changes made)

.     replace lb_m = max(lb_m,0)
(0 real changes made)

.     list anio informal21 se_h ub_h lb_h informal22 se_m ub_m lb_m, sepby(anio)

     +----------------------------------------------------------------------------------------------+
     | anio   infor~21       se_h       ub_h       lb_h   infor~22       se_m       ub_m       lb_m |
     |----------------------------------------------------------------------------------------------|
  1. | 2003   .8053001   .0024398    .810082   .8005182   .8219411    .002321   .8264902   .8173919 |
     |----------------------------------------------------------------------------------------------|
  2. | 2004   .8095456   .0023964   .8142426   .8048487   .8298326    .002244   .8342308   .8254344 |
     |----------------------------------------------------------------------------------------------|
  3. | 2005   .8116257   .0024391   .8164063    .806845   .8115632   .0024095   .8162857   .8068407 |
     |----------------------------------------------------------------------------------------------|
  4. | 2006   .8088842   .0024476   .8136816   .8040868   .8201629   .0023459   .8247609   .8155649 |
     |----------------------------------------------------------------------------------------------|
  5. | 2007   .7885563   .0025648   .7935833   .7835292   .8057334    .002431   .8104981   .8009688 |
     |----------------------------------------------------------------------------------------------|
  6. | 2008   .7699959   .0026023   .7750964   .7648953   .7854859    .002455   .7902977    .780674 |
     |----------------------------------------------------------------------------------------------|
  7. | 2009   .7681115   .0025605   .7731301   .7630928   .7783165   .0024589   .7831358   .7734972 |
     |----------------------------------------------------------------------------------------------|
  8. | 2010    .734874   .0025936   .7399575   .7297904   .7253799     .00257   .7304171   .7203428 |
     |----------------------------------------------------------------------------------------------|
  9. | 2011   .6874374    .002962    .693243   .6816317   .7134317   .0028081   .7189355   .7079279 |
     |----------------------------------------------------------------------------------------------|
 10. | 2012   .6824152   .0028734    .688047   .6767834   .6909208   .0027693   .6963485    .685493 |
     |----------------------------------------------------------------------------------------------|
 11. | 2013   .6553273   .0028503   .6609139   .6497406   .6669013   .0027728    .672336   .6614666 |
     |----------------------------------------------------------------------------------------------|
 12. | 2014   .6261196   .0024407   .6309034   .6213357   .6800905   .0022881   .6845753   .6756058 |
     |----------------------------------------------------------------------------------------------|
 13. | 2015   .6336008   .0024736    .638449   .6287526   .6788211   .0023296   .6833871   .6742552 |
     |----------------------------------------------------------------------------------------------|
 14. | 2016   .6581806   .0024012    .662887   .6534742   .7228069   .0021998   .7271184   .7184953 |
     |----------------------------------------------------------------------------------------------|
 15. | 2017   .6668253   .0024095    .671548   .6621026   .7324799   .0021927   .7367776   .7281823 |
     |----------------------------------------------------------------------------------------------|
 16. | 2018   .6963944   .0031166    .702503   .6902859   .7380009    .002906   .7436967    .732305 |
     |----------------------------------------------------------------------------------------------|
 17. | 2019   .7088389   .0030729   .7148618   .7028161   .7545084   .0028241   .7600435   .7489733 |
     |----------------------------------------------------------------------------------------------|
 18. | 2020   .7618769   .0039901   .7696975   .7540562    .799697   .0036467   .8068446   .7925494 |
     |----------------------------------------------------------------------------------------------|
 19. | 2021   .7453399   .0041485   .7534709   .7372088   .7966626   .0036488   .8038144   .7895109 |
     |----------------------------------------------------------------------------------------------|
 20. | 2022   .7436269   .0042073   .7518733   .7353805   .7755716   .0038298   .7830781   .7680652 |
     |----------------------------------------------------------------------------------------------|
 21. | 2023   .7517111   .0042363   .7600142   .7434079   .7844415    .003793   .7918759   .7770072 |
     |----------------------------------------------------------------------------------------------|
 22. | 2024   .7667105   .0041798   .7749029    .758518   .7930149   .0037389    .800343   .7856867 |
     |----------------------------------------------------------------------------------------------|
 23. | 2025   .7690927   .0041096   .7771476   .7610378   .7716556   .0038792   .7792589   .7640523 |
     +----------------------------------------------------------------------------------------------+

.     gen diff    = informal21 - informal22

.     gen se_diff = sqrt(se_h^2 + se_m^2)

.     gen z       = diff / se_diff

.     gen p_value = 2 * normal(-abs(z))

.     gen diff_sig = p_value < 0.05

.     list anio diff p_value if diff_sig, noobs

  +-----------------------------+
  | anio        diff    p_value |
  |-----------------------------|
  | 2003    -.016641   7.74e-07 |
  | 2004    -.020287   6.44e-10 |
  | 2006   -.0112787   .0008787 |
  | 2007   -.0171772   1.17e-06 |
  | 2008     -.01549   .0000149 |
  |-----------------------------|
  | 2009    -.010205   .0040444 |
  | 2010     .009494   .0093175 |
  | 2011   -.0259944   1.91e-10 |
  | 2012   -.0085056   .0330571 |
  | 2013    -.011574   .0036076 |
  |-----------------------------|
  | 2014    -.053971          0 |
  | 2015   -.0452204          0 |
  | 2016   -.0646263          0 |
  | 2017   -.0656546          0 |
  | 2018   -.0416064   1.61e-22 |
  |-----------------------------|
  | 2019   -.0456694   7.19e-28 |
  | 2020   -.0378201   2.62e-12 |
  | 2021   -.0513228   1.55e-20 |
  | 2022   -.0319448   1.97e-08 |
  | 2023   -.0327305   8.61e-09 |
  |-----------------------------|
  | 2024   -.0263044   2.73e-06 |
  +-----------------------------+

.     replace informal21 = informal21 * 100
(23 real changes made)

.     replace informal22 = informal22 * 100
(23 real changes made)

.     replace ub_h = ub_h * 100
(23 real changes made)

.     replace lb_h = lb_h * 100
(23 real changes made)

.     replace ub_m = ub_m * 100
(23 real changes made)

.     replace lb_m = lb_m * 100
(23 real changes made)

. 
.     * --- Etiquetas de valor solo en años seleccionados ---
.     gen lbl_h = informal21 if inlist(anio, 2003, 2006, 2014, 2020, 2025)
(18 missing values generated)

.     gen lbl_m = informal22 if inlist(anio, 2003, 2006, 2014, 2020, 2025)
(18 missing values generated)

.     format lbl_h lbl_m %9.1f

. 
.     twoway ///
>         (connected informal21 anio, sort lcolor(navy) mcolor(navy) lwidth(medium)) ///
>         (connected informal22 anio, sort lcolor(maroon) mcolor(maroon) lwidth(medium)) ///
>         (scatter lbl_h anio, msymbol(none) mlabel(lbl_h) mlabposition(6)  mlabcolor(navy)   mlabsize(vsmall)) ///
>         (scatter lbl_m anio, msymbol(none) mlabel(lbl_m) mlabposition(12) mlabcolor(maroon) mlabsize(vsmall)), ///
>         legend(order(1 "Hombre" 2 "Mujer") position(6) rows(1) size(small)) ///
>         xlabel(2003(2)2025, angle(90)) ///
>         ylabel(50(10)100, format(%9.0f)) ///
>         ytitle("Informalidad (%)") ///
>         yscale(range(50 100)) ///
>                 xtitle("") ///
>         graphregion(color(white)) ///
>         name(informal2_sexo, replace)

.     graph export "$out_results/Graficos/informal2_sexo.png", replace width(3000)
file /Users/santiago/Library/CloudStorage/GoogleDrive-observatorio.pobreza@flacso.edu.ec/Mi unidad/Boletín 3/4. Resultados/informalidad/Graficos/informal2_sexo.png written in PNG format

. restore

. 
.          
. * ============================================================
. **# GRÁFICO DE BARRAS: INFORMALIDAD POR PROVINCIA EN 2024
. * ============================================================
. 
.         encode provincia, gen(provincia_enc)

.         drop provincia

.         rename provincia_enc provincia

. 
.         capture label define provincia_lbl ///
>                 01 "Azuay" ///
>                 02 "Bolívar" ///
>                 03 "Cañar" ///
>                 04 "Carchi" ///
>                 05 "Cotopaxi" ///
>                 06 "Chimborazo" ///
>                 07 "El Oro" ///
>                 08 "Esmeraldas" ///
>                 09 "Guayas" ///
>                 10 "Imbabura" ///
>                 11 "Loja" ///
>                 12 "Los Ríos" ///
>                 13 "Manabí" ///
>                 14 "Morona Santiago" ///
>                 15 "Napo" ///
>                 16 "Pastaza" ///
>                 17 "Pichincha" ///
>                 18 "Tungurahua" ///
>                 19 "Zamora Chinchipe" ///
>                 20 "Galápagos" ///
>                 21 "Sucumbíos" ///
>                 22 "Orellana" ///
>                 23 "Santo Domingo de los Tsáchilas" ///
>                 24 "Santa Elena" ///
>                 90 "Zonas no delimitadas"

.         label values provincia provincia_lbl

. 
.         preserve

.     keep if anio == 2025
(1,480,227 observations deleted)

.     gen uno = 1

.     collapse (mean) informal2 (sum) N=uno [iw = fexp] if !inlist(anio, 2001, 2002), by(provincia)

.     gen se = sqrt((informal2*(1-informal2))/N)

.     gen ub = informal2 + 1.96*se

.     gen lb = informal2 - 1.96*se

.     replace ub = min(ub,1)
(0 real changes made)

.     replace lb = max(lb,0)
(0 real changes made)

.     gsort -informal2

.         list provincia informal2 se ub lb, sepby(provincia)

     +----------------------------------------------------------------------------+
     |                      provincia   inform~2         se         ub         lb |
     |----------------------------------------------------------------------------|
  1. |                           Napo   .9505767   .0004983   .9515533   .9496001 |
     |----------------------------------------------------------------------------|
  2. |                       Orellana   .9483044   .0003418   .9489743   .9476344 |
     |----------------------------------------------------------------------------|
  3. |                Morona Santiago   .9394141   .0002992   .9400005   .9388277 |
     |----------------------------------------------------------------------------|
  4. |               Zamora Chinchipe   .9268789   .0005609   .9279782   .9257796 |
     |----------------------------------------------------------------------------|
  5. |                       Cotopaxi    .839653   .0007342    .841092    .838214 |
     |----------------------------------------------------------------------------|
  6. |                          Cañar    .831155   .0008053   .8327333   .8295767 |
     |----------------------------------------------------------------------------|
  7. |                         Manabí   .8295272   .0003471   .8302075   .8288469 |
     |----------------------------------------------------------------------------|
  8. |                    Santa Elena   .8253587   .0006159    .826566   .8241515 |
     |----------------------------------------------------------------------------|
  9. |                        Bolívar   .8196947   .0011913   .8220296   .8173598 |
     |----------------------------------------------------------------------------|
 10. |                     Tungurahua   .8125045   .0006639   .8138058   .8112033 |
     |----------------------------------------------------------------------------|
 11. |                      Sucumbíos   .7898175   .0010167   .7918103   .7878247 |
     |----------------------------------------------------------------------------|
 12. |                        Pastaza   .7874321   .0014087   .7901932   .7846709 |
     |----------------------------------------------------------------------------|
 13. |                     Esmeraldas   .7830107   .0005204   .7840307   .7819906 |
     |----------------------------------------------------------------------------|
 14. |                       Los Ríos   .7762811   .0005094   .7772796   .7752826 |
     |----------------------------------------------------------------------------|
 15. |                           Loja   .7752485   .0007728   .7767631   .7737339 |
     |----------------------------------------------------------------------------|
 16. |                         Carchi    .770373   .0012368   .7727972   .7679489 |
     |----------------------------------------------------------------------------|
 17. |                       Imbabura   .7580413   .0007977   .7596048   .7564778 |
     |----------------------------------------------------------------------------|
 18. |                     Chimborazo   .7511426   .0009018   .7529101    .749375 |
     |----------------------------------------------------------------------------|
 19. | Santo Domingo de los Tsáchilas    .747507    .000744   .7489651   .7460488 |
     |----------------------------------------------------------------------------|
 20. |                         Guayas   .7266162   .0002285    .727064   .7261684 |
     |----------------------------------------------------------------------------|
 21. |                         El Oro   .7194832   .0006478    .720753   .7182134 |
     |----------------------------------------------------------------------------|
 22. |                          Azuay   .7092322   .0006981   .7106004    .707864 |
     |----------------------------------------------------------------------------|
 23. |                      Pichincha   .6197021   .0003407   .6203698   .6190344 |
     |----------------------------------------------------------------------------|
 24. |                      Galápagos   .4712217   .0043328    .479714   .4627295 |
     +----------------------------------------------------------------------------+

.     sum se

    Variable |        Obs        Mean    Std. dev.       Min        Max
-------------+---------------------------------------------------------
          se |         24    .0008422    .0008027   .0002285   .0043328

. 
.         local ref_cod = 17

.         sum informal2 if provincia == `ref_cod', meanonly

.         local ref_mean = r(mean)

.         sum se if provincia == `ref_cod', meanonly

.         local ref_se = r(mean)

.         di "Comparando con provincia código `ref_cod' (tasa = `ref_mean')"
Comparando con provincia código 17 (tasa = .6197021007537842)

.         gen diff_vs_ref    = .
(24 missing values generated)

.         gen se_diff_vs_ref = .
(24 missing values generated)

.         gen p_vs_ref       = .
(24 missing values generated)

.         gen sig_vs_ref     = .
(24 missing values generated)

.         foreach prov in 1 2 3 4 5 6 7 8 9 10 11 12 13 14 15 16 17 18 19 20 21 22 23 24 90 {
  2.                 if `prov' != `ref_cod' {
  3.                         sum informal2 if provincia == `prov', meanonly
  4.                         local prov_mean = r(mean)
  5.                         sum se if provincia == `prov', meanonly
  6.                         local prov_se = r(mean)
  7.                         local diff    = `prov_mean' - `ref_mean'
  8.                         local se_diff = sqrt(`prov_se'^2 + `ref_se'^2)
  9.                         local z       = `diff' / `se_diff'
 10.                         local p       = 2 * normal(-abs(`z'))
 11.                         replace diff_vs_ref    = `diff'       if provincia == `prov'
 12.                         replace se_diff_vs_ref = `se_diff'    if provincia == `prov'
 13.                         replace p_vs_ref       = `p'          if provincia == `prov'
 14.                         replace sig_vs_ref     = (`p' < 0.05) if provincia == `prov'
 15.                 }
 16.         }
(1 real change made)
(1 real change made)
(1 real change made)
(1 real change made)
(1 real change made)
(1 real change made)
(1 real change made)
(1 real change made)
(1 real change made)
(1 real change made)
(1 real change made)
(1 real change made)
(1 real change made)
(1 real change made)
(1 real change made)
(1 real change made)
(1 real change made)
(1 real change made)
(1 real change made)
(1 real change made)
(1 real change made)
(1 real change made)
(1 real change made)
(1 real change made)
(1 real change made)
(1 real change made)
(1 real change made)
(1 real change made)
(1 real change made)
(1 real change made)
(1 real change made)
(1 real change made)
(1 real change made)
(1 real change made)
(1 real change made)
(1 real change made)
(1 real change made)
(1 real change made)
(1 real change made)
(1 real change made)
(1 real change made)
(1 real change made)
(1 real change made)
(1 real change made)
(1 real change made)
(1 real change made)
(1 real change made)
(1 real change made)
(1 real change made)
(1 real change made)
(1 real change made)
(1 real change made)
(1 real change made)
(1 real change made)
(1 real change made)
(1 real change made)
(1 real change made)
(1 real change made)
(1 real change made)
(1 real change made)
(1 real change made)
(1 real change made)
(1 real change made)
(1 real change made)
(1 real change made)
(1 real change made)
(1 real change made)
(1 real change made)
(1 real change made)
(1 real change made)
(1 real change made)
(1 real change made)
(1 real change made)
(1 real change made)
(1 real change made)
(1 real change made)
(1 real change made)
(1 real change made)
(1 real change made)
(1 real change made)
(1 real change made)
(1 real change made)
(1 real change made)
(1 real change made)
(1 real change made)
(1 real change made)
(1 real change made)
(1 real change made)
(1 real change made)
(1 real change made)
(1 real change made)
(1 real change made)
(0 real changes made)
(0 real changes made)
(0 real changes made)
(0 real changes made)

.         list provincia informal2 diff_vs_ref p_vs_ref sig_vs_ref if provincia != `ref_cod', sep(0)

     +-----------------------------------------------------------------------------+
     |                      provincia   inform~2   diff_vs~f   p_vs_ref   sig_vs~f |
     |-----------------------------------------------------------------------------|
  1. |                           Napo   .9505767    .3308746          0          1 |
  2. |                       Orellana   .9483044    .3286023          0          1 |
  3. |                Morona Santiago   .9394141     .319712          0          1 |
  4. |               Zamora Chinchipe   .9268789    .3071768          0          1 |
  5. |                       Cotopaxi    .839653    .2199509          0          1 |
  6. |                          Cañar    .831155    .2114529          0          1 |
  7. |                         Manabí   .8295272    .2098251          0          1 |
  8. |                    Santa Elena   .8253587    .2056566          0          1 |
  9. |                        Bolívar   .8196947    .1999926          0          1 |
 10. |                     Tungurahua   .8125045    .1928024          0          1 |
 11. |                      Sucumbíos   .7898175    .1701154          0          1 |
 12. |                        Pastaza   .7874321      .16773          0          1 |
 13. |                     Esmeraldas   .7830107    .1633086          0          1 |
 14. |                       Los Ríos   .7762811     .156579          0          1 |
 15. |                           Loja   .7752485    .1555464          0          1 |
 16. |                         Carchi    .770373    .1506709          0          1 |
 17. |                       Imbabura   .7580413    .1383392          0          1 |
 18. |                     Chimborazo   .7511426    .1314405          0          1 |
 19. | Santo Domingo de los Tsáchilas    .747507    .1278049          0          1 |
 20. |                         Guayas   .7266162    .1069141          0          1 |
 21. |                         El Oro   .7194832    .0997811          0          1 |
 22. |                          Azuay   .7092322    .0895301          0          1 |
 24. |                      Galápagos   .4712217   -.1484804          0          1 |
     +-----------------------------------------------------------------------------+

.         replace informal2 = informal2 * 100
(24 real changes made)

.         replace ub = ub * 100
(24 real changes made)

.         replace lb = lb * 100
(24 real changes made)

. 
.         * --- Etiqueta de valor para todas las provincias (gráfico transversal) ---
.         gen lbl_inf = informal2

.         format lbl_inf %9.1f

. 
.     twoway ///
>         (bar informal2 provincia, horizontal barwidth(0.6) color(navy)) ///
>         (rcap ub lb provincia, horizontal lcolor(black)) ///
>         (scatter provincia lbl_inf, msymbol(none) mlabel(lbl_inf) ///
>              mlabposition(3) mlabcolor(black) mlabsize(vsmall)), ///
>         ylabel(, valuelabel angle(0) labsize(small)) ///
>         xlabel(0(20)100, format(%9.0f)) ///
>         xscale(range(0 100)) ///
>                 xtitle("Informalidad") ///
>         legend(off) ///
>         graphregion(color(white)) ///
>         name(informal2_provincia_ci_2024, replace)

. *    graph export "$out_results/informal2_provincia_ci_2024.png", replace
. restore

. 
. 
. * ============================================================
. **# TABLA LATEX: INFORMALIDAD POR PROVINCIA - 2000-2025 (cada 5 años)
. * DIVIDIDA POR REGIÓN: SIERRA, COSTA, ORIENTE, INSULAR
. * ============================================================
. preserve

.     keep if inlist(anio, 2003, 2005, 2010, 2015, 2020, 2025)
(1,213,997 observations deleted)

.     drop if provincia == 25
(662 observations deleted)

.     gen uno = 1

.     collapse (mean) informal2 (rawsum) N=uno [iw = fexp] if !inlist(anio, 2001, 2002), by(provincia anio)

.         export excel using "$out_results/informalidad_provicia.xlsx", firstrow(var) replace
file /Users/santiago/Library/CloudStorage/GoogleDrive-observatorio.pobreza@flacso.edu.ec/Mi unidad/Boletín 3/4. Resultados/informalidad/informalidad_provicia.xlsx saved

.     rename informal2 inf

.     keep provincia anio inf

.     reshape wide inf, i(provincia) j(anio)
(j = 2003 2005 2010 2015 2020 2025)

Data                               Long   ->   Wide
-----------------------------------------------------------------------------
Number of observations              135   ->   24          
Number of variables                   3   ->   7           
j variable (6 values)              anio   ->   (dropped)
xij variables:
                                    inf   ->   inf2003 inf2005 ... inf2025
-----------------------------------------------------------------------------

.     gen region = .
(24 missing values generated)

.     replace region = 1 if inlist(provincia, 1, 2, 3, 4, 5, 6, 10, 11, 17, 18)
(10 real changes made)

.     replace region = 2 if inlist(provincia, 7, 8, 9, 12, 13, 23, 24)
(7 real changes made)

.     replace region = 3 if inlist(provincia, 14, 15, 16, 19, 21, 22)
(6 real changes made)

.     replace region = 4 if provincia == 20
(1 real change made)

.     gsort region -inf2025

.     
.     capture file close tex

.     file open tex using "$out_results/informalidad_provincia.tex", write replace

.     file write tex "\begin{table}[htbp]" _n

.     file write tex "\centering" _n

.     file write tex "\small" _n

.     file write tex "\caption{Tasa de informalidad por provincia, Ecuador}" _n

.     file write tex "\label{tab:informal_prov}" _n

.     file write tex "\begin{tabular}{lcccccc}" _n

.     file write tex "\hline\hline" _n

.     file write tex "Provincia & 2003 & 2005 & 2010 & 2015 & 2020 & 2025 \\" _n

.     
.     local nobs = _N

.     
.     foreach reg_num in 1 2 3 4 {
  2.         if `reg_num' == 1 file write tex "\hline" _n "\multicolumn{7}{l}{\textit{Sierra}} \\" _n "\hline" _n
  3.         if `reg_num' == 2 file write tex "\hline" _n "\multicolumn{7}{l}{\textit{Costa}} \\" _n "\hline" _n
  4.         if `reg_num' == 3 file write tex "\hline" _n "\multicolumn{7}{l}{\textit{Oriente}} \\" _n "\hline" _n
  5.         if `reg_num' == 4 file write tex "\hline" _n "\multicolumn{7}{l}{\textit{Insular}} \\" _n "\hline" _n
  6.         
.         forvalues i = 1/`nobs' {
  7.             if region[`i'] == `reg_num' {
  8.                 local prov : label (provincia) `=provincia[`i']'
  9.                 local f01 = cond(missing(inf2003[`i']), "--", string(inf2003[`i'], "%6.3f"))
 10.                 local f05 = cond(missing(inf2005[`i']), "--", string(inf2005[`i'], "%6.3f"))
 11.                 local f10 = cond(missing(inf2010[`i']), "--", string(inf2010[`i'], "%6.3f"))
 12.                 local f15 = cond(missing(inf2015[`i']), "--", string(inf2015[`i'], "%6.3f"))
 13.                 local f20 = cond(missing(inf2020[`i']), "--", string(inf2020[`i'], "%6.3f"))
 14.                 local f25 = cond(missing(inf2025[`i']), "--", string(inf2025[`i'], "%6.3f"))
 15.                 file write tex "`prov' & `f01' & `f05' & `f10' & `f15' & `f20' & `f25' \\" _n
 16.             }
 17.         }
 18.     }

.     
.     file write tex "\hline\hline" _n

.     file write tex "\end{tabular}" _n

.     file write tex "\begin{tablenotes}" _n

.     file write tex "\small" _n

.     file write tex "\item \textit{Nota:} Provincias ordenadas por tasa de informalidad en 2025 (descendente) dentro de cada región." _n

.     file write tex "\end{tablenotes}" _n

.     file write tex "\end{table}" _n

.     file close tex

.     display "Tabla exportada a: informalidad_provincia.tex"
Tabla exportada a: informalidad_provincia.tex

. restore

. 
. 
. * With CV
. 
. preserve

. keep if inlist(anio, 2003, 2005, 2010, 2015, 2020, 2025)
(1,213,997 observations deleted)

. drop if provincia == 25
(662 observations deleted)

. gen uno = 1

. replace informal2 = informal2*100
(123,433 real changes made)

. collapse (mean) informal2 (sd) sd_inf=informal2 (rawsum) N=uno [iw = fexp], by(provincia anio)

. gen se_inf = sd_inf / sqrt(N)

. gen hci = 1.96 * se_inf

. rename informal2 inf

. rename hci hci_inf

. keep provincia anio inf hci_inf

. reshape wide inf hci_inf, i(provincia) j(anio)
(j = 2003 2005 2010 2015 2020 2025)

Data                               Long   ->   Wide
-----------------------------------------------------------------------------
Number of observations              135   ->   24          
Number of variables                   4   ->   13          
j variable (6 values)              anio   ->   (dropped)
xij variables:
                                    inf   ->   inf2003 inf2005 ... inf2025
                                hci_inf   ->   hci_inf2003 hci_inf2005 ... hci_inf2025
-----------------------------------------------------------------------------

. gsort -inf2025

. 
. capture file close tex

. file open tex using "$out_results/informalidad_provincia.tex", write replace

. file write tex "\begin{table}[htbp]" _n

. file write tex "\centering" _n

. file write tex "\caption{Tasa de informalidad por provincia, Ecuador (semi-amplitud del IC 95\% entre paréntesis)}" _n

. file write tex "\label{tab:informal_prov}" _n

. file write tex "\begin{tabular}{lcccccc}" _n

. file write tex "\hline\hline" _n

. file write tex "Provincia & 2003 & 2005 & 2010 & 2015 & 2020 & 2025 \\" _n

. file write tex "\hline" _n

. 
. local nobs = _N

. forvalues i = 1/`nobs' {
  2.     local prov : label (provincia) `=provincia[`i']'
  3.     foreach yr in 2003 2005 2010 2015 2020 2025 {
  4.         local v`yr' = inf`yr'[`i']
  5.         local h`yr' = hci_inf`yr'[`i']
  6.         if missing(`v`yr'') {
  7.             local f`yr' = "--"
  8.         }
  9.         else {
 10.             local f`yr' = string(`v`yr'', "%4.1f") + " (" + string(`h`yr'', "%4.1f") + ")"
 11.         }
 12.     }
 13.     file write tex "`prov' & `f2003' & `f2005' & `f2010' & `f2015' & `f2020' & `f2025' \\" _n
 14. }

. file write tex "\hline\hline" _n

. file write tex "\end{tabular}" _n

. file write tex "\end{table}" _n

. file close tex

. display "Tabla exportada a: informalidad_provincia.tex"
Tabla exportada a: informalidad_provincia.tex

. list provincia inf2003 hci_inf2003 inf2025 hci_inf2025, sep(0)

     +----------------------------------------------------------------------------+
     |                      provincia    inf2003   hci~2003    inf2025   hci~2025 |
     |----------------------------------------------------------------------------|
  1. |                           Napo   83.59057    3.41443   95.05767   2.331565 |
  2. |                       Orellana   81.92265   4.003314   94.83044   2.052598 |
  3. |                Morona Santiago   88.16749    2.96139   93.94141     2.9282 |
  4. |               Zamora Chinchipe    88.7077   3.457055   92.68789   2.526156 |
  5. |                       Cotopaxi   89.29193   1.194811    83.9653   3.708886 |
  6. |                          Cañar   90.18359   1.144802    83.1155   3.662095 |
  7. |                         Manabí   89.41895   .9254397   82.95272   3.276604 |
  8. |                    Santa Elena          .          .   82.53587   2.400437 |
  9. |                        Bolívar   92.32594   1.040108   81.96947   3.917323 |
 10. |                     Tungurahua   87.99393   1.236147   81.25046   1.813749 |
 11. |                      Sucumbíos   83.46587   3.020772   78.98175   3.532722 |
 12. |                        Pastaza   83.63291   3.739772   78.74321   4.203046 |
 13. |                     Esmeraldas   87.96603   1.031242   78.30106      2.222 |
 14. |                       Los Ríos   91.29347    .870564   77.62811   4.033905 |
 15. |                           Loja    86.7637   1.309453   77.52484   3.028083 |
 16. |                         Carchi   88.84272   1.203981    77.0373   3.577455 |
 17. |                       Imbabura   84.90031   1.415774   75.80413   2.561369 |
 18. |                     Chimborazo   88.49355   1.242946   75.11426   4.370186 |
 19. | Santo Domingo de los Tsáchilas          .          .    74.7507   4.077991 |
 20. |                         Guayas   78.81629    .981802   72.66162   1.661899 |
 21. |                         El Oro   86.07037   1.068263   71.94832   1.813321 |
 22. |                          Azuay   84.66563   1.348682   70.92322   1.955844 |
 23. |                      Pichincha    66.9253   1.341808   61.97021   1.669559 |
 24. |                      Galápagos          .          .   47.12217   7.024806 |
     +----------------------------------------------------------------------------+

. restore

. 
. 
. 
. * Without CV
. preserve

. keep if inlist(anio, 2003, 2005, 2010, 2015, 2020, 2025)
(1,213,997 observations deleted)

. drop if provincia == 25
(662 observations deleted)

. gen uno = 1

. replace informal2 = informal2*100
(123,433 real changes made)

. collapse (mean) informal2 [iw = fexp], by(provincia anio)

. rename informal2 inf

. reshape wide inf, i(provincia) j(anio)
(j = 2003 2005 2010 2015 2020 2025)

Data                               Long   ->   Wide
-----------------------------------------------------------------------------
Number of observations              135   ->   24          
Number of variables                   3   ->   7           
j variable (6 values)              anio   ->   (dropped)
xij variables:
                                    inf   ->   inf2003 inf2005 ... inf2025
-----------------------------------------------------------------------------

. gsort -inf2025

. capture file close tex

. file open tex using "$out_results/informalidad_provincia.tex", write replace

. file write tex "\begin{table}[htbp]" _n

. file write tex "\centering" _n

. file write tex "\caption{Tasa de informalidad por provincia, Ecuador}" _n

. file write tex "\label{tab:informal_prov}" _n

. file write tex "\begin{tabular}{lcccccc}" _n

. file write tex "\hline\hline" _n

. file write tex "Provincia & 2003 & 2005 & 2010 & 2015 & 2020 & 2025 \\" _n

. file write tex "\hline" _n

. local nobs = _N

. forvalues i = 1/`nobs' {
  2.     local prov : label (provincia) `=provincia[`i']'
  3.     foreach yr in 2003 2005 2010 2015 2020 2025 {
  4.         local v`yr' = inf`yr'[`i']
  5.         if missing(`v`yr'') {
  6.             local f`yr' = "--"
  7.         }
  8.         else {
  9.             local f`yr' = string(`v`yr'', "%4.1f")
 10.         }
 11.     }
 12.     file write tex "`prov' & `f2003' & `f2005' & `f2010' & `f2015' & `f2020' & `f2025' \\" _n
 13. }

. file write tex "\hline\hline" _n

. file write tex "\end{tabular}" _n

. file write tex "\end{table}" _n

. file close tex

. display "Tabla exportada a: informalidad_provincia.tex"
Tabla exportada a: informalidad_provincia.tex

. list provincia inf2003 inf2025, sep(0)

     +------------------------------------------------------+
     |                      provincia    inf2003    inf2025 |
     |------------------------------------------------------|
  1. |                           Napo   83.59057   95.05767 |
  2. |                       Orellana   81.92265   94.83044 |
  3. |                Morona Santiago   88.16749   93.94141 |
  4. |               Zamora Chinchipe    88.7077   92.68789 |
  5. |                       Cotopaxi   89.29193    83.9653 |
  6. |                          Cañar   90.18359    83.1155 |
  7. |                         Manabí   89.41895   82.95272 |
  8. |                    Santa Elena          .   82.53587 |
  9. |                        Bolívar   92.32594   81.96947 |
 10. |                     Tungurahua   87.99393   81.25046 |
 11. |                      Sucumbíos   83.46587   78.98175 |
 12. |                        Pastaza   83.63291   78.74321 |
 13. |                     Esmeraldas   87.96603   78.30106 |
 14. |                       Los Ríos   91.29347   77.62811 |
 15. |                           Loja    86.7637   77.52484 |
 16. |                         Carchi   88.84272    77.0373 |
 17. |                       Imbabura   84.90031   75.80413 |
 18. |                     Chimborazo   88.49355   75.11426 |
 19. | Santo Domingo de los Tsáchilas          .    74.7507 |
 20. |                         Guayas   78.81629   72.66162 |
 21. |                         El Oro   86.07037   71.94832 |
 22. |                          Azuay   84.66563   70.92322 |
 23. |                      Pichincha    66.9253   61.97021 |
 24. |                      Galápagos          .   47.12217 |
     +------------------------------------------------------+

. restore

. 
. 
. * ============================================================
. * TABLA LATEX: INFORMALIDAD POR RAMA DE ACTIVIDAD - 2001-2025 (cada 5 años)
. * ============================================================
. preserve

.     keep if inlist(anio, 2003, 2005, 2010, 2015, 2020, 2025)
(1,213,997 observations deleted)

.     gen uno = 1

.     collapse (mean) informal2 (rawsum) N=uno [iw = fexp] if !inlist(anio, 2001, 2002), by(rama1 anio)

.         export excel using "$out_results/informalidad_rama.xlsx", replace firstrow(var)
file /Users/santiago/Library/CloudStorage/GoogleDrive-observatorio.pobreza@flacso.edu.ec/Mi unidad/Boletín 3/4. Resultados/informalidad/informalidad_rama.xlsx saved

.         replace informal2 = informal2 * 100
(120 real changes made)

.     rename informal2 inf

.     keep rama1 anio inf

.     reshape wide inf, i(rama1) j(anio)
(j = 2003 2005 2010 2015 2020 2025)

Data                               Long   ->   Wide
-----------------------------------------------------------------------------
Number of observations              132   ->   22          
Number of variables                   3   ->   7           
j variable (6 values)              anio   ->   (dropped)
xij variables:
                                    inf   ->   inf2003 inf2005 ... inf2025
-----------------------------------------------------------------------------

.     drop if missing(rama1)
(1 observation deleted)

.     
.     * --- Etiquetas cortas para la tabla ---
.     gen rama_short = ""
(21 missing values generated)

.     replace rama_short = "Agricultura y pesca"          if rama1 == 1
variable rama_short was str1 now str19
(1 real change made)

.     replace rama_short = "Minas y canteras"              if rama1 == 2
(1 real change made)

.     replace rama_short = "Manufactura"                   if rama1 == 3
(1 real change made)

.     replace rama_short = "Electricidad y gas"            if rama1 == 4
(1 real change made)

.     replace rama_short = "Agua y saneamiento"            if rama1 == 5
(1 real change made)

.     replace rama_short = "Construcci\'{o}n"              if rama1 == 6
(1 real change made)

.     replace rama_short = "Comercio y rep. veh\'{i}culos" if rama1 == 7
variable rama_short was str19 now str29
(1 real change made)

.     replace rama_short = "Transporte y almacenamiento"   if rama1 == 8
(1 real change made)

.     replace rama_short = "Alojamiento y comidas"         if rama1 == 9
(1 real change made)

.     replace rama_short = "Informaci\'{o}n y comunicaciones" if rama1 == 10
variable rama_short was str29 now str32
(1 real change made)

.     replace rama_short = "Actividades financieras"       if rama1 == 11
(1 real change made)

.     replace rama_short = "Actividades inmobiliarias"     if rama1 == 12
(1 real change made)

.     replace rama_short = "Activ. profesionales y t\'{e}c." if rama1 == 13
(1 real change made)

.     replace rama_short = "Servicios administrativos"     if rama1 == 14
(1 real change made)

.     replace rama_short = "Administraci\'{o}n p\'{u}blica" if rama1 == 15
(1 real change made)

.     replace rama_short = "Ense\~{n}anza"                 if rama1 == 16
(1 real change made)

.     replace rama_short = "Salud y asistencia social"     if rama1 == 17
(1 real change made)

.     replace rama_short = "Artes y entretenimiento"       if rama1 == 18
(1 real change made)

.     replace rama_short = "Otros servicios"               if rama1 == 19
(1 real change made)

.     replace rama_short = "Hogares como empleadores"      if rama1 == 20
(1 real change made)

.     replace rama_short = "Org. extraterritoriales"       if rama1 == 21
(1 real change made)

.     
.     gsort -inf2025

.     
.     capture file close tex

.     file open tex using "$out_results/informalidad_rama.tex", write replace

.     file write tex "\begin{table}[htbp]" _n

.     file write tex "\centering" _n

.     file write tex "\small" _n

.     file write tex "\caption{Tasa de informalidad por rama de actividad, Ecuador}" _n

.     file write tex "\label{tab:informal_rama}" _n

.     file write tex "\begin{tabular}{lcccccc}" _n

.     file write tex "\hline\hline" _n

.     file write tex "Rama de actividad & 2003 & 2005 & 2010 & 2015 & 2020 & 2025 \\" _n

.     file write tex "\hline" _n

.     
.     local nobs = _N

.     
.     forvalues i = 1/`nobs' {
  2.         local rama = rama_short[`i']
  3.         local f01 = cond(missing(inf2003[`i']), "--", string(inf2003[`i'], "%6.1f"))
  4.         local f05 = cond(missing(inf2005[`i']), "--", string(inf2005[`i'], "%6.1f"))
  5.         local f10 = cond(missing(inf2010[`i']), "--", string(inf2010[`i'], "%6.1f"))
  6.         local f15 = cond(missing(inf2015[`i']), "--", string(inf2015[`i'], "%6.1f"))
  7.         local f20 = cond(missing(inf2020[`i']), "--", string(inf2020[`i'], "%6.1f"))
  8.         local f25 = cond(missing(inf2025[`i']), "--", string(inf2025[`i'], "%6.1f"))
  9.         file write tex "`rama' & `f01' & `f05' & `f10' & `f15' & `f20' & `f25' \\" _n
 10.     }

.     
.     file write tex "\hline\hline" _n

.     file write tex "\end{tabular}" _n

.     file write tex "\begin{tablenotes}" _n

.     file write tex "\small" _n

.     file write tex "\item \textit{Nota:} Ramas de actividad ordenadas por tasa de informalidad en 2025 (descendente)." _n

.     file write tex "\end{tablenotes}" _n

.     file write tex "\end{table}" _n

.     file close tex

.     display "Tabla exportada a: informalidad_rama.tex"
Tabla exportada a: informalidad_rama.tex

. restore

. 
. *============================================================
. **# GRÁFICO INFORMALIDAD POR EDAD
. * ============================================================
. 
. gen age_cat = .
(1,502,451 missing values generated)

. replace age_cat = 1 if edad >= 18 & edad <= 29
(404,823 real changes made)

. replace age_cat = 2 if edad >= 30 & edad <= 64
(747,600 real changes made)

. replace age_cat = 3 if edad >= 65 & edad < 98
(173,128 real changes made)

. label variable age_cat "Age category"

. label define age_cat_lbl 1 "18-29" 2 "30-64" 3 "65+"

. label values age_cat age_cat_lbl

. tab age_cat

        Age |
   category |      Freq.     Percent        Cum.
------------+-----------------------------------
      18-29 |    404,823       30.54       30.54
      30-64 |    747,600       56.40       86.94
        65+ |    173,128       13.06      100.00
------------+-----------------------------------
      Total |  1,325,551      100.00

. 
. 
. * Nacional
. preserve

.     keep if anio >= 2003
(363,636 observations deleted)

.     drop if missing(age_cat)
(105,429 observations deleted)

.     gen uno = 1

.     collapse (mean) informal2 (rawsum) N=uno [iw = fexp] if !inlist(anio, 2001, 2002), by(anio age_cat)

.     export excel using "$out_results/Tablas/informalidad_edad.xlsx", firstrow(var) replace
file /Users/santiago/Library/CloudStorage/GoogleDrive-observatorio.pobreza@flacso.edu.ec/Mi unidad/Boletín 3/4. Resultados/informalidad/Tablas/informalidad_edad.xlsx saved

.     reshape wide informal2 N, i(anio) j(age_cat)
(j = 1 2 3)

Data                               Long   ->   Wide
-----------------------------------------------------------------------------
Number of observations               69   ->   23          
Number of variables                   4   ->   7           
j variable (3 values)           age_cat   ->   (dropped)
xij variables:
                              informal2   ->   informal21 informal22 informal23
                                      N   ->   N1 N2 N3
-----------------------------------------------------------------------------

.     gen se_1 = sqrt((informal21*(1-informal21))/N1)

.     gen se_2 = sqrt((informal22*(1-informal22))/N2)

.     gen se_3 = sqrt((informal23*(1-informal23))/N3)

.     gen ub_1 = informal21 + 1.96*se_1

.     gen lb_1 = informal21 - 1.96*se_1

.     gen ub_2 = informal22 + 1.96*se_2

.     gen lb_2 = informal22 - 1.96*se_2

.     gen ub_3 = informal23 + 1.96*se_3

.     gen lb_3 = informal23 - 1.96*se_3

.     foreach var in ub_1 ub_2 ub_3 {
  2.         replace `var' = min(`var', 1)
  3.     }
(0 real changes made)
(0 real changes made)
(0 real changes made)

.     foreach var in lb_1 lb_2 lb_3 {
  2.         replace `var' = max(`var', 0)
  3.     }
(0 real changes made)
(0 real changes made)
(0 real changes made)

.     list anio informal21 se_1 ub_1 lb_1 informal22 se_2 ub_2 lb_2 informal23 se_3 ub_3 lb_3, sepby(anio)

     +------------------------------------------------------------------------------------------------------------------------------------------+
     | anio   infor~21       se_1       ub_1       lb_1   infor~22       se_2       ub_2       lb_2   infor~23       se_3       ub_3       lb_3 |
     |------------------------------------------------------------------------------------------------------------------------------------------|
  1. | 2003   .8280064   .0030316   .8339484   .8220645   .7787229   .0025318   .7836853   .7737604    .932295   .0033513   .9388636   .9257264 |
     |------------------------------------------------------------------------------------------------------------------------------------------|
  2. | 2004   .8430797   .0029361   .8488345   .8373249   .7816136   .0024843   .7864828   .7767445   .9206234   .0033964   .9272803   .9139665 |
     |------------------------------------------------------------------------------------------------------------------------------------------|
  3. | 2005   .8358131   .0030707   .8418316   .8297946   .7756603   .0025722   .7807019   .7706187    .917708   .0035717   .9247085   .9107076 |
     |------------------------------------------------------------------------------------------------------------------------------------------|
  4. | 2006   .8303066   .0031065   .8363954   .8242179   .7775946   .0025573    .782607   .7725823   .9233107   .0033646   .9299052   .9167162 |
     |------------------------------------------------------------------------------------------------------------------------------------------|
  5. | 2007   .8103859    .003305   .8168637   .8039082   .7628805   .0026113   .7679986   .7577624   .9193683   .0034886    .926206   .9125307 |
     |------------------------------------------------------------------------------------------------------------------------------------------|
  6. | 2008   .7896148   .0033963   .7962715   .7829581   .7437956   .0026344   .7489589   .7386322   .8937563   .0037371   .9010811   .8864316 |
     |------------------------------------------------------------------------------------------------------------------------------------------|
  7. | 2009   .7615275   .0034926    .768373   .7546821   .7469531   .0025965   .7520422   .7418639   .9113237   .0033256   .9178419   .9048055 |
     |------------------------------------------------------------------------------------------------------------------------------------------|
  8. | 2010   .6959671    .003723   .7032642   .6886701   .7126232   .0026167   .7177519   .7074946   .8986378   .0033278   .9051604   .8921152 |
     |------------------------------------------------------------------------------------------------------------------------------------------|
  9. | 2011   .6689879   .0041744   .6771697   .6608061   .6700014   .0029174   .6757194   .6642833   .9152924   .0032503    .921663   .9089218 |
     |------------------------------------------------------------------------------------------------------------------------------------------|
 10. | 2012   .6333075    .004207   .6415533   .6250618   .6648968   .0028342   .6704518   .6593418   .8938152   .0033498   .9003808   .8872496 |
     |------------------------------------------------------------------------------------------------------------------------------------------|
 11. | 2013   .6234496   .0039899   .6312698   .6156294   .6393006   .0027954   .6447797   .6338216    .896302   .0035967   .9033515   .8892526 |
     |------------------------------------------------------------------------------------------------------------------------------------------|
 12. | 2014   .6151283   .0033286   .6216523   .6086043   .6260868   .0023622   .6307167   .6214569   .9010014   .0030284    .906937   .8950658 |
     |------------------------------------------------------------------------------------------------------------------------------------------|
 13. | 2015   .6310357   .0033155    .637534   .6245373     .62589   .0023967   .6305875   .6211926   .9022936   .0031637   .9084945   .8960928 |
     |------------------------------------------------------------------------------------------------------------------------------------------|
 14. | 2016   .6735273   .0032342   .6798663   .6671883   .6548131   .0023152   .6593509   .6502753   .9127945   .0028988    .918476   .9071129 |
     |------------------------------------------------------------------------------------------------------------------------------------------|
 15. | 2017   .6820138   .0032316   .6883477   .6756799   .6648156   .0023183   .6693596   .6602716   .9173447   .0028331   .9228975   .9117919 |
     |------------------------------------------------------------------------------------------------------------------------------------------|
 16. | 2018   .7049457   .0043025   .7133786   .6965128   .6802176   .0030569   .6862093    .674226   .9244034   .0033062   .9308836   .9179233 |
     |------------------------------------------------------------------------------------------------------------------------------------------|
 17. | 2019   .7348265   .0042198   .7430972   .7265558   .6904561   .0030096   .6963549   .6845573    .918739   .0032953   .9251979   .9122801 |
     |------------------------------------------------------------------------------------------------------------------------------------------|
 18. | 2020   .8108044   .0050513    .820705   .8009039   .7356918   .0039872   .7435068   .7278768   .9463809   .0038604   .9539472   .9388145 |
     |------------------------------------------------------------------------------------------------------------------------------------------|
 19. | 2021   .7916642   .0052131   .8018818   .7814466   .7304456   .0040269   .7383384   .7225529   .9120913   .0049322   .9217584   .9024241 |
     |------------------------------------------------------------------------------------------------------------------------------------------|
 20. | 2022   .7678924   .0056613   .7789886   .7567962   .7212029   .0040907   .7292206   .7131853   .9190464   .0046486   .9281576   .9099352 |
     |------------------------------------------------------------------------------------------------------------------------------------------|
 21. | 2023   .7917998     .00561   .8027955   .7808042   .7257882   .0041236   .7338705   .7177058   .9254177   .0043581   .9339595   .9168758 |
     |------------------------------------------------------------------------------------------------------------------------------------------|
 22. | 2024   .7797717   .0058308   .7912002   .7683433   .7475658   .0040484   .7555007   .7396309   .9242646   .0042751   .9326438   .9158853 |
     |------------------------------------------------------------------------------------------------------------------------------------------|
 23. | 2025   .7875676   .0056793    .798699   .7764361   .7272873   .0041382   .7353982   .7191764   .9408885   .0038062   .9483487   .9334282 |
     +------------------------------------------------------------------------------------------------------------------------------------------+

.     sum se_1 se_2 se_3

    Variable |        Obs        Mean    Std. dev.       Min        Max
-------------+---------------------------------------------------------
        se_1 |         23    .0040483    .0009833   .0029361   .0058308
        se_2 |         23    .0030011    .0006782   .0023152   .0041382
        se_3 |         23    .0035724    .0005351   .0028331   .0049322

.     gen diff_1v2    = informal21 - informal22

.     gen se_diff_1v2 = sqrt(se_1^2 + se_2^2)

.     gen p_1v2       = 2 * normal(-abs(diff_1v2 / se_diff_1v2))

.     gen sig_1v2     = (p_1v2 < 0.05)

.     gen diff_1v3    = informal21 - informal23

.     gen se_diff_1v3 = sqrt(se_1^2 + se_3^2)

.     gen p_1v3       = 2 * normal(-abs(diff_1v3 / se_diff_1v3))

.     gen sig_1v3     = (p_1v3 < 0.05)

.     gen diff_2v3    = informal22 - informal23

.     gen se_diff_2v3 = sqrt(se_2^2 + se_3^2)

.     gen p_2v3       = 2 * normal(-abs(diff_2v3 / se_diff_2v3))

.     gen sig_2v3     = (p_2v3 < 0.05)

.     list anio diff_1v2 p_1v2 sig_1v2 diff_1v3 p_1v3 sig_1v3 diff_2v3 p_2v3 sig_2v3 ///
>          if !sig_1v2 | !sig_1v3 | !sig_2v3, noobs sep(0)

  +---------------------------------------------------------------------------------------------------+
  | anio    diff_1v2      p_1v2   sig_1v2    diff_1v3   p_1v3   sig_1v3    diff_2v3   p_2v3   sig_2v3 |
  |---------------------------------------------------------------------------------------------------|
  | 2011   -.0010135   .8422548         0   -.2463046       0         1   -.2452911       0         1 |
  | 2015    .0051457   .2084638         0   -.2712579       0         1   -.2764036       0         1 |
  +---------------------------------------------------------------------------------------------------+

.     foreach g in 1 2 3 {
  2.         replace informal2`g' = informal2`g' * 100
  3.         replace ub_`g'       = ub_`g'       * 100
  4.         replace lb_`g'       = lb_`g'       * 100
  5.     }
(23 real changes made)
(23 real changes made)
(23 real changes made)
(23 real changes made)
(23 real changes made)
(23 real changes made)
(23 real changes made)
(23 real changes made)
(23 real changes made)

. 
.     * --- Etiquetas de valor solo en años seleccionados ---
.     gen lbl_1 = informal21 if inlist(anio, 2003, 2006, 2014, 2020, 2025)
(18 missing values generated)

.     gen lbl_2 = informal22 if inlist(anio, 2003, 2006, 2014, 2020, 2025)
(18 missing values generated)

.     gen lbl_3 = informal23 if inlist(anio, 2003, 2006, 2014, 2020, 2025)
(18 missing values generated)

.     replace lbl_1 = . if anio == 2014
(1 real change made, 1 to missing)

.     format lbl_1 lbl_2 lbl_3 %9.1f

. 
.     twoway ///
>         (connected informal21 anio, sort lcolor(navy) mcolor(navy) lwidth(medium)) ///
>         (connected informal22 anio, sort lcolor(maroon) mcolor(maroon) lwidth(medium)) ///
>         (connected informal23 anio, sort lcolor(forest_green) mcolor(forest_green) lwidth(medium)) ///
>         (scatter lbl_1 anio, msymbol(none) mlabel(lbl_1) mlabposition(12) mlabcolor(navy)         mlabsize(vsmall)) ///
>         (scatter lbl_2 anio, msymbol(none) mlabel(lbl_2) mlabposition(12) mlabcolor(maroon)       mlabsize(vsmall)) ///
>         (scatter lbl_3 anio, msymbol(none) mlabel(lbl_3) mlabposition(6)  mlabcolor(forest_green) mlabsize(vsmall)), ///
>         legend(order(1 "18-29" 2 "30-64" 3 "65+") position(6) rows(1) size(small)) ///
>         xlabel(2003(2)2025, angle(90)) ///
>         ylabel(50(10)100, format(%9.0f)) ///
>         yscale(range(50 100)) ///
>                 xtitle("") ///
>         graphregion(color(white)) ///
>         name(informal2_edad, replace)

.     graph export "$out_results/informal2_edad.png", replace width(3000)
file /Users/santiago/Library/CloudStorage/GoogleDrive-observatorio.pobreza@flacso.edu.ec/Mi unidad/Boletín 3/4. Resultados/informalidad/informal2_edad.png written in PNG format

. restore

. 
. /*
> * Urbano
> preserve 
>     keep if area == 1
>     keep if anio >= 2003 & anio <= 2024
>     drop if missing(age_cat)
>     gen uno = 1 
>     collapse (mean) informal2 (rawsum) N=uno [iw = fexp] if !inlist(anio, 2001, 2002), by(anio age_cat)
>     reshape wide informal2 N, i(anio) j(age_cat)
>     gen se_1 = sqrt((informal21*(1-informal21))/N1)
>     gen se_2 = sqrt((informal22*(1-informal22))/N2)
>     gen se_3 = sqrt((informal23*(1-informal23))/N3)
>     foreach g in 1 2 3 {
>         gen ub_`g' = informal2`g' + 1.96*se_`g'
>         gen lb_`g' = informal2`g' - 1.96*se_`g'
>         replace ub_`g' = min(ub_`g', 1)
>         replace lb_`g' = max(lb_`g', 0)
>     }
>     list anio informal21 se_1 ub_1 lb_1 informal22 se_2 ub_2 lb_2 informal23 se_3 ub_3 lb_3, sepby(anio)
>     sum se_1 se_2 se_3
>     gen diff_1v2    = informal21 - informal22
>     gen se_diff_1v2 = sqrt(se_1^2 + se_2^2)
>     gen p_1v2       = 2 * normal(-abs(diff_1v2 / se_diff_1v2))
>     gen sig_1v2     = (p_1v2 < 0.05)
>     gen diff_1v3    = informal21 - informal23
>     gen se_diff_1v3 = sqrt(se_1^2 + se_3^2)
>     gen p_1v3       = 2 * normal(-abs(diff_1v3 / se_diff_1v3))
>     gen sig_1v3     = (p_1v3 < 0.05)
>     gen diff_2v3    = informal22 - informal23
>     gen se_diff_2v3 = sqrt(se_2^2 + se_3^2)
>     gen p_2v3       = 2 * normal(-abs(diff_2v3 / se_diff_2v3))
>     gen sig_2v3     = (p_2v3 < 0.05)
>     list anio diff_1v2 p_1v2 sig_1v2 diff_1v3 p_1v3 sig_1v3 diff_2v3 p_2v3 sig_2v3 ///
>          if !sig_1v2 | !sig_1v3 | !sig_2v3, noobs sep(0)
>     foreach g in 1 2 3 {
>         replace informal2`g' = informal2`g' * 100
>         replace ub_`g'       = ub_`g'       * 100
>         replace lb_`g'       = lb_`g'       * 100
>     }
>     twoway ///
>         (rarea ub_1 lb_1 anio, sort color(navy%30)) ///
>         (connected informal21 anio, sort lcolor(navy) mcolor(navy) lwidth(medium)) ///
>         (rarea ub_2 lb_2 anio, sort color(maroon%30)) ///
>         (connected informal22 anio, sort lcolor(maroon) mcolor(maroon) lwidth(medium)) ///
>         (rarea ub_3 lb_3 anio, sort color(forest_green%30)) ///
>         (connected informal23 anio, sort lcolor(forest_green) mcolor(forest_green) lwidth(medium)), ///
>         legend(order(2 "18-29" 4 "30-64" 6 "65+")) ///
>         xlabel(2000(2)2024, angle(45)) ///
>         ylabel(50(10)100, format(%9.0f)) ///
>         yscale(range(50 100)) ///
>                 ytitle("Informalidad (%)") ///
>         graphregion(color(white)) ///
>         name(informal2_edad_urb_IC, replace)
>     *graph export "$out_results/informal2_edad_urb_IC.png", replace
> restore
> */
. 
. * ============================================================
. **# GRÁFICO INFORMALIDAD POR ETNIA
. * ============================================================
. 
. * Nacional — desde 2003 (primer año con datos completos post-2002)
. preserve 

.     keep if anio >= 2003
(363,636 observations deleted)

.     drop if missing(etnia_arm)
(6 observations deleted)

.     gen uno = 1 

.     collapse (mean) informal2 (rawsum) N=uno [iw = fexp] if !inlist(anio, 2001, 2002), by(anio etnia_arm)

.         export excel using "$out_results/Tablas/informalidad_etnia.xlsx", replace firstrow(var)
file /Users/santiago/Library/CloudStorage/GoogleDrive-observatorio.pobreza@flacso.edu.ec/Mi unidad/Boletín 3/4. Resultados/informalidad/Tablas/informalidad_etnia.xlsx saved

.     tab etnia_arm

         Etnia |
  (armonizado) |      Freq.     Percent        Cum.
---------------+-----------------------------------
      Indígena |         23       25.00       25.00
    Negro/Afro |         23       25.00       50.00
Blanco/Mestizo |         23       25.00       75.00
          Otro |         23       25.00      100.00
---------------+-----------------------------------
         Total |         92      100.00

.     reshape wide informal2 N, i(anio) j(etnia_arm)
(j = 1 2 3 4)

Data                               Long   ->   Wide
-----------------------------------------------------------------------------
Number of observations               92   ->   23          
Number of variables                   4   ->   9           
j variable (4 values)         etnia_arm   ->   (dropped)
xij variables:
                              informal2   ->   informal21 informal22 ... informal24
                                      N   ->   N1 N2 ... N4
-----------------------------------------------------------------------------

.     foreach g in 1 2 3 {
  2.         gen se_`g' = sqrt((informal2`g'*(1-informal2`g'))/N`g')
  3.         gen ub_`g' = informal2`g' + 1.96*se_`g'
  4.         gen lb_`g' = informal2`g' - 1.96*se_`g'
  5.         replace ub_`g' = min(ub_`g', 1)
  6.         replace lb_`g' = max(lb_`g', 0)
  7.     }
(0 real changes made)
(0 real changes made)
(0 real changes made)
(0 real changes made)
(0 real changes made)
(0 real changes made)

.     list anio informal21 se_1 ub_1 lb_1 informal22 se_2 ub_2 lb_2 informal23 se_3 ub_3 lb_3, sepby(anio)

     +------------------------------------------------------------------------------------------------------------------------------------------+
     | anio   infor~21       se_1       ub_1       lb_1   infor~22       se_2       ub_2       lb_2   infor~23       se_3       ub_3       lb_3 |
     |------------------------------------------------------------------------------------------------------------------------------------------|
  1. | 2003   .9353591    .003512   .9422426   .9284755    .877959   .0061251   .8899641   .8659538    .795096   .0018892   .7987989   .7913932 |
     |------------------------------------------------------------------------------------------------------------------------------------------|
  2. | 2004   .9538883   .0030762   .9599177   .9478589   .8545792   .0071646   .8686218   .8405365   .8037207   .0018164   .8072809   .8001605 |
     |------------------------------------------------------------------------------------------------------------------------------------------|
  3. | 2005   .9530247   .0033008   .9594942   .9465551   .8554417   .0070051   .8691718   .8417117   .7975761   .0018878   .8012761   .7938761 |
     |------------------------------------------------------------------------------------------------------------------------------------------|
  4. | 2006   .9588029   .0030158   .9647139   .9528919   .8559424   .0067629   .8691976   .8426872   .7980018   .0018813   .8016891   .7943146 |
     |------------------------------------------------------------------------------------------------------------------------------------------|
  5. | 2007   .9352957   .0039387   .9430156   .9275758   .8181379   .0074903   .8328189    .803457   .7809371   .0019476   .7847543   .7771199 |
     |------------------------------------------------------------------------------------------------------------------------------------------|
  6. | 2008   .9522917   .0033012    .958762   .9458215   .8303824   .0067114   .8435367   .8172281   .7578824   .0019811   .7617654   .7539994 |
     |------------------------------------------------------------------------------------------------------------------------------------------|
  7. | 2009   .9438134    .003599   .9508675   .9367594   .7807638   .0080844   .7966092   .7649184   .7569933   .0019404   .7607964   .7531902 |
     |------------------------------------------------------------------------------------------------------------------------------------------|
  8. | 2010   .9186676   .0042324   .9269632    .910372   .7281593   .0080666   .7439699   .7123488   .7081099   .0020651   .7121575   .7040623 |
     |------------------------------------------------------------------------------------------------------------------------------------------|
  9. | 2011   .8965831   .0053233   .9070169   .8861494   .7188575   .0084062   .7353337   .7023813   .6708341   .0022998   .6753417   .6663265 |
     |------------------------------------------------------------------------------------------------------------------------------------------|
 10. | 2012   .9207767   .0046191     .92983   .9117233   .7129551   .0088195   .7302414   .6956688   .6564212   .0022319   .6607958   .6520467 |
     |------------------------------------------------------------------------------------------------------------------------------------------|
 11. | 2013    .881377    .004802    .890789    .871965   .7053553   .0078322   .7207064   .6900043   .6325702   .0022365   .6369538   .6281866 |
     |------------------------------------------------------------------------------------------------------------------------------------------|
 12. | 2014   .8642478   .0035633   .8712319   .8572637   .6438287   .0081575   .6598174     .62784   .6218261   .0018846   .6255199   .6181322 |
     |------------------------------------------------------------------------------------------------------------------------------------------|
 13. | 2015   .8940212   .0031331    .900162   .8878803   .6504136   .0079628   .6660208   .6348065   .6185434   .0019428   .6223512   .6147355 |
     |------------------------------------------------------------------------------------------------------------------------------------------|
 14. | 2016   .8885283   .0031798   .8947607    .882296   .6716648    .007964   .6872743   .6560553   .6570176   .0018613   .6606658   .6533695 |
     |------------------------------------------------------------------------------------------------------------------------------------------|
 15. | 2017   .9126984   .0028805   .9183443   .9070526   .6763401    .007867   .6917594   .6609208   .6623242   .0018778   .6660048   .6586437 |
     |------------------------------------------------------------------------------------------------------------------------------------------|
 16. | 2018    .923173   .0047451   .9324734   .9138727    .741946   .0126156   .7666727   .7172194   .6796451   .0024075   .6843637   .6749265 |
     |------------------------------------------------------------------------------------------------------------------------------------------|
 17. | 2019   .9408314   .0039864   .9486448   .9330181   .7308298   .0110469   .7524817    .709178   .6863637   .0024461   .6911581   .6815693 |
     |------------------------------------------------------------------------------------------------------------------------------------------|
 18. | 2020   .9487453   .0051131   .9587669   .9387236   .8043898   .0147218   .8332445    .775535   .7376881   .0031321    .743827   .7315492 |
     |------------------------------------------------------------------------------------------------------------------------------------------|
 19. | 2021   .9221019   .0065252   .9348913   .9093125   .7928513   .0129457   .8182248   .7674779      .7312    .003132   .7373387   .7250614 |
     |------------------------------------------------------------------------------------------------------------------------------------------|
 20. | 2022   .9282538   .0066522   .9412921   .9152156   .7400274   .0158791   .7711504   .7089044   .7212142   .0031735   .7274342   .7149943 |
     |------------------------------------------------------------------------------------------------------------------------------------------|
 21. | 2023    .930696   .0065336   .9435018   .9178901   .7407138   .0153699   .7708387   .7105889   .7288035   .0031848   .7350458   .7225612 |
     |------------------------------------------------------------------------------------------------------------------------------------------|
 22. | 2024   .9376498   .0061316   .9496678   .9256319   .8216839   .0130908   .8473418    .796026   .7340355   .0031896   .7402871   .7277839 |
     |------------------------------------------------------------------------------------------------------------------------------------------|
 23. | 2025   .9537467   .0053177   .9641694    .943324   .7289504   .0149587   .7582694   .6996315   .7296166   .0031845   .7358583    .723375 |
     +------------------------------------------------------------------------------------------------------------------------------------------+

.     sum se_1 se_2 se_3

    Variable |        Obs        Mean    Std. dev.       Min        Max
-------------+---------------------------------------------------------
        se_1 |         23    .0043688    .0012373   .0028805   .0066522
        se_2 |         23    .0097847    .0032142   .0061251   .0158791
        se_3 |         23    .0023302    .0005374   .0018164   .0031896

.     gen diff_1v2    = informal21 - informal22

.     gen se_diff_1v2 = sqrt(se_1^2 + se_2^2)

.     gen p_1v2       = 2 * normal(-abs(diff_1v2 / se_diff_1v2))

.     gen sig_1v2     = (p_1v2 < 0.05)

.     gen diff_1v3    = informal21 - informal23

.     gen se_diff_1v3 = sqrt(se_1^2 + se_3^2)

.     gen p_1v3       = 2 * normal(-abs(diff_1v3 / se_diff_1v3))

.     gen sig_1v3     = (p_1v3 < 0.05)

.     gen diff_2v3    = informal22 - informal23

.     gen se_diff_2v3 = sqrt(se_2^2 + se_3^2)

.     gen p_2v3       = 2 * normal(-abs(diff_2v3 / se_diff_2v3))

.     gen sig_2v3     = (p_2v3 < 0.05)

.     list anio diff_1v2 p_1v2 sig_1v2 diff_1v3 p_1v3 sig_1v3 diff_2v3 p_2v3 sig_2v3 ///
>          if !sig_1v2 | !sig_1v3 | !sig_2v3, noobs sep(0)

  +----------------------------------------------------------------------------------------------------+
  | anio   diff_1v2      p_1v2   sig_1v2   diff_1v3   p_1v3   sig_1v3    diff_2v3      p_2v3   sig_2v3 |
  |----------------------------------------------------------------------------------------------------|
  | 2016   .2168635          0         1   .2315107       0         1    .0146472    .073308         0 |
  | 2017   .2363583          0         1   .2503742       0         1    .0140159   .0831104         0 |
  | 2022   .1882265   8.01e-28         1   .2070396       0         1    .0188131   .2453166         0 |
  | 2023   .1899821   5.53e-30         1   .2018924       0         1    .0119103   .4479749         0 |
  | 2025   .2247963          0         1   .2241301       0         1   -.0006662   .9652551         0 |
  +----------------------------------------------------------------------------------------------------+

.         foreach g in 1 2 3 {
  2.                 replace informal2`g' = informal2`g' * 100
  3.                 replace ub_`g'       = ub_`g'       * 100
  4.                 replace lb_`g'       = lb_`g'       * 100
  5.         }
(23 real changes made)
(23 real changes made)
(23 real changes made)
(23 real changes made)
(23 real changes made)
(23 real changes made)
(23 real changes made)
(23 real changes made)
(23 real changes made)

. 
.     * --- Etiquetas de valor solo en años seleccionados (2003 en lugar de 2001) ---
.     gen lbl_1 = informal21 if inlist(anio, 2003, 2006, 2014, 2020, 2025)
(18 missing values generated)

.     gen lbl_2 = informal22 if inlist(anio, 2003, 2006, 2014, 2020, 2025)
(18 missing values generated)

.     gen lbl_3 = informal23 if inlist(anio, 2003, 2006, 2014, 2020, 2025)
(18 missing values generated)

.     format lbl_1 lbl_2 lbl_3 %9.1f

. 
.     twoway ///
>         (connected informal21 anio, sort lcolor(green) mcolor(green) lwidth(medium)) ///
>         (connected informal22 anio, sort lcolor(blue) mcolor(blue) lwidth(medium)) ///
>         (connected informal23 anio, sort lcolor(orange) mcolor(orange) lwidth(medium)) ///
>         (scatter lbl_1 anio, msymbol(none) mlabel(lbl_1) mlabposition(12) mlabcolor(green)  mlabsize(vsmall)) ///
>         (scatter lbl_2 anio, msymbol(none) mlabel(lbl_2) mlabposition(12) mlabcolor(blue)   mlabsize(vsmall)) ///
>         (scatter lbl_3 anio, msymbol(none) mlabel(lbl_3) mlabposition(6)  mlabcolor(orange) mlabsize(vsmall)), ///
>         legend(order(1 "Indígena" 2 "Afroecuatoriano" 3 "Blanco/Mestizo") ///
>                 position(6) rows(1)) ///
>         xlabel(2003(2)2025, angle(45)) ///
>                 xtitle("") ///
>         ylabel(50(10)100, format(%9.0f)) ///
>         ytitle("Informalidad (%)") ///
>         yscale(range(50 100)) ///
>         graphregion(color(white)) bgcolor(white) ///
>         name(informal2_etnia, replace)

.     graph export "$out_results/Graficos/informal2_etnia.png", replace width(3000)
file /Users/santiago/Library/CloudStorage/GoogleDrive-observatorio.pobreza@flacso.edu.ec/Mi unidad/Boletín 3/4. Resultados/informalidad/Graficos/informal2_etnia.png written in PNG format

. restore 

. 
. /*
> 
> * Urbano — desde 2003
> preserve 
>     keep if area == 1
>     keep if anio >= 2003 & anio <= 2024
>     drop if missing(etnia_arm)
>     gen uno = 1
>     collapse (mean) informal2 (sum) N=uno [iw = fexp] if !inlist(anio, 2001, 2002), by(anio etnia_arm)
>     tab etnia_arm
>     reshape wide informal2 N, i(anio) j(etnia_arm)
>     foreach g in 1 2 3 {
>         gen se_`g' = sqrt((informal2`g'*(1-informal2`g'))/N`g')
>         gen ub_`g' = informal2`g' + 1.96*se_`g'
>         gen lb_`g' = informal2`g' - 1.96*se_`g'
>         replace ub_`g' = min(ub_`g', 1)
>         replace lb_`g' = max(lb_`g', 0)
>     }
>     list anio informal21 se_1 ub_1 lb_1 informal22 se_2 ub_2 lb_2 informal23 se_3 ub_3 lb_3, sepby(anio)
>     sum se_1 se_2 se_3
>     gen diff_1v2    = informal21 - informal22
>     gen se_diff_1v2 = sqrt(se_1^2 + se_2^2)
>     gen p_1v2       = 2 * normal(-abs(diff_1v2 / se_diff_1v2))
>     gen sig_1v2     = (p_1v2 < 0.05)
>     gen diff_1v3    = informal21 - informal23
>     gen se_diff_1v3 = sqrt(se_1^2 + se_3^2)
>     gen p_1v3       = 2 * normal(-abs(diff_1v3 / se_diff_1v3))
>     gen sig_1v3     = (p_1v3 < 0.05)
>     gen diff_2v3    = informal22 - informal23
>     gen se_diff_2v3 = sqrt(se_2^2 + se_3^2)
>     gen p_2v3       = 2 * normal(-abs(diff_2v3 / se_diff_2v3))
>     gen sig_2v3     = (p_2v3 < 0.05)
>     list anio diff_1v2 p_1v2 sig_1v2 diff_1v3 p_1v3 sig_1v3 diff_2v3 p_2v3 sig_2v3 ///
>          if !sig_1v2 | !sig_1v3 | !sig_2v3, noobs sep(0)
>         foreach g in 1 2 3 {
>                 replace informal2`g' = informal2`g' * 100
>                 replace ub_`g'       = ub_`g'       * 100
>                 replace lb_`g'       = lb_`g'       * 100
>         }
>     twoway ///
>         (rarea ub_1 lb_1 anio, sort color(green%30)) ///
>         (connected informal21 anio, sort lcolor(green) mcolor(green) lwidth(medium)) ///
>         (rarea ub_2 lb_2 anio, sort color(blue%30)) ///
>         (connected informal22 anio, sort lcolor(blue) mcolor(blue) lwidth(medium)) ///
>         (rarea ub_3 lb_3 anio, sort color(orange%30)) ///
>         (connected informal23 anio, sort lcolor(orange) mcolor(orange) lwidth(medium)), ///
>         legend(order(2 "Indígena" 4 "Negro/Afroecuatoriano" 6 "Blanco/Mestizo")) ///
>         xlabel(2003(2)2024, angle(45)) ///
>         ylabel(50(10)100, format(%9.0f)) ///
>         ytitle("Informalidad (%)") ///
>         yscale(range(50 100)) ///
>         graphregion(color(white)) bgcolor(white) ///
>         name(informal2_etnia_urb_IC, replace)
>    *graph export "$out_results/informal2_etnia_urb_IC.png", replace
> restore
> 
> */
. 
. * ============================================================
. **# GRÁFICO INFORMALIDAD POR EDUCACION
. * ============================================================
. 
. preserve

.     keep if anio >= 2003
(363,636 observations deleted)

.     drop if missing(educ_univ)
(0 observations deleted)

.     gen uno = 1

.     collapse (mean) informal2 (rawsum) N=uno [iw = fexp] if !inlist(anio, 2001, 2002), by(anio educ_univ)

.     export excel using "$out_results/Tablas/informalidad_educacion.xlsx", replace firstrow(var)
file /Users/santiago/Library/CloudStorage/GoogleDrive-observatorio.pobreza@flacso.edu.ec/Mi unidad/Boletín 3/4. Resultados/informalidad/Tablas/informalidad_educacion.xlsx saved

.     tab educ_univ

       Educación |
   universitaria |
    (armonizado) |      Freq.     Percent        Cum.
-----------------+-----------------------------------
No universitaria |         23       50.00       50.00
   Universitaria |         23       50.00      100.00
-----------------+-----------------------------------
           Total |         46      100.00

.     reshape wide informal2 N, i(anio) j(educ_univ)
(j = 0 1)

Data                               Long   ->   Wide
-----------------------------------------------------------------------------
Number of observations               46   ->   23          
Number of variables                   4   ->   5           
j variable (2 values)         educ_univ   ->   (dropped)
xij variables:
                              informal2   ->   informal20 informal21
                                      N   ->   N0 N1
-----------------------------------------------------------------------------

.     foreach g in 0 1 {
  2.         gen se_`g' = sqrt((informal2`g'*(1-informal2`g'))/N`g')
  3.         gen ub_`g' = informal2`g' + 1.96*se_`g'
  4.         gen lb_`g' = informal2`g' - 1.96*se_`g'
  5.         replace ub_`g' = min(ub_`g', 1)
  6.         replace lb_`g' = max(lb_`g', 0)
  7.     }
(0 real changes made)
(0 real changes made)
(0 real changes made)
(0 real changes made)

.     list anio informal20 se_0 ub_0 lb_0 informal21 se_1 ub_1 lb_1, sepby(anio)

     +----------------------------------------------------------------------------------------------+
     | anio   infor~20       se_0       ub_0       lb_0   infor~21       se_1       ub_1       lb_1 |
     |----------------------------------------------------------------------------------------------|
  1. | 2003   .8751249    .001525   .8781138   .8721359   .5599598   .0061489   .5720118   .5479079 |
     |----------------------------------------------------------------------------------------------|
  2. | 2004   .8874093    .001445   .8902414   .8845772    .538599   .0059426   .5502465   .5269514 |
     |----------------------------------------------------------------------------------------------|
  3. | 2005    .885645   .0014937   .8885726   .8827174   .5193532   .0061282   .5313644   .5073419 |
     |----------------------------------------------------------------------------------------------|
  4. | 2006   .8831792   .0015034   .8861259   .8802325   .5280218   .0059852   .5397527   .5162909 |
     |----------------------------------------------------------------------------------------------|
  5. | 2007   .8718146   .0015828    .874917   .8687122   .5070181   .0058806    .518544   .4954922 |
     |----------------------------------------------------------------------------------------------|
  6. | 2008   .8571211   .0016254   .8603069   .8539353   .4748013   .0056706   .4859156   .4636869 |
     |----------------------------------------------------------------------------------------------|
  7. | 2009   .8484579   .0016402   .8516727    .845243   .4990934   .0056208   .5101102   .4880767 |
     |----------------------------------------------------------------------------------------------|
  8. | 2010   .8252884   .0016892   .8285992   .8219776   .4088113    .005304   .4192071   .3984155 |
     |----------------------------------------------------------------------------------------------|
  9. | 2011   .7878027   .0019837   .7916908   .7839146   .3889959   .0054726   .3997222   .3782696 |
     |----------------------------------------------------------------------------------------------|
 10. | 2012   .7789733   .0019424   .7827805   .7751662   .3807962   .0052787   .3911424   .3704499 |
     |----------------------------------------------------------------------------------------------|
 11. | 2013   .7659159   .0019262   .7696912   .7621406   .2940523   .0049798   .3038126   .2842919 |
     |----------------------------------------------------------------------------------------------|
 12. | 2014   .7384732   .0016836    .741773   .7351735   .2937875   .0040398   .3017055   .2858695 |
     |----------------------------------------------------------------------------------------------|
 13. | 2015   .7419422   .0017118   .7452973   .7385871   .3239965   .0041404   .3321117   .3158812 |
     |----------------------------------------------------------------------------------------------|
 14. | 2016   .7722217   .0016167   .7753904    .769053   .3404721   .0041361   .3485788   .3323653 |
     |----------------------------------------------------------------------------------------------|
 15. | 2017   .7774625   .0016224   .7806424   .7742826   .3543459   .0041488   .3624775   .3462143 |
     |----------------------------------------------------------------------------------------------|
 16. | 2018   .8001006   .0020902   .8041973   .7960038   .3569915   .0053387   .3674552   .3465278 |
     |----------------------------------------------------------------------------------------------|
 17. | 2019   .8060868   .0020569   .8101183   .8020554   .4036509   .0054394    .414312   .3929897 |
     |----------------------------------------------------------------------------------------------|
 18. | 2020   .8491516   .0026248   .8542961    .844007   .4580081   .0071564   .4720347   .4439814 |
     |----------------------------------------------------------------------------------------------|
 19. | 2021   .8366209   .0027692   .8420484   .8311933   .4706509   .0068107   .4839998   .4573019 |
     |----------------------------------------------------------------------------------------------|
 20. | 2022   .8290027   .0028615   .8346112   .8233943   .4431114    .006808   .4564552   .4297677 |
     |----------------------------------------------------------------------------------------------|
 21. | 2023   .8379192   .0028186   .8434437   .8323948    .424773   .0069504   .4383958   .4111503 |
     |----------------------------------------------------------------------------------------------|
 22. | 2024   .8397254   .0028041   .8452215   .8342292   .4294707   .0070976   .4433819   .4155595 |
     |----------------------------------------------------------------------------------------------|
 23. | 2025   .8285559   .0028869   .8342143   .8228975   .4770798   .0069398   .4906819   .4634778 |
     +----------------------------------------------------------------------------------------------+

.     sum se_0 se_1

    Variable |        Obs        Mean    Std. dev.       Min        Max
-------------+---------------------------------------------------------
        se_0 |         23    .0019958    .0005177    .001445   .0028869
        se_1 |         23    .0057138    .0009849   .0040398   .0071564

.     gen diff    = informal20 - informal21

.     gen se_diff = sqrt(se_0^2 + se_1^2)

.     gen p_value = 2 * normal(-abs(diff / se_diff))

.     gen sig     = (p_value < 0.05)

.     list anio diff p_value sig if !sig, noobs sep(0)

.     foreach g in 0 1 {
  2.         replace informal2`g' = informal2`g' * 100
  3.         replace ub_`g'       = ub_`g'       * 100
  4.         replace lb_`g'       = lb_`g'       * 100
  5.     }
(23 real changes made)
(23 real changes made)
(23 real changes made)
(23 real changes made)
(23 real changes made)
(23 real changes made)

. 
.     * --- Etiquetas de valor solo en años seleccionados ---
.     gen lbl_0 = informal20 if inlist(anio, 2003, 2006, 2014, 2020, 2025)
(18 missing values generated)

.     gen lbl_1 = informal21 if inlist(anio, 2003, 2006, 2014, 2020, 2025)
(18 missing values generated)

.     format lbl_0 lbl_1 %9.1f

. 
.     twoway ///
>         (connected informal20 anio, sort lcolor(navy) mcolor(navy) lwidth(medium)) ///
>         (connected informal21 anio, sort lcolor(maroon) mcolor(maroon) lwidth(medium)) ///
>         (scatter lbl_0 anio, msymbol(none) mlabel(lbl_0) mlabposition(12) mlabcolor(navy)   mlabsize(vsmall)) ///
>         (scatter lbl_1 anio, msymbol(none) mlabel(lbl_1) mlabposition(6)  mlabcolor(maroon) mlabsize(vsmall)), ///
>         legend(order(1 "No universitaria" 2 "Universitaria") position(6) rows(1)) ///
>         xlabel(2003(2)2025, angle(90)) ///
>         xtitle("") ///
>         ylabel(20(10)100, format(%9.0f)) ///
>         ytitle("Informalidad (%)") ///
>         yscale(range(30 100)) ///
>         graphregion(color(white)) bgcolor(white) ///
>         name(informal2_educ, replace)

.     graph export "$out_results/Graficos/informal2_educ.png", replace width(3000)
file /Users/santiago/Library/CloudStorage/GoogleDrive-observatorio.pobreza@flacso.edu.ec/Mi unidad/Boletín 3/4. Resultados/informalidad/Graficos/informal2_educ.png written in PNG format

. restore

. 
. /*
> 
> * Urbano
> preserve 
>     keep if area == 1
>     keep if anio >= 2003 & anio <= 2024
>     drop if missing(educ_univ)
>     gen uno = 1
>     collapse (mean) informal2 (sum) N=uno [iw = fexp] if !inlist(anio, 2001, 2002), by(anio educ_univ)
>     tab educ_univ
>     reshape wide informal2 N, i(anio) j(educ_univ)
>     foreach g in 0 1 {
>         gen se_`g' = sqrt((informal2`g'*(1-informal2`g'))/N`g')
>         gen ub_`g' = informal2`g' + 1.96*se_`g'
>         gen lb_`g' = informal2`g' - 1.96*se_`g'
>         replace ub_`g' = min(ub_`g', 1)
>         replace lb_`g' = max(lb_`g', 0)
>     }
>     list anio informal20 se_0 ub_0 lb_0 informal21 se_1 ub_1 lb_1, sepby(anio)
>     sum se_0 se_1
>     gen diff    = informal20 - informal21
>     gen se_diff = sqrt(se_0^2 + se_1^2)
>     gen p_value = 2 * normal(-abs(diff / se_diff))
>     gen sig     = (p_value < 0.05)
>     list anio diff p_value sig if !sig, noobs sep(0)
>         foreach g in 0 1 {
>                 replace informal2`g' = informal2`g' * 100
>                 replace ub_`g'       = ub_`g'       * 100
>                 replace lb_`g'       = lb_`g'       * 100
>         }
>     twoway ///
>         (rarea ub_0 lb_0 anio, sort color(navy%30)) ///
>         (connected informal20 anio, sort lcolor(navy) mcolor(navy) lwidth(medium)) ///
>         (rarea ub_1 lb_1 anio, sort color(maroon%30)) ///
>         (connected informal21 anio, sort lcolor(maroon) mcolor(maroon) lwidth(medium)), ///
>         legend(order(2 "No universitaria" 4 "Universitaria")) ///
>         xlabel(2000(2)2024, angle(45)) ///
>         ylabel(50(10)100, format(%9.0f)) ///
>         ytitle("Informalidad (%)") ///
>         yscale(range(50 100)) ///
>         graphregion(color(white)) bgcolor(white) ///
>         name(informal2_educ_urb_IC, replace)
>   *  graph export "$out_results/informal2_educ_urb_IC.png", replace
> restore
> */
. 
. * ============================================================
. **# Gráfico: % informalidad por decil de ingresos laborales
. * ============================================================
. 
. /*
> Revisión:
> 
> preserve
> keep if anio == 2024
> keep if ingrl != . & ingrl > 0   
> xtile decile = ingrl [pw = fexp], nq(10)
> tab decile
> tab decile informal2 if anio == 2024, nofreq row
> bysort decile: sum ingrl
> gen a = ingrl == 460 
> restore
> */
. 
. preserve

.     * --- Filtro de población ocupada con ingreso válido ---
.     keep if mi_pea == 1
(529,994 observations deleted)

.     keep if ingrl != . & ingrl > 0
(195,357 observations deleted)

.     keep if anio == 2019 | anio == 2024
(741,703 observations deleted)

. 
.     * --- Deciles ponderados dentro de cada año ---
.     gen decil = .
(35,397 missing values generated)

.     levelsof anio, local(years)
2019 2024

.     foreach y of local years {
  2.         xtile decil_`y' = ingrl [pw=fexp] if anio == `y', nq(10)
  3.         replace decil = decil_`y' if anio == `y'
  4.         drop decil_`y'
  5.     }
(23,672 real changes made)
(11,725 real changes made)

. 
.     keep if decil >= 6
(16,639 observations deleted)

. 
.     * --- Colapsar: informalidad por decil y año ---
.     collapse (mean) inf2=informal2 [pw=fexp], by(decil anio)

.         export excel using "$out_results/informalidad_deciles_ingreso.xlsx", replace firstrow(var)
file /Users/santiago/Library/CloudStorage/GoogleDrive-observatorio.pobreza@flacso.edu.ec/Mi unidad/Boletín 3/4. Resultados/informalidad/informalidad_deciles_ingreso.xlsx saved

.     replace inf2 = inf2 * 100
(10 real changes made)

. 
.     reshape wide inf2, i(decil) j(anio)
(j = 2019 2024)

Data                               Long   ->   Wide
-----------------------------------------------------------------------------
Number of observations               10   ->   5           
Number of variables                   3   ->   3           
j variable (2 values)              anio   ->   (dropped)
xij variables:
                                   inf2   ->   inf22019 inf22024
-----------------------------------------------------------------------------

. 
.     * --- Etiquetas de valor para todos los deciles ---
.     gen lbl_2019 = inf22019

.     gen lbl_2024 = inf22024

.     format lbl_2019 lbl_2024 %9.1f

. 
.     * --- Posición de etiquetas ---
.     * Azul abajo (6), rojo arriba (12); en decil 10 se invierten
.     gen pos_navy   = 6

.     gen pos_maroon = 12

.     replace pos_navy   = 12 if decil == 10
(1 real change made)

.     replace pos_maroon = 6  if decil == 10
(1 real change made)

. 
.     twoway ///
>         (connected inf22019 decil, sort lcolor(navy) mcolor(navy) lwidth(medium)) ///
>         (connected inf22024 decil, sort lcolor(maroon) mcolor(maroon) lwidth(medium)) ///
>         (scatter lbl_2019 decil, msymbol(none) mlabel(lbl_2019) mlabposition(pos_navy)   mlabcolor(navy)   mlabsize(vsmall)) ///
>         (scatter lbl_2024 decil, msymbol(none) mlabel(lbl_2024) mlabposition(pos_maroon) mlabcolor(maroon) mlabsize(vsmall)), ///
>         legend(order(1 "2019" 2 "2024") position(6) rows(1)) ///
>         xlabel(6(1)10) ///
>         xtitle("") ///
>         ylabel(20(10)100, format(%9.0f)) ///
>         ytitle("Informalidad (%)") ///
>         yscale(range(30 100)) ///
>         graphregion(color(white)) bgcolor(white) ///
>         name(informal2_decil, replace)
(note:  named style pos_navy not found in class clockdir, default attributes used)
(note:  named style pos_maroon not found in class clockdir, default attributes used)

.     graph export "$out_results/Graficos/informal2_decil.png", replace width(3000)
file /Users/santiago/Library/CloudStorage/GoogleDrive-observatorio.pobreza@flacso.edu.ec/Mi unidad/Boletín 3/4. Resultados/informalidad/Graficos/informal2_decil.png written in PNG format

. restore

. 
. 
. 
. 
. foreach y of numlist 2009(1)2016{
  2. 
. foreach v of varlist affiliated adec no_remunerado tiene_ruc {
  3.         cap gen `v'_mis = missing(`v')
  4.         *tab anio `v'_mis if anio == `y'
. } 
  5. 
. }

. 
. 
. 
. 
. 
. 
. 
. 
. keep if edad >= 15
(0 observations deleted)

. 
. 
. 
. foreach var of varlist affiliated adec* no_remunerado tiene_ruc {
  2.         gen `var'_a = `var'
  3.         replace `var'_a = . if inrange(condact, 5, 8) & anio < 2001
  4.         replace `var'_a = . if inlist(condactn, 0, 7, 8, 9) & anio >= 2003
  5. }
(572,422 missing values generated)
(0 real changes made)
(0 real changes made)
(586,494 missing values generated)
(0 real changes made)
(0 real changes made)
(586,494 missing values generated)
(0 real changes made)
(0 real changes made)
(109,022 real changes made, 109,022 to missing)
(347,421 real changes made, 347,421 to missing)
(572,120 missing values generated)
(0 real changes made)
(0 real changes made)
(953,292 missing values generated)
(0 real changes made)
(0 real changes made)

. 
. 
. 
. 
end of do-file

OK  analisis_descriptivo.do  (  48.0 segundos)


------------------------------------------------------------------------------
>>> [pobreza] run_all.do   (21:52:30)
------------------------------------------------------------------------------

. *------------------------------------------------------------------------------*
. * run_all.do — Master file: corre toda la cadena de pobreza laboral
. *------------------------------------------------------------------------------*
. * Uso:
. *     do "run_all.do"
. *
. * Se puede ejecutar desde cualquier directorio: el master se ubica solo.
. * Para saltar etapas, cambie los interruptores de abajo a 0.
. *
. * Etapas:
. *     01  Construye el panel armonizado 2001-2025 desde las bases de ENEMDU
. *     05  Valida que la replica reproduce los archivos publicados
. *     02  Calcula las series corregidas y los Graficos 9, 10 y 11
. *     03  Cuantifica el efecto de cada error
. *     04  Composicion de los ocupados pobres por horas trabajadas
. *
. * Dependencias: 05, 02 y 03 necesitan el panel de 01. 03 y 04 necesitan
. * ademas el panel final que produce 02. Respete el orden si salta etapas.
. *------------------------------------------------------------------------------*
. 
. clear all

. set more off

. version 15.1

. 
. *--- Interruptores ---*
. local hacer_01 1      // panel (es la etapa lenta)

. local hacer_05 1      // validacion contra lo publicado

. local hacer_02 1      // series corregidas y graficos

. local hacer_03 1      // cuantificacion del impacto

. local hacer_04 1      // descriptivos de horas

. 
. *------------------------------------------------------------------------------*
. * Ubicar la carpeta de codigo
. *------------------------------------------------------------------------------*
. capture confirm file "00_config.do"

. if _rc {
.     local u = c(username)
.     if "`u'" == "vero" {
.         local gh_root "/Users/vero/Documents/Observatorio GH/Observatorio-Desigualdad-Pobreza"
.     }
.     else if "`u'" == "santiago" {
.         local gh_root "/Users/santiago/Documents/GitHub/Observatorio-Desigualdad-Pobreza"
.     }
.     else {
.         display as error "Usuario `u' no configurado. Ejecute el master desde su propia carpeta."
.         error 198
.     }
.     quietly cd "`gh_root'/Boletín 3/2. Pobreza laboral/corregido"
. 
.     capture confirm file "00_config.do"
.     if _rc {
.         display as error "No se encuentra 00_config.do en `c(pwd)'"
.         error 601
.     }
. }

. 
. local codigo "`c(pwd)'"

. display as text "Carpeta de codigo: `codigo'"
Carpeta de codigo: /Users/santiago/Documents/GitHub/Observatorio-Desigualdad-Pobreza/Boletín 3/2. Pobreza laboral/corregido

. 
. *------------------------------------------------------------------------------*
. * Bitacora
. *------------------------------------------------------------------------------*
. * Se usa una bitacora con NOMBRE y se cierra solo esa. Un "log close _all"
. * cerraria tambien el log que abre quien invoque este master (por ejemplo, el
. * generador del boletin, que corre los .do con "stata -b do" y despues lee ese
. * log para detectar errores).
. capture log close runall

. local marca = subinstr("`c(current_date)'", " ", "", .) + "_" + ///
>               subinstr(substr("`c(current_time)'", 1, 5), ":", "", .)

. log using "`codigo'/run_all_`marca'.log", replace text name(runall)
(file /Users/santiago/Documents/GitHub/Observatorio-Desigualdad-Pobreza/Boletín 3/2. Pobreza laboral/corregido/run_all_16Sep2026_2152.log not found)
----------------------------------------------------------------------------------------------------------------------------------------------------------------------------------------------------------------------------
      name:  runall
       log:  /Users/santiago/Documents/GitHub/Observatorio-Desigualdad-Pobreza/Boletín 3/2. Pobreza laboral/corregido/run_all_16Sep2026_2152.log
  log type:  text
 opened on:  16 Sep 2026, 21:52:30

. 
. display as text _n(2) "{hline 78}"


------------------------------------------------------------------------------

. display as text "POBREZA LABORAL — corrida completa"
POBREZA LABORAL — corrida completa

. display as text "Inicio: `c(current_date)' `c(current_time)'"
Inicio: 16 Sep 2026 21:52:30

. display as text "{hline 78}"
------------------------------------------------------------------------------

. 
. *------------------------------------------------------------------------------*
. * Ejecucion
. *------------------------------------------------------------------------------*
. local fallidas ""

. local corridas ""

. 
. foreach par in "01 01_panel" "05 05_validacion" "02 02_indicadores" ///
>                "03 03_impacto" "04 04_descriptivos" {
  2. 
.     local num : word 1 of `par'
  3.     local scr : word 2 of `par'
  4. 
.     if !`hacer_`num'' {
  5.         display as text _n "--- `scr'.do: OMITIDA por interruptor ---"
  6.         continue
  7.     }
  8. 
.     display as text _n(2) "{hline 78}"
  9.     display as text ">>> `scr'.do   (`c(current_time)')"
 10.     display as text "{hline 78}"
 11. 
.     * Se mide con reloj de pared: "clear all" dentro de cada script borra los
.     * timers de Stata, asi que no se pueden usar aqui.
.     local t0 = clock("`c(current_date)' `c(current_time)'", "DMY hms")
 12.     capture noisily do "`codigo'/`scr'.do"
 13.     local rc = _rc
 14.     local t1 = clock("`c(current_date)' `c(current_time)'", "DMY hms")
 15.     local seg = (`t1' - `t0') / 1000
 16. 
.     * Cada script hace "clear all", que puede dejar el directorio de trabajo
.     * intacto pero conviene reafirmarlo antes de la siguiente etapa.
.     quietly cd "`codigo'"
 17. 
.     if `rc' {
 18.         display as error _n "!!! `scr'.do fallo con codigo de error `rc'"
 19.         local fallidas "`fallidas' `scr'"
 20.         display as error "Se interrumpe la cadena: las etapas siguientes dependen de esta."
 21.         continue, break
 22.     }
 23.     else {
 24.         display as result _n "OK  `scr'.do  (" %6.1f `seg' " segundos)"
 25.         local corridas "`corridas' `scr'"
 26.     }
 27. }


------------------------------------------------------------------------------
>>> 01_panel.do   (21:52:30)
------------------------------------------------------------------------------

. *------------------------------------------------------------------------------*
. * 01_panel.do — Construye el panel armonizado 2001-2025 de pobreza laboral
. *------------------------------------------------------------------------------*
. * Guarda DOS juegos de insumos:
. *   (a) las versiones corregidas  (sufijo _ok)
. *   (b) las versiones tal como las produce el codigo original (sufijo _orig)
. * Esto permite cuantificar el efecto de cada error sin volver a leer las bases.
. *
. * Mapa real de la condicion de actividad en las bases (verificado):
. *   2001-2005  condact  (clasificacion ANTIGUA, 0/1-8; ocupado = 0..4)
. *   2007-2013  CONDACT + CONDACTN  (MAYUSCULAS)
. *   2014-2015  condact + condactn
. *   2016-2017  condactn  unicamente
. *   2018-2025  condact   unicamente, pero con la clasificacion NUEVA (0-9)
. * En la clasificacion NUEVA ocupado = 1..6 (no ocupado = 0,7,8,9).
. *------------------------------------------------------------------------------*
. 
. do "00_config.do"

. *------------------------------------------------------------------------------*
. * 00_config.do — Rutas y parametros comunes (Pobreza laboral, Boletin 3)
. *------------------------------------------------------------------------------*
. * Detecta la raiz de Google Drive segun el usuario de la maquina, en lugar de
. * fijar "/Users/vero/...". Si se agrega un colaborador, basta con anadir su caso.
. *------------------------------------------------------------------------------*
. 
. clear all

. set more off

. version 15.1

. set varabbrev off

. 
. local u = c(username)

. 
. if "`u'" == "vero" {
.     global user_root "/Users/vero/Library/CloudStorage/GoogleDrive-observatorio.pobreza@flacso.edu.ec/Mi unidad"
.     global gh_root   "/Users/vero/Documents/Observatorio GH/Observatorio-Desigualdad-Pobreza"
. }

. else if "`u'" == "santiago" {
.     global user_root "/Users/santiago/Library/CloudStorage/GoogleDrive-observatorio.pobreza@flacso.edu.ec/Mi unidad"
.     global gh_root   "/Users/santiago/Documents/GitHub/Observatorio-Desigualdad-Pobreza"
. }

. else {
.     display as error "Usuario `u' no configurado en 00_config.do. Defina user_root y gh_root."
.     error 198
. }

. 
. capture confirm file "$user_root/Bases/ENEMDU/Procesadas/ingresos_pc/Nacional/ing_perca_2001_nac_precios2000.dta"

. if _rc {
.     display as error "No se encuentra la carpeta de bases en: $user_root"
.     error 601
. }

. 
. global nacional    "$user_root/Bases/ENEMDU/Procesadas/ingresos_pc/Nacional"

. global lineas_xlsx "$user_root/Bases/lineas_pobreza/lineas_de_pobreza_historica.xlsx"

. 
. * Salidas en carpeta propia: NO se sobrescriben los resultados publicados.
. global outdir   "$user_root/Boletín 3/4. Resultados/pobreza laboral/corregido"

. global paneldir "$user_root/Bases/ENEMDU/Procesadas/ingresos_pc/pobreza"

. 
. capture mkdir "$user_root/Boletín 3/4. Resultados/pobreza laboral"

. capture mkdir "$outdir"

. capture mkdir "$paneldir"

. 
. * Anios procesados: rondas de diciembre disponibles a nivel nacional.
. global anios "2001(2)2007 2008(1)2025"

. 
. display as text "Configuracion lista para usuario `u'."
Configuracion lista para usuario santiago.

. 
end of do-file

. 
. *--- Lineas de pobreza anuales (diciembre, precios corrientes) ---*
. tempfile lineas

. import excel using "$lineas_xlsx", clear
(5 vars, 58 obs)

. rename A anio

. rename C linea_pobreza

. keep anio linea_pobreza

. foreach v in anio linea_pobreza {
  2.     capture confirm numeric variable `v'
  3.     if _rc destring `v', replace force
  4. }
anio: contains nonnumeric characters; replaced as int
(1 missing value generated)
linea_pobreza: contains nonnumeric characters; replaced as double
(1 missing value generated)

. drop if missing(anio) | missing(linea_pobreza)
(1 observation deleted)

. duplicates drop anio, force

Duplicates in terms of anio

(0 observations are duplicates)

. save `lineas', replace
(file /var/folders/v8/j2_3wzqd1rqc2l_95p5k_2l00000gn/T//St28152.000001 not found)
file /var/folders/v8/j2_3wzqd1rqc2l_95p5k_2l00000gn/T//St28152.000001 saved as .dta format

. 
. *--- Procesamiento anio por anio ---*
. local anios_all

. foreach y of numlist $anios {
  2.     local anios_all `anios_all' `y'
  3. }

. 
. * Las variables de diseno muestral cambian de tipo entre anios (plan_muestreo y
. * estrato son string en algunos, numericas en otros). Se guardan todas como
. * string para que el append nunca falle por conflicto de tipos.
. local svyvars ciudad zona sector plan_muestreo estrato upm

. 
. foreach y of local anios_all {
  2. 
.     local infile "$nacional/ing_perca_`y'_nac_precios2000.dta"
  3. 
.     capture confirm file "`infile'"
  4.     if _rc {
  5.         display as error "No existe el archivo: `infile'"
  6.         error 601
  7.     }
  8. 
.     * Linea de pobreza del anio
.     quietly use `lineas', clear
  9.     quietly keep if anio == `y'
 10.     if _N != 1 {
 11.         display as error "No hay linea de pobreza unica para `y'"
 12.         error 459
 13.     }
 14.     local lp = linea_pobreza[1]
 15. 
.     * Solo se cargan las variables que existen en ese anio
.     quietly describe using "`infile'", varlist
 16.     local vl `r(varlist)'
 17.     local loadv
 18.     foreach v in ingtot_per ing_lab fexp area sexo p02 edad p03 p24 hortrasa ///
>                  p25 p27 p28 nivinst nnivins p10a ///
>                  condact condactn CONDACT CONDACTN `svyvars' {
 19.         local h : list posof "`v'" in vl
 20.         if `h' local loadv `loadv' `v'
 21.     }
 22. 
.     quietly use `loadv' using "`infile'", clear
 23.     quietly generate int anio = `y'
 24. 
.     *--- Armonizacion de nombres ---*
.     capture confirm variable hortrasa
 25.     if !_rc rename hortrasa p24
 26. 
.     capture confirm variable p03
 27.     if !_rc rename p03 edad
 28. 
.     capture confirm variable sexo
 29.     if _rc {
 30.         capture confirm variable p02
 31.         if !_rc  generate byte sexo = p02
 32.         else     generate byte sexo = .
 33.     }
 34. 
.     foreach v in p24 edad p25 p27 p28 {
 35.         capture confirm variable `v'
 36.         if _rc quietly generate double `v' = .
 37.     }
 38. 
.     *--- Condicion de actividad: version CORREGIDA ---*
.     * cond_nueva = clasificacion nueva (0-9); cond_vieja = clasificacion antigua
.     quietly generate byte cond_nueva = .
 39.     quietly generate byte cond_vieja = .
 40. 
.     if inrange(`y', 2001, 2005) {
 41.         quietly replace cond_vieja = condact
 42.     }
 43.     else if inrange(`y', 2007, 2013) {
 44.         quietly replace cond_nueva = CONDACTN
 45.         quietly replace cond_vieja = CONDACT
 46.     }
 47.     else if inrange(`y', 2014, 2015) {
 48.         quietly replace cond_nueva = condactn
 49.         quietly replace cond_vieja = condact
 50.     }
 51.     else if inrange(`y', 2016, 2017) {
 52.         quietly replace cond_nueva = condactn
 53.     }
 54.     else if `y' >= 2018 {
 55.         quietly replace cond_nueva = condact
 56.     }
 57. 
.     * Ocupado corregido: nunca imputa 1 a los valores perdidos.
.     quietly generate byte ocupado_ok = .
 58.     quietly replace ocupado_ok = inrange(cond_nueva, 1, 6) if !missing(cond_nueva)
 59.     quietly replace ocupado_ok = inrange(cond_vieja, 0, 4) ///
>         if missing(cond_nueva) & !missing(cond_vieja)
 60. 
.     *--- Condicion de actividad: replica EXACTA del codigo original ---*
.     * El original hacia: cap confirm variable CONDACT / if !_rc rename CONDACTN*, lower
.     * y despues keep ... condact*  (patron sensible a mayusculas).
.     quietly generate byte condact_orig  = .
 61.     quietly generate byte condactn_orig = .
 62. 
.     capture confirm variable CONDACTN
 63.     if !_rc quietly replace condactn_orig = CONDACTN          // 2007-2013
 64.     capture confirm variable condactn
 65.     if !_rc quietly replace condactn_orig = condactn          // 2014-2017
 66.     capture confirm variable condact
 67.     if !_rc quietly replace condact_orig = condact            // 2001-2005, 2014-2015, 2018-2025
 68.     * CONDACT en mayusculas se perdia con "keep condact*": se replica ese descarte.
. 
.     *--- Educacion superior ---*
.     * Codigos verificados:
.     *   2001        nivinst: 6=superior, 7=postgrado
.     *   2003-2005   nivinst: 8=superior no univ., 9=superior univ., 10=postgrado
.     *   2007+       p10a   : 8=superior no univ., 9=superior univ., 10=postgrado
.     * _ok    = educacion superior en sentido amplio (incluye superior no universitaria),
.     *          comparable con el codigo 6 de 2001.
.     * _orig  = lo que hacia el codigo original (excluia superior no universitaria
.     *          desde 2003, pero la incluia en 2001).
.     quietly generate byte educsup_ok   = .
 69.     quietly generate byte educsup_orig = .
 70. 
.     if `y' == 2001 {
 71.         quietly replace educsup_ok   = inlist(nivinst, 6, 7) if !missing(nivinst)
 72.         quietly replace educsup_orig = inlist(nivinst, 6, 7) if !missing(nivinst)
 73.     }
 74.     else if inrange(`y', 2003, 2005) {
 75.         quietly replace educsup_ok   = inlist(nivinst, 8, 9, 10) if !missing(nivinst)
 76.         quietly replace educsup_orig = inlist(nivinst, 9, 10)    if !missing(nivinst)
 77.     }
 78.     else {
 79.         quietly replace educsup_ok   = inlist(p10a, 8, 9, 10) if !missing(p10a)
 80.         quietly replace educsup_orig = inlist(p10a, 9, 10)    if !missing(p10a)
 81.     }
 82. 
.     *--- Pobreza ---*
.     * ingtot_per esta en precios corrientes, igual que linea_pobreza_dic. Coherente.
.     quietly generate double linea_pobreza   = `lp'
 83.     quietly generate double ingreso_pobreza = ingtot_per
 84.     quietly generate byte   pobreza = (ingreso_pobreza < linea_pobreza) ///
>         if !missing(ingreso_pobreza)
 85. 
.     *--- Variables de diseno muestral presentes ese anio ---*
.     foreach v of local svyvars {
 86.         capture confirm variable `v'
 87.         if _rc {
 88.             quietly generate str1 `v' = ""
 89.         }
 90.         else {
 91.             capture confirm string variable `v'
 92.             if _rc quietly tostring `v', replace force
 93.         }
 94.     }
 95. 
.     quietly keep anio fexp sexo area edad p24 p25 p27 p28 ///
>                  ing_lab ingtot_per ingreso_pobreza linea_pobreza pobreza ///
>                  cond_nueva cond_vieja ocupado_ok condact_orig condactn_orig ///
>                  educsup_ok educsup_orig `svyvars'
 96. 
.     quietly compress
 97.     tempfile a`y'
 98.     quietly save `a`y''
 99. 
.     quietly count if pobreza == 1
100.     local np = r(N)
101.     quietly count if !missing(pobreza)
102.     local nv = r(N)
103.     display as text "`y': linea = " as result %7.2f `lp' ///
>         as text "  pobres/validos = " as result %9.0fc `np' as text " / " as result %9.0fc `nv'
104. }
2001: linea =   45.34  pobres/validos =    33,582 /    57,163
2003: linea =   52.97  pobres/validos =    49,892 /    82,038
2005: linea =   55.50  pobres/validos =    37,289 /    75,829
2007: linea =   58.83  pobres/validos =    32,058 /    75,629
2008: linea =   64.20  pobres/validos =    32,129 /    77,796
2009: linea =   66.78  pobres/validos =    32,225 /    77,808
2010: linea =   69.05  pobres/validos =    31,155 /    82,004
2011: linea =   72.87  pobres/validos =    23,075 /    68,741
2012: linea =   76.34  pobres/validos =    23,823 /    72,621
2013: linea =   78.10  pobres/validos =    24,679 /    80,889
2014: linea =   81.04  pobres/validos =    31,582 /   115,710
2015: linea =   83.79  pobres/validos =    30,924 /   111,733
2016: linea =   84.68  pobres/validos =    31,599 /   113,309
2017: linea =   84.49  pobres/validos =    27,513 /   109,607
2018: linea =   84.79  pobres/validos =    12,181 /    59,022
2019: linea =   84.82  pobres/validos =    11,879 /    58,895
2020: linea =   84.05  pobres/validos =     8,087 /    30,326
2021: linea =   85.60  pobres/validos =     5,870 /    29,787
2022: linea =   88.72  pobres/validos =     4,991 /    28,838
2023: linea =   90.08  pobres/validos =     4,829 /    28,168
2024: linea =   91.43  pobres/validos =     4,411 /    27,454
2025: linea =   92.40  pobres/validos =     3,960 /    27,675

. 
. *--- Union de todos los anios ---*
. clear

. local first 1

. foreach y of local anios_all {
  2.     if `first' {
  3.         use `a`y'', clear
  4.         local first 0
  5.     }
  6.     else {
  7.         append using `a`y''
  8.     }
  9. }
(variable sector was str2, now str3 to accommodate using data's values)
(label area already defined)
(label sexo already defined)
(label area already defined)
(label sexo already defined)
(variable ing_lab was int, now long to accommodate using data's values)
(variable fexp was float, now double to accommodate using data's values)
(label area already defined)
(label area already defined)
(label p03 already defined)
(label p24 already defined)
(label p25 already defined)
(label p27 already defined)
(label p28 already defined)
(label ingrl already defined)
(label area already defined)
(label p03 already defined)
(label p24 already defined)
(label p25 already defined)
(label p27 already defined)
(label p28 already defined)
(label ingrl already defined)
(variable ing_lab was long, now double to accommodate using data's values)
(label area already defined)
(label p03 already defined)
(label p24 already defined)
(label p25 already defined)
(label p27 already defined)
(label p28 already defined)
(label area already defined)
(label p03 already defined)
(label p24 already defined)
(label p25 already defined)
(label p27 already defined)
(label p28 already defined)
(label area already defined)
(label p03 already defined)
(label p24 already defined)
(label p25 already defined)
(label p27 already defined)
(label p28 already defined)
(label area already defined)
(label p03 already defined)
(label p24 already defined)
(label p25 already defined)
(label p27 already defined)
(label p28 already defined)
(variable plan_muestreo was str1, now str4 to accommodate using data's values)
(label labels33 already defined)
(label labels36 already defined)
(label labels0 already defined)
(label labels6 already defined)
(label labels33 already defined)
(label labels34 already defined)
(label labels36 already defined)
(label labels37 already defined)
(label labels37 already defined)
(label labels36 already defined)
(label labels34 already defined)
(label labels33 already defined)
(label labels6 already defined)
(label labels0 already defined)
(variable estrato was str1, now str4 to accommodate using data's values)
(variable upm was str1, now str12 to accommodate using data's values)
(label labels34 already defined)
(label labels33 already defined)
(label labels5 already defined)
(label labels0 already defined)
(label labels31 already defined)
(label labels30 already defined)
(label labels6 already defined)
(label labels0 already defined)
(label labels35 already defined)
(label labels34 already defined)
(label labels31 already defined)
(label labels30 already defined)
(label labels6 already defined)
(label labels0 already defined)
(label labels31 already defined)
(label labels30 already defined)
(label labels28 already defined)
(label labels27 already defined)
(label labels6 already defined)
(label labels0 already defined)
(label labels33 already defined)
(label labels32 already defined)
(label labels30 already defined)
(label labels6 already defined)
(label labels0 already defined)
(label labels33 already defined)
(label labels32 already defined)
(label labels30 already defined)
(label labels29 already defined)
(label labels6 already defined)
(label labels0 already defined)
(label area already defined)
(label p03 already defined)
(label p24 already defined)
(label p25 already defined)
(label p27 already defined)
(label p28 already defined)
(label labels33 already defined)
(label labels32 already defined)
(label labels30 already defined)
(label labels29 already defined)
(label labels6 already defined)
(label labels0 already defined)

. 
. *--- Ocupado: replica EXACTA del error original ---*
. * El original parchaba condactn solo para 2019-2025, dejando 2018 sin condactn,
. * y usaba !inlist()/!inrange() sin excluir los valores perdidos (missing -> 1).
. generate byte condactn_bug = condactn_orig
(512,063 missing values generated)

. replace condactn_bug = condact_orig if inrange(anio, 2019, 2025)
(232,597 real changes made)

. 
. generate byte ocupado_orig = !inlist(condactn_bug, 0, 7, 8, 9) if anio >= 2007
(220,116 missing values generated)

. replace ocupado_orig = !inrange(condact_orig, 5, 8) if anio < 2007
(220,116 real changes made)

. 
. label variable ocupado_ok   "Ocupado (corregido)"

. label variable ocupado_orig "Ocupado (replica del codigo original)"

. label variable educsup_ok   "Educacion superior (amplia, comparable)"

. label variable educsup_orig "Educacion superior (definicion del codigo original)"

. label variable pobreza      "Ingreso per capita del hogar bajo la linea de pobreza"

. 
. label define pobreza_lbl 0 "No pobre" 1 "Pobre", replace

. label values pobreza pobreza_lbl

. 
. compress
  variable ing_lab was double now long
  (6,031,192 bytes saved)

. save "$paneldir/panel_pobreza_laboral.dta", replace
file /Users/santiago/Library/CloudStorage/GoogleDrive-observatorio.pobreza@flacso.edu.ec/Mi unidad/Bases/ENEMDU/Procesadas/ingresos_pc/pobreza/panel_pobreza_laboral.dta saved

. 
. display as text _n "Panel guardado: $paneldir/panel_pobreza_laboral.dta"

Panel guardado: /Users/santiago/Library/CloudStorage/GoogleDrive-observatorio.pobreza@flacso.edu.ec/Mi unidad/Bases/ENEMDU/Procesadas/ingresos_pc/pobreza/panel_pobreza_laboral.dta

. tabulate anio, missing

       anio |      Freq.     Percent        Cum.
------------+-----------------------------------
       2001 |     60,749        4.03        4.03
       2003 |     82,317        5.46        9.49
       2005 |     77,050        5.11       14.60
       2007 |     76,921        5.10       19.70
       2008 |     78,742        5.22       24.92
       2009 |     78,878        5.23       30.15
       2010 |     82,774        5.49       35.64
       2011 |     69,653        4.62       40.26
       2012 |     73,686        4.89       45.15
       2013 |     81,386        5.40       50.55
       2014 |    116,505        7.73       58.27
       2015 |    112,821        7.48       65.76
       2016 |    114,086        7.57       73.32
       2017 |    110,283        7.31       80.64
       2018 |     59,350        3.94       84.57
       2019 |     59,208        3.93       88.50
       2020 |     30,646        2.03       90.53
       2021 |     30,026        1.99       92.52
       2022 |     28,993        1.92       94.45
       2023 |     28,306        1.88       96.32
       2024 |     27,610        1.83       98.16
       2025 |     27,808        1.84      100.00
------------+-----------------------------------
      Total |  1,507,798      100.00

. 
end of do-file

OK  01_panel.do  (   7.0 segundos)


------------------------------------------------------------------------------
>>> 05_validacion.do   (21:52:37)
------------------------------------------------------------------------------

. do "00_config.do"

. *------------------------------------------------------------------------------*
. * 00_config.do — Rutas y parametros comunes (Pobreza laboral, Boletin 3)
. *------------------------------------------------------------------------------*
. * Detecta la raiz de Google Drive segun el usuario de la maquina, en lugar de
. * fijar "/Users/vero/...". Si se agrega un colaborador, basta con anadir su caso.
. *------------------------------------------------------------------------------*
. 
. clear all

. set more off

. version 15.1

. set varabbrev off

. 
. local u = c(username)

. 
. if "`u'" == "vero" {
.     global user_root "/Users/vero/Library/CloudStorage/GoogleDrive-observatorio.pobreza@flacso.edu.ec/Mi unidad"
.     global gh_root   "/Users/vero/Documents/Observatorio GH/Observatorio-Desigualdad-Pobreza"
. }

. else if "`u'" == "santiago" {
.     global user_root "/Users/santiago/Library/CloudStorage/GoogleDrive-observatorio.pobreza@flacso.edu.ec/Mi unidad"
.     global gh_root   "/Users/santiago/Documents/GitHub/Observatorio-Desigualdad-Pobreza"
. }

. else {
.     display as error "Usuario `u' no configurado en 00_config.do. Defina user_root y gh_root."
.     error 198
. }

. 
. capture confirm file "$user_root/Bases/ENEMDU/Procesadas/ingresos_pc/Nacional/ing_perca_2001_nac_precios2000.dta"

. if _rc {
.     display as error "No se encuentra la carpeta de bases en: $user_root"
.     error 601
. }

. 
. global nacional    "$user_root/Bases/ENEMDU/Procesadas/ingresos_pc/Nacional"

. global lineas_xlsx "$user_root/Bases/lineas_pobreza/lineas_de_pobreza_historica.xlsx"

. 
. * Salidas en carpeta propia: NO se sobrescriben los resultados publicados.
. global outdir   "$user_root/Boletín 3/4. Resultados/pobreza laboral/corregido"

. global paneldir "$user_root/Bases/ENEMDU/Procesadas/ingresos_pc/pobreza"

. 
. capture mkdir "$user_root/Boletín 3/4. Resultados/pobreza laboral"

. capture mkdir "$outdir"

. capture mkdir "$paneldir"

. 
. * Anios procesados: rondas de diciembre disponibles a nivel nacional.
. global anios "2001(2)2007 2008(1)2025"

. 
. display as text "Configuracion lista para usuario `u'."
Configuracion lista para usuario santiago.

. 
end of do-file

. use "$paneldir/panel_pobreza_laboral.dta", clear

. 
. * Replica exacta del original: drop antes de todo
. drop if p24 == 999
(6 observations deleted)

. 
. preserve

. collapse (mean) t = pobreza [iw=fexp] if pobreza < . & fexp < ., by(anio)

. gen total_orig = 100*t

. list anio total_orig, noobs sep(0)

  +-----------------+
  | anio   total_~g |
  |-----------------|
  | 2001   58.06781 |
  | 2003   54.75561 |
  | 2005   43.16964 |
  | 2007   36.70818 |
  | 2008   35.09365 |
  | 2009   36.02621 |
  | 2010   32.80061 |
  | 2011   28.64519 |
  | 2012   27.30581 |
  | 2013    25.5552 |
  | 2014   22.48883 |
  | 2015   23.29946 |
  | 2016   22.93794 |
  | 2017   21.48029 |
  | 2018    23.2416 |
  | 2019   25.05941 |
  | 2020     32.342 |
  | 2021   27.70355 |
  | 2022   25.22731 |
  | 2023   26.02336 |
  | 2024   27.99462 |
  | 2025   21.37095 |
  +-----------------+

. restore

. 
. preserve

. collapse (mean) t = pobreza [iw=fexp] if pobreza < . & fexp < . & ocupado_orig == 1, by(anio)

. gen ocup_orig = 100*t

. list anio ocup_orig, noobs sep(0)

  +-----------------+
  | anio   ocup_o~g |
  |-----------------|
  | 2001   52.76833 |
  | 2003   47.13432 |
  | 2005   36.34677 |
  | 2007   29.57403 |
  | 2008   27.02854 |
  | 2009   28.34965 |
  | 2010   24.94838 |
  | 2011   21.34812 |
  | 2012   20.56493 |
  | 2013   18.07851 |
  | 2014   16.16664 |
  | 2015   17.39301 |
  | 2016   18.05109 |
  | 2017   16.82369 |
  | 2018    23.2416 |
  | 2019   19.86171 |
  | 2020     26.171 |
  | 2021   22.32163 |
  | 2022     19.549 |
  | 2023   19.75266 |
  | 2024   21.06412 |
  | 2025   16.94384 |
  +-----------------+

. restore

. 
. preserve

. collapse (mean) t = pobreza [iw=fexp] if pobreza < . & fexp < . & ocupado_orig == 1 & area < ., by(anio area)

. gen v = 100*t

. keep anio area v

. reshape wide v, i(anio) j(area)
(j = 1 2)

Data                               Long   ->   Wide
-----------------------------------------------------------------------------
Number of observations               44   ->   22          
Number of variables                   3   ->   3           
j variable (2 values)              area   ->   (dropped)
xij variables:
                                      v   ->   v1 v2
-----------------------------------------------------------------------------

. list, noobs sep(0)

  +----------------------------+
  | anio         v1         v2 |
  |----------------------------|
  | 2001   40.66439   71.23306 |
  | 2003   33.70383   70.70338 |
  | 2005   23.75278   58.77799 |
  | 2007    17.5004   53.20757 |
  | 2008   15.33728   50.71384 |
  | 2009   17.36905   49.49123 |
  | 2010   15.05561   44.28249 |
  | 2011    11.1968   41.74818 |
  | 2012    10.4472   40.46828 |
  | 2013   10.91491   32.77239 |
  | 2014   10.22052   28.34362 |
  | 2015   10.25571   32.34452 |
  | 2016   10.75873   32.60063 |
  | 2017   8.555782   33.69241 |
  | 2018   15.38107   40.01922 |
  | 2019   11.26074   36.29136 |
  | 2020   17.89508   41.97895 |
  | 2021   14.48844   37.16545 |
  | 2022   11.11463   35.01189 |
  | 2023   11.36253   35.19345 |
  | 2024    12.0216   36.94633 |
  | 2025   9.527769    30.7028 |
  +----------------------------+

. restore

. 
end of do-file

OK  05_validacion.do  (   3.0 segundos)


------------------------------------------------------------------------------
>>> 02_indicadores.do   (21:52:40)
------------------------------------------------------------------------------

. *------------------------------------------------------------------------------*
. * 02_indicadores.do — Series corregidas de pobreza laboral (2001-2025)
. *------------------------------------------------------------------------------*
. * Correcciones respecto del codigo original:
. *   1. "scope" quedaba sin definir: cobertura_pobreza salia vacia. Ahora es "nac".
. *   2. ocupado ya no imputa 1 a los valores perdidos de la condicion de actividad,
. *      y 2018 usa su propia variable (antes quedaba sin condactn -> todos ocupados).
. *   3. No se eliminan las observaciones con p24 == 999 de las tasas de pobreza:
. *      "no sabe cuantas horas trabaja" no es motivo para excluir a alguien del
. *      calculo de pobreza. Ese filtro solo se aplica donde se usan las horas.
. *   4. El panel se guarda DESPUES de todas las correcciones, no antes.
. *   5. Cada poblacion de referencia escribe en archivos con nombre propio, de modo
. *      que la version "ocupados" y la version "con ingreso laboral" no se pisan.
. *   6. educacion_superior usa una definicion comparable en toda la serie.
. *------------------------------------------------------------------------------*
. 
. do "00_config.do"

. *------------------------------------------------------------------------------*
. * 00_config.do — Rutas y parametros comunes (Pobreza laboral, Boletin 3)
. *------------------------------------------------------------------------------*
. * Detecta la raiz de Google Drive segun el usuario de la maquina, en lugar de
. * fijar "/Users/vero/...". Si se agrega un colaborador, basta con anadir su caso.
. *------------------------------------------------------------------------------*
. 
. clear all

. set more off

. version 15.1

. set varabbrev off

. 
. local u = c(username)

. 
. if "`u'" == "vero" {
.     global user_root "/Users/vero/Library/CloudStorage/GoogleDrive-observatorio.pobreza@flacso.edu.ec/Mi unidad"
.     global gh_root   "/Users/vero/Documents/Observatorio GH/Observatorio-Desigualdad-Pobreza"
. }

. else if "`u'" == "santiago" {
.     global user_root "/Users/santiago/Library/CloudStorage/GoogleDrive-observatorio.pobreza@flacso.edu.ec/Mi unidad"
.     global gh_root   "/Users/santiago/Documents/GitHub/Observatorio-Desigualdad-Pobreza"
. }

. else {
.     display as error "Usuario `u' no configurado en 00_config.do. Defina user_root y gh_root."
.     error 198
. }

. 
. capture confirm file "$user_root/Bases/ENEMDU/Procesadas/ingresos_pc/Nacional/ing_perca_2001_nac_precios2000.dta"

. if _rc {
.     display as error "No se encuentra la carpeta de bases en: $user_root"
.     error 601
. }

. 
. global nacional    "$user_root/Bases/ENEMDU/Procesadas/ingresos_pc/Nacional"

. global lineas_xlsx "$user_root/Bases/lineas_pobreza/lineas_de_pobreza_historica.xlsx"

. 
. * Salidas en carpeta propia: NO se sobrescriben los resultados publicados.
. global outdir   "$user_root/Boletín 3/4. Resultados/pobreza laboral/corregido"

. global paneldir "$user_root/Bases/ENEMDU/Procesadas/ingresos_pc/pobreza"

. 
. capture mkdir "$user_root/Boletín 3/4. Resultados/pobreza laboral"

. capture mkdir "$outdir"

. capture mkdir "$paneldir"

. 
. * Anios procesados: rondas de diciembre disponibles a nivel nacional.
. global anios "2001(2)2007 2008(1)2025"

. 
. display as text "Configuracion lista para usuario `u'."
Configuracion lista para usuario santiago.

. 
end of do-file

. 
. use "$paneldir/panel_pobreza_laboral.dta", clear

. 
. *--- Metadatos ---*
. generate str3 cobertura_pobreza = "nac"

. label variable cobertura_pobreza "Cobertura de la base usada"

. 
. *--- Etiquetas de los grupos ---*
. * "export excel" escribe las etiquetas de valor, no los codigos, asi que estas
. * etiquetas son los nombres con los que el generador del Word lee cada grupo.
. * Cambiarlas obliga a cambiar tambien configuracion.py del boletin automatizado.
. label define area_lbl 1 "Urbana" 2 "Rural", replace

. label values area area_lbl

. 
. label define sexo_lbl 1 "Hombre" 2 "Mujer", replace

. label values sexo sexo_lbl

. 
. label define educsup_lbl 0 "Sin educación superior" 1 "Con educación superior", replace

. label values educsup_ok   educsup_lbl

. label values educsup_orig educsup_lbl

. 
. *--- Grupos de edad ---*
. generate byte age_cat = .
(1,507,798 missing values generated)

. replace age_cat = 1 if inrange(edad, 18, 29)
(281,361 real changes made)

. replace age_cat = 2 if inrange(edad, 30, 64)
(552,559 real changes made)

. replace age_cat = 3 if inrange(edad, 65, 97)
(138,842 real changes made)

. label define age_cat_lbl 1 "18-29" 2 "30-64" 3 "65+", replace

. label values age_cat age_cat_lbl

. label variable age_cat "Grupo de edad"

. 
. *--- Horas trabajadas: 999 = "no sabe". Se marca como perdido en lugar de
. *--- eliminar la observacion completa del calculo de pobreza.              ---*
. generate double horas = p24
(813,660 missing values generated)

. replace horas = . if p24 == 999 | p24 >= 999
(6 real changes made, 6 to missing)

. label variable horas "Horas trabajadas a la semana (999 = no sabe -> perdido)"

. 
. compress
  variable horas was double now int
  (9,046,788 bytes saved)

. save "$paneldir/panel_pobreza_laboral_final.dta", replace
file /Users/santiago/Library/CloudStorage/GoogleDrive-observatorio.pobreza@flacso.edu.ec/Mi unidad/Bases/ENEMDU/Procesadas/ingresos_pc/pobreza/panel_pobreza_laboral_final.dta saved

. 
. *------------------------------------------------------------------------------*
. * Series. Dos poblaciones de referencia, con nombres de archivo distintos:
. *   ocupados  -> ocupado_ok == 1        (definicion del boletin)
. *   inglab    -> !missing(ing_lab)      (variante con ingreso laboral observado)
. *------------------------------------------------------------------------------*
. 
. foreach pob in total ocupados inglab {
  2. 
.     if "`pob'" == "total"    local filtro ""
  3.     if "`pob'" == "ocupados" local filtro "& ocupado_ok == 1"
  4.     if "`pob'" == "inglab"   local filtro "& !missing(ing_lab)"
  5. 
.     foreach dim in nacional area sexo edad educ {
  6. 
.         if "`dim'" == "nacional" local byv ""
  7.         if "`dim'" == "area"     local byv "area"
  8.         if "`dim'" == "sexo"     local byv "sexo"
  9.         if "`dim'" == "edad"     local byv "age_cat"
 10.         if "`dim'" == "educ"     local byv "educsup_ok"
 11. 
.         local cond "pobreza < . & fexp < . `filtro'"
 12.         if "`byv'" != "" local cond "`cond' & `byv' < ."
 13. 
.         preserve
 14.         collapse (mean) tasa_pobreza = pobreza (rawsum) n_casos = fexp ///
>             [iw = fexp] if `cond', by(anio `byv')
 15. 
.         generate tasa_pobreza_pct = 100 * tasa_pobreza
 16.         label variable tasa_pobreza_pct "Pobreza (%)"
 17. 
.         export excel using "$outdir/pobreza_`pob'_`dim'.xlsx", ///
>             replace firstrow(var)
 18.         restore
 19.     }
 20. }
file /Users/santiago/Library/CloudStorage/GoogleDrive-observatorio.pobreza@flacso.edu.ec/Mi unidad/Boletín 3/4. Resultados/pobreza laboral/corregido/pobreza_total_nacional.xlsx saved
file /Users/santiago/Library/CloudStorage/GoogleDrive-observatorio.pobreza@flacso.edu.ec/Mi unidad/Boletín 3/4. Resultados/pobreza laboral/corregido/pobreza_total_area.xlsx saved
file /Users/santiago/Library/CloudStorage/GoogleDrive-observatorio.pobreza@flacso.edu.ec/Mi unidad/Boletín 3/4. Resultados/pobreza laboral/corregido/pobreza_total_sexo.xlsx saved
file /Users/santiago/Library/CloudStorage/GoogleDrive-observatorio.pobreza@flacso.edu.ec/Mi unidad/Boletín 3/4. Resultados/pobreza laboral/corregido/pobreza_total_edad.xlsx saved
file /Users/santiago/Library/CloudStorage/GoogleDrive-observatorio.pobreza@flacso.edu.ec/Mi unidad/Boletín 3/4. Resultados/pobreza laboral/corregido/pobreza_total_educ.xlsx saved
file /Users/santiago/Library/CloudStorage/GoogleDrive-observatorio.pobreza@flacso.edu.ec/Mi unidad/Boletín 3/4. Resultados/pobreza laboral/corregido/pobreza_ocupados_nacional.xlsx saved
file /Users/santiago/Library/CloudStorage/GoogleDrive-observatorio.pobreza@flacso.edu.ec/Mi unidad/Boletín 3/4. Resultados/pobreza laboral/corregido/pobreza_ocupados_area.xlsx saved
file /Users/santiago/Library/CloudStorage/GoogleDrive-observatorio.pobreza@flacso.edu.ec/Mi unidad/Boletín 3/4. Resultados/pobreza laboral/corregido/pobreza_ocupados_sexo.xlsx saved
file /Users/santiago/Library/CloudStorage/GoogleDrive-observatorio.pobreza@flacso.edu.ec/Mi unidad/Boletín 3/4. Resultados/pobreza laboral/corregido/pobreza_ocupados_edad.xlsx saved
file /Users/santiago/Library/CloudStorage/GoogleDrive-observatorio.pobreza@flacso.edu.ec/Mi unidad/Boletín 3/4. Resultados/pobreza laboral/corregido/pobreza_ocupados_educ.xlsx saved
file /Users/santiago/Library/CloudStorage/GoogleDrive-observatorio.pobreza@flacso.edu.ec/Mi unidad/Boletín 3/4. Resultados/pobreza laboral/corregido/pobreza_inglab_nacional.xlsx saved
file /Users/santiago/Library/CloudStorage/GoogleDrive-observatorio.pobreza@flacso.edu.ec/Mi unidad/Boletín 3/4. Resultados/pobreza laboral/corregido/pobreza_inglab_area.xlsx saved
file /Users/santiago/Library/CloudStorage/GoogleDrive-observatorio.pobreza@flacso.edu.ec/Mi unidad/Boletín 3/4. Resultados/pobreza laboral/corregido/pobreza_inglab_sexo.xlsx saved
file /Users/santiago/Library/CloudStorage/GoogleDrive-observatorio.pobreza@flacso.edu.ec/Mi unidad/Boletín 3/4. Resultados/pobreza laboral/corregido/pobreza_inglab_edad.xlsx saved
file /Users/santiago/Library/CloudStorage/GoogleDrive-observatorio.pobreza@flacso.edu.ec/Mi unidad/Boletín 3/4. Resultados/pobreza laboral/corregido/pobreza_inglab_educ.xlsx saved

. 
. display as text _n "Series corregidas exportadas a: $outdir"

Series corregidas exportadas a: /Users/santiago/Library/CloudStorage/GoogleDrive-observatorio.pobreza@flacso.edu.ec/Mi unidad/Boletín 3/4. Resultados/pobreza laboral/corregido

. 
. *------------------------------------------------------------------------------*
. * Graficos del boletin (poblacion: ocupados), con la serie completa en el eje X
. *------------------------------------------------------------------------------*
. 
. * Grafico 9: evolucion nacional
. preserve

. collapse (mean) t = pobreza [iw = fexp] if pobreza < . & fexp < . & ocupado_ok == 1, by(anio)

. generate tasa = 100 * t

. generate lbl = tasa if inlist(anio, 2001, 2009, 2017, 2025)
(18 missing values generated)

. format lbl %9.1f

. 
. twoway (connected tasa anio, lcolor(maroon) lwidth(medthick) msymbol(circle) mcolor(maroon)) ///
>        (scatter lbl anio, msymbol(none) mlabel(lbl) mlabposition(12) ///
>             mlabcolor(maroon) mlabsize(vsmall)), ///
>     xtitle("") ytitle("Pobreza (%)") ///
>     ylabel(0(10)60, angle(horizontal)) xlabel(2001(2)2025, angle(90)) ///
>     legend(off) name(g9, replace) ///
>     graphregion(color(white)) plotregion(color(white))

. graph export "$outdir/g09_pobreza_laboral_nacional.png", replace width(2400)
file /Users/santiago/Library/CloudStorage/GoogleDrive-observatorio.pobreza@flacso.edu.ec/Mi unidad/Boletín 3/4. Resultados/pobreza laboral/corregido/g09_pobreza_laboral_nacional.png written in PNG format

. restore

. 
. * Grafico 10: por area
. preserve

. collapse (mean) t = pobreza [iw = fexp] ///
>     if pobreza < . & fexp < . & ocupado_ok == 1 & area < ., by(anio area)

. generate tasa = 100 * t

. generate lbl_u = tasa if area == 1 & inlist(anio, 2001, 2009, 2017, 2025)
(40 missing values generated)

. generate lbl_r = tasa if area == 2 & inlist(anio, 2001, 2009, 2017, 2025)
(40 missing values generated)

. format lbl_u lbl_r %9.1f

. 
. twoway (connected tasa anio if area == 1, lcolor(navy) lwidth(medthick) mcolor(navy)) ///
>        (connected tasa anio if area == 2, lcolor(maroon) lwidth(medthick) mcolor(maroon)) ///
>        (scatter lbl_u anio, msymbol(none) mlabel(lbl_u) mlabposition(6) mlabcolor(navy) mlabsize(vsmall)) ///
>        (scatter lbl_r anio, msymbol(none) mlabel(lbl_r) mlabposition(12) mlabcolor(maroon) mlabsize(vsmall)), ///
>     xtitle("") ytitle("Pobreza (%)") ///
>     ylabel(0(10)80, angle(horizontal)) xlabel(2001(2)2025, angle(90)) ///
>     legend(order(1 "Urbana" 2 "Rural") position(6) rows(1)) name(g10, replace) ///
>     graphregion(color(white)) plotregion(color(white))

. graph export "$outdir/g10_pobreza_laboral_area.png", replace width(2400)
file /Users/santiago/Library/CloudStorage/GoogleDrive-observatorio.pobreza@flacso.edu.ec/Mi unidad/Boletín 3/4. Resultados/pobreza laboral/corregido/g10_pobreza_laboral_area.png written in PNG format

. restore

. 
. * Grafico 11: por educacion superior
. preserve

. collapse (mean) t = pobreza [iw = fexp] ///
>     if pobreza < . & fexp < . & ocupado_ok == 1 & educsup_ok < ., by(anio educsup_ok)

. generate tasa = 100 * t

. generate lbl_0 = tasa if educsup_ok == 0 & inlist(anio, 2001, 2009, 2017, 2025)
(40 missing values generated)

. generate lbl_1 = tasa if educsup_ok == 1 & inlist(anio, 2001, 2009, 2017, 2025)
(40 missing values generated)

. format lbl_0 lbl_1 %9.1f

. 
. twoway (connected tasa anio if educsup_ok == 0, lcolor(navy) lwidth(medthick) mcolor(navy)) ///
>        (connected tasa anio if educsup_ok == 1, lcolor(maroon) lwidth(medthick) mcolor(maroon)) ///
>        (scatter lbl_0 anio, msymbol(none) mlabel(lbl_0) mlabposition(12) mlabcolor(navy) mlabsize(vsmall)) ///
>        (scatter lbl_1 anio, msymbol(none) mlabel(lbl_1) mlabposition(6) mlabcolor(maroon) mlabsize(vsmall)), ///
>     xtitle("") ytitle("Pobreza (%)") ///
>     ylabel(0(10)60, angle(horizontal)) xlabel(2001(2)2025, angle(90)) ///
>     legend(order(1 "Sin educacion superior" 2 "Con educacion superior") position(6) rows(1)) ///
>     name(g11, replace) graphregion(color(white)) plotregion(color(white))

. graph export "$outdir/g11_pobreza_laboral_educacion.png", replace width(2400)
file /Users/santiago/Library/CloudStorage/GoogleDrive-observatorio.pobreza@flacso.edu.ec/Mi unidad/Boletín 3/4. Resultados/pobreza laboral/corregido/g11_pobreza_laboral_educacion.png written in PNG format

. restore

. 
. display as text _n "Graficos exportados a: $outdir"

Graficos exportados a: /Users/santiago/Library/CloudStorage/GoogleDrive-observatorio.pobreza@flacso.edu.ec/Mi unidad/Boletín 3/4. Resultados/pobreza laboral/corregido

. 
end of do-file

OK  02_indicadores.do  (  14.0 segundos)


------------------------------------------------------------------------------
>>> 03_impacto.do   (21:52:54)
------------------------------------------------------------------------------

. *------------------------------------------------------------------------------*
. * 03_impacto.do — Cuantifica el efecto de cada error sobre los resultados
. *------------------------------------------------------------------------------*
. * Estrategia: partir de la version corregida y reintroducir UN error a la vez.
. * La variante "orig" reproduce exactamente los archivos publicados (verificado
. * contra pobreza_evolucion.xlsx y pobreza_laboral.xlsx del 16-jun).
. *
. * Variantes de la poblacion "ocupados":
. *   ok      : correcta
. *   e2018   : solo el error de 2018 (condactn ausente, parche desde 2019)
. *   emiss   : solo la imputacion de ocupado=1 a los valores perdidos
. *   orig    : ambas (replica del codigo publicado)
. *------------------------------------------------------------------------------*
. 
. do "00_config.do"

. *------------------------------------------------------------------------------*
. * 00_config.do — Rutas y parametros comunes (Pobreza laboral, Boletin 3)
. *------------------------------------------------------------------------------*
. * Detecta la raiz de Google Drive segun el usuario de la maquina, en lugar de
. * fijar "/Users/vero/...". Si se agrega un colaborador, basta con anadir su caso.
. *------------------------------------------------------------------------------*
. 
. clear all

. set more off

. version 15.1

. set varabbrev off

. 
. local u = c(username)

. 
. if "`u'" == "vero" {
.     global user_root "/Users/vero/Library/CloudStorage/GoogleDrive-observatorio.pobreza@flacso.edu.ec/Mi unidad"
.     global gh_root   "/Users/vero/Documents/Observatorio GH/Observatorio-Desigualdad-Pobreza"
. }

. else if "`u'" == "santiago" {
.     global user_root "/Users/santiago/Library/CloudStorage/GoogleDrive-observatorio.pobreza@flacso.edu.ec/Mi unidad"
.     global gh_root   "/Users/santiago/Documents/GitHub/Observatorio-Desigualdad-Pobreza"
. }

. else {
.     display as error "Usuario `u' no configurado en 00_config.do. Defina user_root y gh_root."
.     error 198
. }

. 
. capture confirm file "$user_root/Bases/ENEMDU/Procesadas/ingresos_pc/Nacional/ing_perca_2001_nac_precios2000.dta"

. if _rc {
.     display as error "No se encuentra la carpeta de bases en: $user_root"
.     error 601
. }

. 
. global nacional    "$user_root/Bases/ENEMDU/Procesadas/ingresos_pc/Nacional"

. global lineas_xlsx "$user_root/Bases/lineas_pobreza/lineas_de_pobreza_historica.xlsx"

. 
. * Salidas en carpeta propia: NO se sobrescriben los resultados publicados.
. global outdir   "$user_root/Boletín 3/4. Resultados/pobreza laboral/corregido"

. global paneldir "$user_root/Bases/ENEMDU/Procesadas/ingresos_pc/pobreza"

. 
. capture mkdir "$user_root/Boletín 3/4. Resultados/pobreza laboral"

. capture mkdir "$outdir"

. capture mkdir "$paneldir"

. 
. * Anios procesados: rondas de diciembre disponibles a nivel nacional.
. global anios "2001(2)2007 2008(1)2025"

. 
. display as text "Configuracion lista para usuario `u'."
Configuracion lista para usuario santiago.

. 
end of do-file

. use "$paneldir/panel_pobreza_laboral_final.dta", clear

. 
. *--- Variantes de "ocupado" que aislan cada error ---*
. generate byte ocup_e2018 = ocupado_ok

. replace     ocup_e2018 = ocupado_orig if anio == 2018
(31,153 real changes made)

. 
. generate byte ocup_emiss = ocupado_orig

. replace     ocup_emiss = ocupado_ok if anio == 2018
(31,153 real changes made)

. 
. tempfile panel

. save `panel', replace
(file /var/folders/v8/j2_3wzqd1rqc2l_95p5k_2l00000gn/T//St28152.000001 not found)
file /var/folders/v8/j2_3wzqd1rqc2l_95p5k_2l00000gn/T//St28152.000001 saved as .dta format

. 
. *==============================================================================*
. * A. Serie nacional de pobreza laboral (ocupados) — Grafico 9
. *==============================================================================*
. tempfile acum

. local first 1

. 
. foreach v in ocupado_ok ocup_e2018 ocup_emiss ocupado_orig {
  2.     use `panel', clear
  3.     collapse (mean) t = pobreza [iw = fexp] if pobreza < . & fexp < . & `v' == 1, by(anio)
  4.     generate str12 variante = "`v'"
  5.     generate double tasa = 100 * t
  6.     keep anio variante tasa
  7.     if `first' {
  8.         save `acum', replace
  9.         local first 0
 10.     }
 11.     else {
 12.         append using `acum'
 13.         save `acum', replace
 14.     }
 15. }
(file /var/folders/v8/j2_3wzqd1rqc2l_95p5k_2l00000gn/T//St28152.000002 not found)
file /var/folders/v8/j2_3wzqd1rqc2l_95p5k_2l00000gn/T//St28152.000002 saved as .dta format
file /var/folders/v8/j2_3wzqd1rqc2l_95p5k_2l00000gn/T//St28152.000002 saved as .dta format
file /var/folders/v8/j2_3wzqd1rqc2l_95p5k_2l00000gn/T//St28152.000002 saved as .dta format
file /var/folders/v8/j2_3wzqd1rqc2l_95p5k_2l00000gn/T//St28152.000002 saved as .dta format

. 
. * Variante: efecto de "drop if p24 == 999" sobre la serie corregida
. use `panel', clear

. drop if p24 == 999
(6 observations deleted)

. collapse (mean) t = pobreza [iw = fexp] if pobreza < . & fexp < . & ocupado_ok == 1, by(anio)

. generate str12 variante = "drop999"

. generate double tasa = 100 * t

. keep anio variante tasa

. append using `acum'

. save `acum', replace
file /var/folders/v8/j2_3wzqd1rqc2l_95p5k_2l00000gn/T//St28152.000002 saved as .dta format

. 
. * Variante: poblacion definida por ing_lab en vez de ocupados (colision de archivos)
. use `panel', clear

. collapse (mean) t = pobreza [iw = fexp] if pobreza < . & fexp < . & !missing(ing_lab), by(anio)

. generate str12 variante = "inglab"

. generate double tasa = 100 * t

. keep anio variante tasa

. append using `acum'

. save `acum', replace
file /var/folders/v8/j2_3wzqd1rqc2l_95p5k_2l00000gn/T//St28152.000002 saved as .dta format

. 
. use `acum', clear

. reshape wide tasa, i(anio) j(variante) string
(j = drop999 inglab ocup_e2018 ocup_emiss ocupado_ok ocupado_orig)

Data                               Long   ->   Wide
-----------------------------------------------------------------------------
Number of observations              132   ->   22          
Number of variables                   3   ->   7           
j variable (6 values)          variante   ->   (dropped)
xij variables:
                                   tasa   ->   tasadrop999 tasainglab ... tasaocupado_orig
-----------------------------------------------------------------------------

. 
. generate double d_2018   = tasaocup_e2018   - tasaocupado_ok

. generate double d_miss   = tasaocup_emiss   - tasaocupado_ok

. generate double d_orig   = tasaocupado_orig - tasaocupado_ok

. generate double d_drop   = tasadrop999      - tasaocupado_ok

. generate double d_inglab = tasainglab       - tasaocupado_ok

. 
. format tasa* d_* %9.3f

. label variable tasaocupado_ok  "Corregida"

. label variable tasaocupado_orig "Original (publicada)"

. 
. list anio tasaocupado_ok tasaocupado_orig d_orig d_2018 d_miss d_drop d_inglab, ///
>     noobs sep(0) abbreviate(18)

  +-----------------------------------------------------------------------------------------+
  | anio   tasaocupado_ok   tasaocupado_orig   d_orig   d_2018   d_miss   d_drop   d_inglab |
  |-----------------------------------------------------------------------------------------|
  | 2001           52.506             52.768    0.262    0.000    0.262    0.000     -6.235 |
  | 2003           47.132             47.132    0.000    0.000    0.000    0.002     -3.303 |
  | 2005           36.347             36.347    0.000    0.000    0.000    0.000     -4.660 |
  | 2007           29.578             29.578    0.000    0.000    0.000   -0.004     -3.804 |
  | 2008           27.029             27.029    0.000    0.000    0.000    0.000     -3.472 |
  | 2009           28.350             28.350    0.000    0.000    0.000    0.000     -4.125 |
  | 2010           24.948             24.948    0.000    0.000    0.000    0.000     -3.963 |
  | 2011           21.348             21.348    0.000    0.000    0.000    0.000     -3.038 |
  | 2012           20.565             20.565    0.000    0.000    0.000    0.000     -3.823 |
  | 2013           18.079             18.079    0.000    0.000    0.000    0.000     -2.503 |
  | 2014           16.167             16.167    0.000    0.000    0.000    0.000     -2.591 |
  | 2015           17.393             17.393    0.000    0.000    0.000    0.000     -3.460 |
  | 2016           18.051             18.051    0.000    0.000    0.000    0.000     -3.745 |
  | 2017           16.824             16.824    0.000    0.000    0.000    0.000     -3.807 |
  | 2018           18.242             23.242    4.999    4.999    0.000    0.000     -4.258 |
  | 2019           19.862             19.862    0.000    0.000    0.000    0.000     -4.735 |
  | 2020           26.171             26.171    0.000    0.000    0.000    0.000     -5.335 |
  | 2021           22.322             22.322    0.000    0.000    0.000    0.000     -3.928 |
  | 2022           19.549             19.549    0.000    0.000    0.000    0.000     -4.798 |
  | 2023           19.753             19.753    0.000    0.000    0.000    0.000     -4.799 |
  | 2024           21.064             21.064    0.000    0.000    0.000    0.000     -4.941 |
  | 2025           16.944             16.944    0.000    0.000    0.000    0.000     -4.097 |
  +-----------------------------------------------------------------------------------------+

. 
. export excel using "$outdir/impacto_serie_nacional.xlsx", replace firstrow(varlabels)
file /Users/santiago/Library/CloudStorage/GoogleDrive-observatorio.pobreza@flacso.edu.ec/Mi unidad/Boletín 3/4. Resultados/pobreza laboral/corregido/impacto_serie_nacional.xlsx saved

. 
. *==============================================================================*
. * B. Pobreza laboral por area — Grafico 10
. *==============================================================================*
. tempfile acum2

. local first 1

. foreach v in ocupado_ok ocupado_orig {
  2.     use `panel', clear
  3.     collapse (mean) t = pobreza [iw = fexp] ///
>         if pobreza < . & fexp < . & `v' == 1 & area < ., by(anio area)
  4.     generate str12 variante = "`v'"
  5.     generate double tasa = 100 * t
  6.     keep anio area variante tasa
  7.     if `first' {
  8.         save `acum2', replace
  9.         local first 0
 10.     }
 11.     else {
 12.         append using `acum2'
 13.         save `acum2', replace
 14.     }
 15. }
(file /var/folders/v8/j2_3wzqd1rqc2l_95p5k_2l00000gn/T//St28152.000003 not found)
file /var/folders/v8/j2_3wzqd1rqc2l_95p5k_2l00000gn/T//St28152.000003 saved as .dta format
(label area_lbl already defined)
file /var/folders/v8/j2_3wzqd1rqc2l_95p5k_2l00000gn/T//St28152.000003 saved as .dta format

. use `acum2', clear

. reshape wide tasa, i(anio area) j(variante) string
(j = ocupado_ok ocupado_orig)

Data                               Long   ->   Wide
-----------------------------------------------------------------------------
Number of observations               88   ->   44          
Number of variables                   4   ->   4           
j variable (2 values)          variante   ->   (dropped)
xij variables:
                                   tasa   ->   tasaocupado_ok tasaocupado_orig
-----------------------------------------------------------------------------

. generate double dif = tasaocupado_orig - tasaocupado_ok

. format tasa* dif %9.3f

. di _n "=== AREA (1=urbana, 2=rural) ==="

=== AREA (1=urbana, 2=rural) ===

. list anio area tasaocupado_ok tasaocupado_orig dif, noobs sep(0) abbreviate(18)

  +-----------------------------------------------------------+
  | anio     area   tasaocupado_ok   tasaocupado_orig     dif |
  |-----------------------------------------------------------|
  | 2001   Urbana           40.161             40.664   0.503 |
  | 2001    Rural           71.158             71.233   0.075 |
  | 2003   Urbana           33.699             33.699   0.000 |
  | 2003    Rural           70.706             70.706   0.000 |
  | 2005   Urbana           23.753             23.753   0.000 |
  | 2005    Rural           58.778             58.778   0.000 |
  | 2007   Urbana           17.507             17.507   0.000 |
  | 2007    Rural           53.208             53.208   0.000 |
  | 2008   Urbana           15.337             15.337   0.000 |
  | 2008    Rural           50.714             50.714   0.000 |
  | 2009   Urbana           17.369             17.369   0.000 |
  | 2009    Rural           49.491             49.491   0.000 |
  | 2010   Urbana           15.056             15.056   0.000 |
  | 2010    Rural           44.282             44.282   0.000 |
  | 2011   Urbana           11.197             11.197   0.000 |
  | 2011    Rural           41.748             41.748   0.000 |
  | 2012   Urbana           10.447             10.447   0.000 |
  | 2012    Rural           40.468             40.468   0.000 |
  | 2013   Urbana           10.915             10.915   0.000 |
  | 2013    Rural           32.772             32.772   0.000 |
  | 2014   Urbana           10.221             10.221   0.000 |
  | 2014    Rural           28.344             28.344   0.000 |
  | 2015   Urbana           10.256             10.256   0.000 |
  | 2015    Rural           32.345             32.345   0.000 |
  | 2016   Urbana           10.759             10.759   0.000 |
  | 2016    Rural           32.601             32.601   0.000 |
  | 2017   Urbana            8.556              8.556   0.000 |
  | 2017    Rural           33.692             33.692   0.000 |
  | 2018   Urbana           10.310             15.381   5.071 |
  | 2018    Rural           33.789             40.019   6.230 |
  | 2019   Urbana           11.261             11.261   0.000 |
  | 2019    Rural           36.291             36.291   0.000 |
  | 2020   Urbana           17.895             17.895   0.000 |
  | 2020    Rural           41.979             41.979   0.000 |
  | 2021   Urbana           14.488             14.488   0.000 |
  | 2021    Rural           37.165             37.165   0.000 |
  | 2022   Urbana           11.115             11.115   0.000 |
  | 2022    Rural           35.012             35.012   0.000 |
  | 2023   Urbana           11.363             11.363   0.000 |
  | 2023    Rural           35.193             35.193   0.000 |
  | 2024   Urbana           12.022             12.022   0.000 |
  | 2024    Rural           36.946             36.946   0.000 |
  | 2025   Urbana            9.528              9.528   0.000 |
  | 2025    Rural           30.703             30.703   0.000 |
  +-----------------------------------------------------------+

. export excel using "$outdir/impacto_area.xlsx", replace firstrow(var)
file /Users/santiago/Library/CloudStorage/GoogleDrive-observatorio.pobreza@flacso.edu.ec/Mi unidad/Boletín 3/4. Resultados/pobreza laboral/corregido/impacto_area.xlsx saved

. 
. *==============================================================================*
. * C. Pobreza laboral por educacion — Grafico 11
. *==============================================================================*
. tempfile acum3

. local first 1

. foreach spec in "ocupado_ok educsup_ok ok" "ocupado_orig educsup_orig orig" ///
>                 "ocupado_ok educsup_orig soloeduc" {
  2.     local ov  : word 1 of `spec'
  3.     local ev  : word 2 of `spec'
  4.     local nm  : word 3 of `spec'
  5.     use `panel', clear
  6.     collapse (mean) t = pobreza [iw = fexp] ///
>         if pobreza < . & fexp < . & `ov' == 1 & `ev' < ., by(anio `ev')
  7.     rename `ev' educsup
  8.     generate str12 variante = "`nm'"
  9.     generate double tasa = 100 * t
 10.     keep anio educsup variante tasa
 11.     if `first' {
 12.         save `acum3', replace
 13.         local first 0
 14.     }
 15.     else {
 16.         append using `acum3'
 17.         save `acum3', replace
 18.     }
 19. }
(file /var/folders/v8/j2_3wzqd1rqc2l_95p5k_2l00000gn/T//St28152.000004 not found)
file /var/folders/v8/j2_3wzqd1rqc2l_95p5k_2l00000gn/T//St28152.000004 saved as .dta format
(label educsup_lbl already defined)
file /var/folders/v8/j2_3wzqd1rqc2l_95p5k_2l00000gn/T//St28152.000004 saved as .dta format
(label educsup_lbl already defined)
file /var/folders/v8/j2_3wzqd1rqc2l_95p5k_2l00000gn/T//St28152.000004 saved as .dta format

. use `acum3', clear

. reshape wide tasa, i(anio educsup) j(variante) string
(j = ok orig soloeduc)

Data                               Long   ->   Wide
-----------------------------------------------------------------------------
Number of observations              132   ->   44          
Number of variables                   4   ->   5           
j variable (3 values)          variante   ->   (dropped)
xij variables:
                                   tasa   ->   tasaok tasaorig tasasoloeduc
-----------------------------------------------------------------------------

. generate double d_total    = tasaorig     - tasaok

. generate double d_soloeduc = tasasoloeduc - tasaok

. format tasa* d_* %9.3f

. di _n "=== EDUCACION SUPERIOR (0=sin, 1=con) ==="

=== EDUCACION SUPERIOR (0=sin, 1=con) ===

. list anio educsup tasaok tasaorig d_total d_soloeduc, noobs sep(0) abbreviate(18)

  +--------------------------------------------------------------------------+
  | anio                  educsup   tasaok   tasaorig   d_total   d_soloeduc |
  |--------------------------------------------------------------------------|
  | 2001   Sin educación superior   58.922     59.163     0.240        0.000 |
  | 2001   Con educación superior   18.739     18.972     0.233        0.000 |
  | 2003   Sin educación superior   54.206     53.800    -0.406       -0.406 |
  | 2003   Con educación superior   14.377     14.242    -0.135       -0.135 |
  | 2005   Sin educación superior   42.746     42.475    -0.272       -0.272 |
  | 2005   Con educación superior    7.272      7.022    -0.250       -0.250 |
  | 2007   Sin educación superior   35.319     35.056    -0.263       -0.263 |
  | 2007   Con educación superior    5.567      5.343    -0.224       -0.224 |
  | 2008   Sin educación superior   32.661     32.454    -0.207       -0.207 |
  | 2008   Con educación superior    4.204      3.966    -0.238       -0.238 |
  | 2009   Sin educación superior   33.684     33.415    -0.269       -0.269 |
  | 2009   Con educación superior    6.813      6.923     0.110        0.110 |
  | 2010   Sin educación superior   30.321     30.050    -0.271       -0.271 |
  | 2010   Con educación superior    5.036      5.040     0.004        0.004 |
  | 2011   Sin educación superior   26.076     25.853    -0.223       -0.223 |
  | 2011   Con educación superior    3.975      3.890    -0.085       -0.085 |
  | 2012   Sin educación superior   25.070     24.823    -0.247       -0.247 |
  | 2012   Con educación superior    4.438      4.394    -0.044       -0.044 |
  | 2013   Sin educación superior   22.423     22.148    -0.274       -0.274 |
  | 2013   Con educación superior    2.323      2.185    -0.138       -0.138 |
  | 2014   Sin educación superior   19.499     19.308    -0.191       -0.191 |
  | 2014   Con educación superior    2.911      2.747    -0.164       -0.164 |
  | 2015   Sin educación superior   21.245     20.914    -0.332       -0.332 |
  | 2015   Con educación superior    3.234      3.111    -0.123       -0.123 |
  | 2016   Sin educación superior   21.858     21.506    -0.353       -0.353 |
  | 2016   Con educación superior    3.400      3.208    -0.192       -0.192 |
  | 2017   Sin educación superior   20.390     20.015    -0.375       -0.375 |
  | 2017   Con educación superior    3.069      2.982    -0.087       -0.087 |
  | 2018   Sin educación superior   22.164     25.362     3.198       -0.417 |
  | 2018   Con educación superior    2.815      4.213     1.398       -0.030 |
  | 2019   Sin educación superior   23.975     23.481    -0.494       -0.494 |
  | 2019   Con educación superior    3.570      3.482    -0.088       -0.088 |
  | 2020   Sin educación superior   30.924     30.312    -0.612       -0.612 |
  | 2020   Con educación superior    6.313      6.134    -0.179       -0.179 |
  | 2021   Sin educación superior   27.129     26.430    -0.699       -0.699 |
  | 2021   Con educación superior    4.417      3.644    -0.773       -0.773 |
  | 2022   Sin educación superior   24.253     23.503    -0.750       -0.750 |
  | 2022   Con educación superior    2.041      1.761    -0.280       -0.280 |
  | 2023   Sin educación superior   24.037     23.284    -0.753       -0.753 |
  | 2023   Con educación superior    3.371      2.817    -0.554       -0.554 |
  | 2024   Sin educación superior   25.004     24.156    -0.848       -0.848 |
  | 2024   Con educación superior    3.613      3.369    -0.244       -0.244 |
  | 2025   Sin educación superior   20.464     19.781    -0.683       -0.683 |
  | 2025   Con educación superior    2.476      2.234    -0.242       -0.242 |
  +--------------------------------------------------------------------------+

. export excel using "$outdir/impacto_educacion.xlsx", replace firstrow(var)
file /Users/santiago/Library/CloudStorage/GoogleDrive-observatorio.pobreza@flacso.edu.ec/Mi unidad/Boletín 3/4. Resultados/pobreza laboral/corregido/impacto_educacion.xlsx saved

. 
. *==============================================================================*
. * D. Composicion de los ocupados pobres en 2025 (cifras 33.8% y 22.5%)
. *==============================================================================*
. use `panel', clear

. keep if anio == 2025 & pobreza == 1 & fexp < .
(1,503,838 observations deleted)

. 
. di _n "=== Cuantos ocupados pobres hay en 2025 segun cada definicion ==="

=== Cuantos ocupados pobres hay en 2025 segun cada definicion ===

. count if ocupado_ok   == 1
  1,438

. count if ocupado_orig == 1
  1,438

. 
. * --- Version ORIGINAL del fragmento "descriptivos?texto" ---
. generate byte cuarenta_orig = p24 >= 40

. generate byte a_orig = .
(3,960 missing values generated)

. replace a_orig = 1 if inrange(p27, 1, 3) & p28 == 1
(419 real changes made)

. replace a_orig = . if inlist(., p27, p28)
(0 real changes made)

. replace a_orig = 0 if p27 == 4 | p25 == 9
(1,083 real changes made)

. generate byte b_orig = .
(3,960 missing values generated)

. replace b_orig = 1 if cuarenta_orig == 1
(2,891 real changes made)

. replace b_orig = 2 if cuarenta_orig == 0 & a_orig == 1
(389 real changes made)

. replace b_orig = 3 if cuarenta_orig == 0 & a_orig == 0
(676 real changes made)

. 
. * --- Version CORREGIDA ---
. * horas ya excluye el codigo 999 ("no sabe")
. generate byte cuarenta_ok = horas >= 40 if !missing(horas)
(2,454 missing values generated)

. generate byte a_ok = .
(3,960 missing values generated)

. replace a_ok = 0 if p27 == 4 | p25 == 9
(1,083 real changes made)

. replace a_ok = 1 if inrange(p27, 1, 3) & p28 == 1
(419 real changes made)

. generate byte b_ok = .
(3,960 missing values generated)

. replace b_ok = 1 if cuarenta_ok == 1
(437 real changes made)

. replace b_ok = 2 if cuarenta_ok == 0 & a_ok == 1
(389 real changes made)

. replace b_ok = 3 if cuarenta_ok == 0 & a_ok == 0
(676 real changes made)

. 
. di _n "=== ORIGINAL: b entre ocupados(orig) pobres 2025 ==="

=== ORIGINAL: b entre ocupados(orig) pobres 2025 ===

. tabulate b_orig if ocupado_orig == 1 [iw = fexp], missing

     b_orig |      Freq.     Percent        Cum.
------------+-----------------------------------
          1 | 477,587.21       33.87       33.87
          2 | 317,169.66       22.49       56.36
          3 | 614,815.76       43.60       99.95
          . |  655.38372        0.05      100.00
------------+-----------------------------------
      Total |  1,410,228      100.00

. di _n "=== CORREGIDO: b entre ocupados(ok) pobres 2025 ==="

=== CORREGIDO: b entre ocupados(ok) pobres 2025 ===

. tabulate b_ok if ocupado_ok == 1 [iw = fexp], missing

       b_ok |      Freq.     Percent        Cum.
------------+-----------------------------------
          1 | 477,587.21       33.87       33.87
          2 | 317,169.66       22.49       56.36
          3 | 614,815.76       43.60       99.95
          . |  655.38372        0.05      100.00
------------+-----------------------------------
      Total |  1,410,228      100.00

. 
. di _n "=== p24 == 999 y horas perdidas entre ocupados pobres 2025 ==="

=== p24 == 999 y horas perdidas entre ocupados pobres 2025 ===

. count if ocupado_ok == 1 & p24 == 999
  0

. count if ocupado_ok == 1 & missing(p24)
  0

. 
. *==============================================================================*
. * E. Cuantas observaciones toca cada error
. *==============================================================================*
. use `panel', clear

. di _n "=== Discrepancias ocupado_orig vs ocupado_ok, por anio ==="

=== Discrepancias ocupado_orig vs ocupado_ok, por anio ===

. generate byte discrepa = (ocupado_orig != ocupado_ok)

. tabulate anio discrepa, row nofreq

           |       discrepa
      anio |         0          1 |     Total
-----------+----------------------+----------
      2001 |     99.64       0.36 |    100.00 
      2003 |    100.00       0.00 |    100.00 
      2005 |    100.00       0.00 |    100.00 
      2007 |    100.00       0.00 |    100.00 
      2008 |    100.00       0.00 |    100.00 
      2009 |    100.00       0.00 |    100.00 
      2010 |    100.00       0.00 |    100.00 
      2011 |    100.00       0.00 |    100.00 
      2012 |    100.00       0.00 |    100.00 
      2013 |    100.00       0.00 |    100.00 
      2014 |    100.00       0.00 |    100.00 
      2015 |    100.00       0.00 |    100.00 
      2016 |    100.00       0.00 |    100.00 
      2017 |    100.00       0.00 |    100.00 
      2018 |     47.51      52.49 |    100.00 
      2019 |    100.00       0.00 |    100.00 
      2020 |    100.00       0.00 |    100.00 
      2021 |    100.00       0.00 |    100.00 
      2022 |    100.00       0.00 |    100.00 
      2023 |    100.00       0.00 |    100.00 
      2024 |    100.00       0.00 |    100.00 
      2025 |    100.00       0.00 |    100.00 
-----------+----------------------+----------
     Total |     97.92       2.08 |    100.00 

. 
. di _n "=== p24 == 999 por anio (observaciones eliminadas por drop) ==="

=== p24 == 999 por anio (observaciones eliminadas por drop) ===

. generate byte p999 = (p24 == 999)

. tabulate anio p999, row nofreq

           |         p999
      anio |         0          1 |     Total
-----------+----------------------+----------
      2001 |    100.00       0.00 |    100.00 
      2003 |    100.00       0.00 |    100.00 
      2005 |    100.00       0.00 |    100.00 
      2007 |    100.00       0.00 |    100.00 
      2008 |    100.00       0.00 |    100.00 
      2009 |    100.00       0.00 |    100.00 
      2010 |    100.00       0.00 |    100.00 
      2011 |    100.00       0.00 |    100.00 
      2012 |    100.00       0.00 |    100.00 
      2013 |    100.00       0.00 |    100.00 
      2014 |    100.00       0.00 |    100.00 
      2015 |    100.00       0.00 |    100.00 
      2016 |    100.00       0.00 |    100.00 
      2017 |    100.00       0.00 |    100.00 
      2018 |    100.00       0.00 |    100.00 
      2019 |    100.00       0.00 |    100.00 
      2020 |    100.00       0.00 |    100.00 
      2021 |    100.00       0.00 |    100.00 
      2022 |    100.00       0.00 |    100.00 
      2023 |    100.00       0.00 |    100.00 
      2024 |    100.00       0.00 |    100.00 
      2025 |    100.00       0.00 |    100.00 
-----------+----------------------+----------
     Total |    100.00       0.00 |    100.00 

. 
. di _n "=== educsup_orig vs educsup_ok, por anio ==="

=== educsup_orig vs educsup_ok, por anio ===

. generate byte dedu = (educsup_orig != educsup_ok) & !missing(educsup_ok)

. tabulate anio dedu, row nofreq

           |         dedu
      anio |         0          1 |     Total
-----------+----------------------+----------
      2001 |    100.00       0.00 |    100.00 
      2003 |     99.46       0.54 |    100.00 
      2005 |     99.52       0.48 |    100.00 
      2007 |     99.49       0.51 |    100.00 
      2008 |     99.49       0.51 |    100.00 
      2009 |     99.52       0.48 |    100.00 
      2010 |     99.49       0.51 |    100.00 
      2011 |     99.46       0.54 |    100.00 
      2012 |     99.38       0.62 |    100.00 
      2013 |     99.36       0.64 |    100.00 
      2014 |     99.29       0.71 |    100.00 
      2015 |     99.09       0.91 |    100.00 
      2016 |     98.91       1.09 |    100.00 
      2017 |     98.82       1.18 |    100.00 
      2018 |     98.77       1.23 |    100.00 
      2019 |     98.58       1.42 |    100.00 
      2020 |     98.46       1.54 |    100.00 
      2021 |     97.87       2.13 |    100.00 
      2022 |     97.67       2.33 |    100.00 
      2023 |     97.40       2.60 |    100.00 
      2024 |     97.09       2.91 |    100.00 
      2025 |     97.03       2.97 |    100.00 
-----------+----------------------+----------
     Total |     99.08       0.92 |    100.00 

. 
. *==============================================================================*
. * F. Cifras puntuales citadas en el boletin
. *==============================================================================*
. use `panel', clear

. 
. di _n "=== 2025: % de ocupados pobres SIN educacion superior (boletin: 97.8%) ==="

=== 2025: % de ocupados pobres SIN educacion superior (boletin: 97.8%) ===

. preserve

. keep if anio == 2025 & pobreza == 1 & fexp < .
(1,503,838 observations deleted)

. quietly summarize educsup_orig [iw = fexp] if ocupado_orig == 1 & educsup_orig < .

. di "  ORIGINAL  : " %6.2f 100*(1 - r(mean)) "%"
  ORIGINAL  :  97.87%

. quietly summarize educsup_ok [iw = fexp] if ocupado_ok == 1 & educsup_ok < .

. di "  CORREGIDO : " %6.2f 100*(1 - r(mean)) "%"
  CORREGIDO :  97.14%

. restore

. 
. di _n "=== 2018: cuanta poblacion contaba el codigo original como 'ocupada' ==="

=== 2018: cuanta poblacion contaba el codigo original como 'ocupada' ===

. preserve

. keep if anio == 2018 & fexp < .
(1,448,448 observations deleted)

. quietly summarize fexp if ocupado_orig == 1

. di "  ORIGINAL  : " %12.0fc r(sum) " personas (n = " r(N) ")"
  ORIGINAL  :   17,223,542 personas (n = 59350)

. quietly summarize fexp if ocupado_ok == 1

. di "  CORREGIDO : " %12.0fc r(sum) " personas (n = " r(N) ")"
  CORREGIDO :    7,731,032 personas (n = 28197)

. quietly summarize fexp

. di "  Base 2018 : " %12.0fc r(sum) " personas (n = " r(N) ")"
  Base 2018 :   17,223,542 personas (n = 59350)

. restore

. 
. di _n "=== 2018: composicion de esos 'ocupados' segun la condicion de actividad ==="

=== 2018: composicion de esos 'ocupados' segun la condicion de actividad ===

. preserve

. keep if anio == 2018
(1,448,448 observations deleted)

. label define cn_lbl 0 "Menores de 15" 1 "Empleo adecuado" 2 "Subempleo tiempo" ///
>     3 "Subempleo ingresos" 4 "Otro empleo no pleno" 5 "Empleo no remunerado" ///
>     6 "Empleo no clasificado" 7 "Desempleo abierto" 8 "Desempleo oculto" ///
>     9 "Inactivos (PEI)", replace

. label values cond_nueva cn_lbl

. tabulate cond_nueva if ocupado_orig == 1, missing

           cond_nueva |      Freq.     Percent        Cum.
----------------------+-----------------------------------
        Menores de 15 |     14,687       24.75       24.75
      Empleo adecuado |     11,748       19.79       44.54
     Subempleo tiempo |      3,762        6.34       50.88
   Subempleo ingresos |        858        1.45       52.33
 Otro empleo no pleno |      8,669       14.61       66.93
 Empleo no remunerado |      3,073        5.18       72.11
Empleo no clasificado |         87        0.15       72.26
    Desempleo abierto |        875        1.47       73.73
     Desempleo oculto |        185        0.31       74.04
      Inactivos (PEI) |     15,406       25.96      100.00
----------------------+-----------------------------------
                Total |     59,350      100.00

. restore

. 
. di _n "=== Observaciones con p24 == 999 (las que eliminaba el drop) ==="

=== Observaciones con p24 == 999 (las que eliminaba el drop) ===

. count if p24 == 999
  6

. levelsof anio, local(ys)
2001 2003 2005 2007 2008 2009 2010 2011 2012 2013 2014 2015 2016 2017 2018 2019 2020 2021 2022 2023 2024 2025

. foreach y of local ys {
  2.     quietly count if anio == `y' & p24 == 999
  3.     if r(N) > 0 di "  `y': " r(N) " casos"
  4. }
  2001: 1 casos
  2003: 3 casos
  2007: 2 casos

. 
end of do-file

OK  03_impacto.do  (   6.0 segundos)


------------------------------------------------------------------------------
>>> 04_descriptivos.do   (21:53:00)
------------------------------------------------------------------------------

. *------------------------------------------------------------------------------*
. * 04_descriptivos.do — Composicion de los ocupados en situacion de pobreza
. *------------------------------------------------------------------------------*
. * Produce las dos series que el boletin automatizado cita en el texto:
. *   composicion_horas_ocupados_pobres.xlsx  -> reparto por horas trabajadas
. *   composicion_educ_ocupados_pobres.xlsx   -> reparto por educacion superior
. *
. * Version corregida del fragmento suelto "descriptivos?texto".
. *
. * Correcciones:
. *   1. "gen cuarenta_h_mas = p24 >= 40" clasificaba como "40 horas o mas" a todo
. *      aquel con p24 perdido, porque en Stata missing >= 40 es verdadero. Sobre
. *      los ocupados no cambia nada (todos tienen horas validas), pero sobre
. *      cualquier otra poblacion infla el grupo de forma grave: entre TODOS los
. *      pobres de 2025 pasaba de 437 a 2,891 casos.
. *   2. "replace a = . if inlist(., p27, p28)" era codigo muerto (0 cambios) y
. *      ademas estaba colocado antes del "replace a = 0". Se elimina y se ordena
. *      como en adec.do: primero el 0, despues el 1.
. *   3. Se explicita la restriccion a ocupados, que antes era implicita.
. *
. * Nota: p25, p27 y p28 solo existen desde 2007, asi que el reparto por horas
. * empieza en ese anio. El reparto por educacion cubre toda la serie.
. *------------------------------------------------------------------------------*
. 
. do "00_config.do"

. *------------------------------------------------------------------------------*
. * 00_config.do — Rutas y parametros comunes (Pobreza laboral, Boletin 3)
. *------------------------------------------------------------------------------*
. * Detecta la raiz de Google Drive segun el usuario de la maquina, en lugar de
. * fijar "/Users/vero/...". Si se agrega un colaborador, basta con anadir su caso.
. *------------------------------------------------------------------------------*
. 
. clear all

. set more off

. version 15.1

. set varabbrev off

. 
. local u = c(username)

. 
. if "`u'" == "vero" {
.     global user_root "/Users/vero/Library/CloudStorage/GoogleDrive-observatorio.pobreza@flacso.edu.ec/Mi unidad"
.     global gh_root   "/Users/vero/Documents/Observatorio GH/Observatorio-Desigualdad-Pobreza"
. }

. else if "`u'" == "santiago" {
.     global user_root "/Users/santiago/Library/CloudStorage/GoogleDrive-observatorio.pobreza@flacso.edu.ec/Mi unidad"
.     global gh_root   "/Users/santiago/Documents/GitHub/Observatorio-Desigualdad-Pobreza"
. }

. else {
.     display as error "Usuario `u' no configurado en 00_config.do. Defina user_root y gh_root."
.     error 198
. }

. 
. capture confirm file "$user_root/Bases/ENEMDU/Procesadas/ingresos_pc/Nacional/ing_perca_2001_nac_precios2000.dta"

. if _rc {
.     display as error "No se encuentra la carpeta de bases en: $user_root"
.     error 601
. }

. 
. global nacional    "$user_root/Bases/ENEMDU/Procesadas/ingresos_pc/Nacional"

. global lineas_xlsx "$user_root/Bases/lineas_pobreza/lineas_de_pobreza_historica.xlsx"

. 
. * Salidas en carpeta propia: NO se sobrescriben los resultados publicados.
. global outdir   "$user_root/Boletín 3/4. Resultados/pobreza laboral/corregido"

. global paneldir "$user_root/Bases/ENEMDU/Procesadas/ingresos_pc/pobreza"

. 
. capture mkdir "$user_root/Boletín 3/4. Resultados/pobreza laboral"

. capture mkdir "$outdir"

. capture mkdir "$paneldir"

. 
. * Anios procesados: rondas de diciembre disponibles a nivel nacional.
. global anios "2001(2)2007 2008(1)2025"

. 
. display as text "Configuracion lista para usuario `u'."
Configuracion lista para usuario santiago.

. 
end of do-file

. use "$paneldir/panel_pobreza_laboral_final.dta", clear

. 
. local anio_horas 2007   // primer anio con p25/p27/p28

. 
. *--- Trabaja 40 horas o mas (horas ya trata el codigo 999 como perdido) ---*
. generate byte cuarenta_h_mas = horas >= 40 if !missing(horas)
(813,666 missing values generated)

. label variable cuarenta_h_mas "Trabaja 40 horas o mas a la semana"

. 
. *--- Desea trabajar mas horas y esta disponible (mismo criterio que adec.do) ---*
. generate byte desea_disp = .
(1,507,798 missing values generated)

. replace desea_disp = 0 if p27 == 4 | p25 == 9
(462,252 real changes made)

. replace desea_disp = 1 if inrange(p27, 1, 3) & p28 == 1
(126,397 real changes made)

. label variable desea_disp "Desea trabajar mas horas y esta disponible"

. 
. generate byte grupo_horas = .
(1,507,798 missing values generated)

. replace grupo_horas = 1 if cuarenta_h_mas == 1
(461,054 real changes made)

. replace grupo_horas = 2 if cuarenta_h_mas == 0 & desea_disp == 1
(77,532 real changes made)

. replace grupo_horas = 3 if cuarenta_h_mas == 0 & desea_disp == 0
(119,997 real changes made)

. label define grupo_horas_lbl ///
>     1 "40 horas o más" ///
>     2 "Menos de 40 horas, desea y puede trabajar más" ///
>     3 "Menos de 40 horas, no desea o no puede trabajar más", replace

. label values grupo_horas grupo_horas_lbl

. label variable grupo_horas "Composición por horas trabajadas"

. 
. *==============================================================================*
. * Reparto por horas trabajadas entre los ocupados pobres
. *==============================================================================*
. preserve

. keep if ocupado_ok == 1 & pobreza == 1 & fexp < . & !missing(grupo_horas)
(1,346,429 observations deleted)

. keep if anio >= `anio_horas'
(28,997 observations deleted)

. 
. collapse (sum) personas = fexp, by(anio grupo_horas)

. bysort anio: egen double total = total(personas)

. generate double porcentaje = 100 * personas / total

. drop total

. format personas %12.0fc

. format porcentaje %6.2f

. 
. export excel using "$outdir/composicion_horas_ocupados_pobres.xlsx", ///
>     replace firstrow(var)
file /Users/santiago/Library/CloudStorage/GoogleDrive-observatorio.pobreza@flacso.edu.ec/Mi unidad/Boletín 3/4. Resultados/pobreza laboral/corregido/composicion_horas_ocupados_pobres.xlsx saved

. 
. display as text _n "=== Reparto por horas, ocupados pobres (ultimo anio) ==="

=== Reparto por horas, ocupados pobres (ultimo anio) ===

. quietly summarize anio

. list grupo_horas personas porcentaje if anio == r(max), noobs abbreviate(20)

  +-----------------------------------------------------------------------------+
  |                                         grupo_horas   personas   porcentaje |
  |-----------------------------------------------------------------------------|
  |                                      40 horas o más    477,587        33.88 |
  |       Menos de 40 horas, desea y puede trabajar más    317,170        22.50 |
  | Menos de 40 horas, no desea o no puede trabajar más    614,816        43.62 |
  +-----------------------------------------------------------------------------+

. restore

. 
. *==============================================================================*
. * Reparto por educacion superior entre los ocupados pobres
. *==============================================================================*
. preserve

. keep if ocupado_ok == 1 & pobreza == 1 & fexp < . & !missing(educsup_ok)
(1,325,093 observations deleted)

. 
. collapse (sum) personas = fexp, by(anio educsup_ok)

. bysort anio: egen double total = total(personas)

. generate double porcentaje = 100 * personas / total

. drop total

. format personas %12.0fc

. format porcentaje %6.2f

. 
. export excel using "$outdir/composicion_educ_ocupados_pobres.xlsx", ///
>     replace firstrow(var)
file /Users/santiago/Library/CloudStorage/GoogleDrive-observatorio.pobreza@flacso.edu.ec/Mi unidad/Boletín 3/4. Resultados/pobreza laboral/corregido/composicion_educ_ocupados_pobres.xlsx saved

. 
. display as text _n "=== Reparto por educación, ocupados pobres (ultimo anio) ==="

=== Reparto por educación, ocupados pobres (ultimo anio) ===

. quietly summarize anio

. list educsup_ok personas porcentaje if anio == r(max), noobs abbreviate(24)

  +-------------------------------------------------+
  |             educsup_ok    personas   porcentaje |
  |-------------------------------------------------|
  | Sin educación superior   1,369,891        97.14 |
  | Con educación superior      40,337         2.86 |
  +-------------------------------------------------+

. restore

. 
end of do-file

OK  04_descriptivos.do  (   1.0 segundos)

. 
. *------------------------------------------------------------------------------*
. * Resumen
. *------------------------------------------------------------------------------*
. do "`codigo'/00_config.do"

. *------------------------------------------------------------------------------*
. * 00_config.do — Rutas y parametros comunes (Pobreza laboral, Boletin 3)
. *------------------------------------------------------------------------------*
. * Detecta la raiz de Google Drive segun el usuario de la maquina, en lugar de
. * fijar "/Users/vero/...". Si se agrega un colaborador, basta con anadir su caso.
. *------------------------------------------------------------------------------*
. 
. clear all

. set more off

. version 15.1

. set varabbrev off

. 
. local u = c(username)

. 
. if "`u'" == "vero" {
.     global user_root "/Users/vero/Library/CloudStorage/GoogleDrive-observatorio.pobreza@flacso.edu.ec/Mi unidad"
.     global gh_root   "/Users/vero/Documents/Observatorio GH/Observatorio-Desigualdad-Pobreza"
. }

. else if "`u'" == "santiago" {
.     global user_root "/Users/santiago/Library/CloudStorage/GoogleDrive-observatorio.pobreza@flacso.edu.ec/Mi unidad"
.     global gh_root   "/Users/santiago/Documents/GitHub/Observatorio-Desigualdad-Pobreza"
. }

. else {
.     display as error "Usuario `u' no configurado en 00_config.do. Defina user_root y gh_root."
.     error 198
. }

. 
. capture confirm file "$user_root/Bases/ENEMDU/Procesadas/ingresos_pc/Nacional/ing_perca_2001_nac_precios2000.dta"

. if _rc {
.     display as error "No se encuentra la carpeta de bases en: $user_root"
.     error 601
. }

. 
. global nacional    "$user_root/Bases/ENEMDU/Procesadas/ingresos_pc/Nacional"

. global lineas_xlsx "$user_root/Bases/lineas_pobreza/lineas_de_pobreza_historica.xlsx"

. 
. * Salidas en carpeta propia: NO se sobrescriben los resultados publicados.
. global outdir   "$user_root/Boletín 3/4. Resultados/pobreza laboral/corregido"

. global paneldir "$user_root/Bases/ENEMDU/Procesadas/ingresos_pc/pobreza"

. 
. capture mkdir "$user_root/Boletín 3/4. Resultados/pobreza laboral"

. capture mkdir "$outdir"

. capture mkdir "$paneldir"

. 
. * Anios procesados: rondas de diciembre disponibles a nivel nacional.
. global anios "2001(2)2007 2008(1)2025"

. 
. display as text "Configuracion lista para usuario `u'."
Configuracion lista para usuario santiago.

. 
end of do-file

. 
. display as text _n(2) "{hline 78}"


------------------------------------------------------------------------------

. display as text "RESUMEN"
RESUMEN

. display as text "{hline 78}"
------------------------------------------------------------------------------

. display as text "Etapas completadas:`corridas'"
Etapas completadas: 01_panel 05_validacion 02_indicadores 03_impacto 04_descriptivos

. 
. if "`fallidas'" != "" {
.     display as error "Etapas con error:`fallidas'"
. }

. else {
.     display as result "Todas las etapas solicitadas terminaron sin errores."
Todas las etapas solicitadas terminaron sin errores.
.     display as text _n "Salidas:"

Salidas:
.     display as text "  Series y graficos : $outdir"
  Series y graficos : /Users/santiago/Library/CloudStorage/GoogleDrive-observatorio.pobreza@flacso.edu.ec/Mi unidad/Boletín 3/4. Resultados/pobreza laboral/corregido
.     display as text "  Tablas de impacto : $outdir/impacto_*.xlsx"
  Tablas de impacto : /Users/santiago/Library/CloudStorage/GoogleDrive-observatorio.pobreza@flacso.edu.ec/Mi unidad/Boletín 3/4. Resultados/pobreza laboral/corregido/impacto_*.xlsx
.     display as text "  Panel armonizado  : $paneldir"
  Panel armonizado  : /Users/santiago/Library/CloudStorage/GoogleDrive-observatorio.pobreza@flacso.edu.ec/Mi unidad/Bases/ENEMDU/Procesadas/ingresos_pc/pobreza
.     display as text _n "Los archivos publicados en" _n ///
>                     "  $user_root/Boletín 3/4. Resultados/pobreza laboral" _n ///
>                     "no se modifican: todo se escribe en la subcarpeta 'corregido'."

Los archivos publicados en
  /Users/santiago/Library/CloudStorage/GoogleDrive-observatorio.pobreza@flacso.edu.ec/Mi unidad/Boletín 3/4. Resultados/pobreza laboral
no se modifican: todo se escribe en la subcarpeta 'corregido'.
. }

. 
. display as text _n "Fin: `c(current_date)' `c(current_time)'"

Fin: 16 Sep 2026 21:53:01

. display as text "{hline 78}"
------------------------------------------------------------------------------

. 
. capture log close runall

. 
. * Se propaga el fallo a quien invoque este master (master_boletin3.do, el
. * generador del boletin o "stata -b"). Sin esto, las etapas internas quedan
. * capturadas y el llamador creeria que todo salio bien.
. if "`fallidas'" != "" exit 1

. 
end of do-file

OK  run_all.do  (  31.0 segundos)


------------------------------------------------------------------------------
>>> [homicidios] graficos_homicidios_nna.do   (21:53:01)
------------------------------------------------------------------------------

. clear all

. set more off

. 
. * =============================================================================
. * Gráfico: Tasa de homicidios de NNA por cada 100.000, por etnia en Ecuador
. * Fuente: Ministerio del Interior (datos abiertos), INEC (proyecciones)
. * =============================================================================
. 
. * Rutas segun el usuario de la maquina, en lugar de una ruta fija.
. local u = c(username)

. if "`u'" == "vero" {
.     global root "/Users/vero/Documents/Observatorio GH/Observatorio-Desigualdad-Pobreza/Boletín 3/3. homicidios_nna"
.     global out  "/Users/vero/Library/CloudStorage/GoogleDrive-observatorio.pobreza@flacso.edu.ec/Mi unidad/Boletín 3/4. Resultados/homicidios infantiles"
. }

. else if "`u'" == "santiago" {
.     global root "/Users/santiago/Documents/GitHub/Observatorio-Desigualdad-Pobreza/Boletín 3/3. homicidios_nna"
.     global out  "/Users/santiago/Library/CloudStorage/GoogleDrive-observatorio.pobreza@flacso.edu.ec/Mi unidad/Boletín 3/4. Resultados/homicidios infantiles"
. }

. else {
.     display as error "Usuario `u' no configurado: defina los globals root y out."
.     error 198
. }

. 
. cap mkdir "$out"

. 
. * Los .csv de insumo no estan versionados en el repositorio. Si faltan, se avisa
. * con el nombre exacto del archivo en lugar de fallar con un r(601) opaco.
. foreach f in datos_homicidios_nna datos_homicidios_jovenes {
  2.     capture confirm file "$root/`f'.csv"
  3.     if _rc {
  4.         display as error "Falta el archivo de datos: $root/`f'.csv"
  5.         display as error "Sin el, no se pueden regenerar los graficos de homicidios."
  6.         error 601
  7.     }
  8. }
Falta el archivo de datos: /Users/santiago/Documents/GitHub/Observatorio-Desigualdad-Pobreza/Boletín 3/3. homicidios_nna/datos_homicidios_nna.csv
Sin el, no se pueden regenerar los graficos de homicidios.
file not found
r(601);

end of do-file

[opcional] graficos_homicidios_nna.do fallo con r(601). Se continua.

. 
. *------------------------------------------------------------------------------*
. * Generacion del Word
. *------------------------------------------------------------------------------*
. local rc_word 0

. 
. if `hacer_word' {
. 
.     display as text _n(2) "{hline 78}"


------------------------------------------------------------------------------
.     display as text ">>> [word] generar_boletin.py   (`c(current_time)')"
>>> [word] generar_boletin.py   (21:53:01)
.     display as text "{hline 78}"
------------------------------------------------------------------------------
. 
.     local python "`generador'/.venv/bin/python"
. 
.     capture confirm file "`python'"
.     if _rc {
.         display as error "No existe el entorno de Python del generador."
.         display as error "Creelo una sola vez con:"
.         display as error `"    cd "`generador'""'
.         display as error "    python3 -m venv .venv"
.         display as error "    .venv/bin/pip install -r requirements.txt"
.         local rc_word 1
.         local fallidas "`fallidas' generar_boletin.py"
.     }
.     else {
.         tempfile salida_py codigo_py
.         * Se redirige a un archivo y despues se vuelca al log, para que la salida
.         * de Python quede registrada tambien en modo batch.
.         * No se usa "echo $?" porque Stata expandiria el $ como macro global:
.         * se escribe OK o FALLO segun el exito del comando.
.         shell cd "`generador'" && "`python'" generar_boletin.py > "`salida_py'" 2>&1 && echo OK > "`codigo_py'" || echo FALLO > "`codigo_py'"

. 
.         capture noisily type "`salida_py'"
Leyendo resultados de: /Users/santiago/Library/CloudStorage/GoogleDrive-observatorio.pobreza@flacso.edu.ec/Mi unidad/Boletín 3/4. Resultados/informalidad
  33 series cargadas.

Documento generado: /Users/santiago/Library/CloudStorage/GoogleDrive-observatorio.pobreza@flacso.edu.ec/Mi unidad/Boletín 3/5. Redacción/Boletin_3_automatizado.docx
Cifras usadas en el texto: /Users/santiago/Library/CloudStorage/GoogleDrive-observatorio.pobreza@flacso.edu.ec/Mi unidad/Boletín 3/5. Redacción/Boletin_3_automatizado_indicadores.json
. 
.         local rc_word 1
.         capture {
. 
.         if `rc_word' {
.             display as error _n "!!! generar_boletin.py fallo con codigo `rc_word'."
.             local fallidas "`fallidas' generar_boletin.py"
.         }
.         else {
.             display as result _n "OK  generar_boletin.py"

OK  generar_boletin.py
.             local ok_lista "`ok_lista' generar_boletin.py"
.         }
.     }
. }

. 
. *------------------------------------------------------------------------------*
. * Resumen
. *------------------------------------------------------------------------------*
. display as text _n(2) "{hline 78}"


------------------------------------------------------------------------------

. display as text "RESUMEN"
RESUMEN

. display as text "{hline 78}"
------------------------------------------------------------------------------

. display as text "Completados:`ok_lista'"
Completados: armonizacion_institucion_formal.do familiar_no_remunerado.do iess_issfa_isspol.do adec.do diseno_muestral.do armonizacion_educacion.do armonizacion_etnia.do armonizacion_pea.do master_rama.do merge_informal.
> do analisis_descriptivo.do run_all.do generar_boletin.py

. 
. if "`fallidas'" != "" {
.     display as error "Con error: `fallidas'"
Con error:  graficos_homicidios_nna.do(opcional)
.     display as text _n "El detalle del error esta en esta misma bitacora:"

El detalle del error esta en esta misma bitacora:
.     display as text "  `b3'/logs/master_boletin3_`marca'.log"
  /Users/santiago/Documents/GitHub/Observatorio-Desigualdad-Pobreza/Boletín 3/logs/master_boletin3_16Sep2026_2147.log
. }

. else {
.     display as result "Todas las etapas solicitadas terminaron sin errores."
. }

. 
. display as text _n "Salidas:"

Salidas:

. display as text "  Graficos 1-8, Tablas  : 4. Resultados/informalidad"
  Graficos 1-8, Tablas  : 4. Resultados/informalidad

. display as text "  Graficos 9-11, series : 4. Resultados/pobreza laboral/corregido"
  Graficos 9-11, series : 4. Resultados/pobreza laboral/corregido

. display as text "  Documento             : 5. Redacción/Boletin_3_automatizado.docx"
  Documento             : 5. Redacción/Boletin_3_automatizado.docx

. 
. display as text _n "Fin: `c(current_date)' `c(current_time)'"

Fin: 16 Sep 2026 21:53:02

. display as text "{hline 78}"
------------------------------------------------------------------------------

. 
. capture log close master3

. 
end of do-file
